product_id,category,price,base_price,region,priority,status,amount,user_id
1,Clothing,14.75,14.75,South,High,Completed,53.72,2424
2,Sports,25.57,25.57,South,Low,Completed,80.73,9928
3,Sports,118.02,118.02,North,High,Returned,263.07,6514
4,Clothing,27.62,27.62,East,Low,Cancelled,115.73,9785
5,Clothing,194.89,194.89,Central,Medium,Cancelled,628.5,1750
6,Furniture,2341.9,2341.9,South,High,Returned,4607.66,6977
7,Grocery,38.28,38.28,East,Low,Completed,128.56,5010
8,Grocery,47.3,47.3,Central,High,Cancelled,205.28,4752
9,Electronics,1619.84,1619.84,North,High,Cancelled,2742.44,8517
10,Grocery,27.96,27.96,Central,Low,Cancelled,110.09,7543
11,Books,17.06,17.06,Central,Medium,Completed,67.8,3504
12,Grocery,79.62,79.62,North,Medium,Returned,262.96,5119
13,Electronics,1376.55,1376.55,Central,Medium,Cancelled,1746.18,8433
14,Electronics,1909.94,1909.94,East,Low,Pending,5600.45,5889
15,Furniture,543.23,543.23,Central,Low,Completed,1801.12,2832
16,Books,53.33,53.33,East,High,Completed,96.62,2290
17,Clothing,149.06,149.06,Central,High,Pending,532.29,3705
18,Toys,81.51,81.51,South,Low,Pending,309.28,7118
19,Beauty,135.44,135.44,South,High,Completed,300.67,4770
20,Furniture,120.85,120.85,North,High,Completed,556.24,2160
21,Furniture,907.58,907.58,Central,High,Returned,1652.33,7669
22,Furniture,373.54,373.54,East,Medium,Returned,1031.53,2612
23,Electronics,835.11,835.11,North,High,Pending,1335.24,7912
24,Grocery,29.3,29.3,North,Medium,Completed,29.67,1241
25,Clothing,186.01,186.01,South,Medium,Returned,524.87,1960
26,Grocery,39.14,39.14,East,Medium,Cancelled,100.85,8973
27,Grocery,20.61,20.61,North,Low,Completed,81.23,8811
28,Grocery,7.57,7.57,South,High,Completed,27.52,2964
29,Furniture,1778.87,1778.87,North,Medium,Cancelled,8406.52,6147
30,Furniture,870.28,870.28,East,Medium,Cancelled,4091.95,1152
31,Beauty,95.07,95.07,North,High,Pending,278.05,6718
32,Clothing,177.06,177.06,South,Medium,Cancelled,596.52,9666
33,Electronics,1352.33,1352.33,North,High,Cancelled,1737.47,3546
34,Toys,45.85,45.85,East,High,Cancelled,134.01,1832
35,Clothing,130.51,130.51,North,High,Cancelled,527.09,5291
36,Grocery,74.64,74.64,West,Low,Completed,94.78,3442
37,Electronics,1677.46,1677.46,South,Medium,Pending,1636.67,1653
38,Books,16.55,16.55,North,Medium,Returned,80.93,4878
39,Grocery,97.67,97.67,West,High,Pending,380.29,7745
40,Furniture,873.74,873.74,North,Medium,Completed,3849.78,8541
41,Books,21.79,21.79,South,High,Completed,77.84,5564
42,Clothing,193.71,193.71,Central,Medium,Cancelled,919.11,5279
43,Grocery,58.9,58.9,North,High,Returned,132.64,8149
44,Clothing,83.19,83.19,East,High,Returned,67.14,9821
45,Furniture,1156.24,1156.24,East,Low,Cancelled,4146.54,5920
46,Toys,101.7,101.7,East,Low,Pending,163.3,7211
47,Grocery,62.32,62.32,Central,High,Cancelled,124.95,6279
48,Beauty,69.06,69.06,Central,Medium,Pending,246.35,6491
49,Clothing,165.5,165.5,East,High,Pending,234.83,
50,Beauty,93.63,93.63,West,Medium,Pending,357.39,7547
51,Furniture,527.96,527.96,North,Medium,Pending,812.38,9486
52,Beauty,12.28,12.28,North,Medium,Pending,51.16,6198
53,Beauty,93.83,93.83,Central,Medium,Returned,428.64,8777
54,Beauty,42.58,42.58,East,Low,Returned,146.15,2269
55,Toys,39.0,39.0,Central,High,Pending,55.91,3503
56,Furniture,286.26,286.26,Central,Medium,Returned,303.87,7381
57,Electronics,1720.63,1720.63,West,Medium,Completed,8189.36,7389
58,Sports,273.73,273.73,Central,High,Returned,471.25,1475
59,Sports,174.7,174.7,West,Low,Pending,756.47,9751
60,Electronics,1818.51,1818.51,North,High,Returned,2491.25,1823
61,Toys,59.97,59.97,East,Medium,Returned,118.06,7906
62,Toys,126.06,126.06,Central,High,Cancelled,219.56,1659
63,Electronics,1901.74,1901.74,North,Low,Pending,3426.72,2874
64,Furniture,1448.6,1448.6,East,High,Completed,5891.06,6096
65,Clothing,119.95,119.95,Central,Low,Returned,295.79,2245
66,Furniture,395.51,395.51,Central,High,Completed,893.16,7071
67,Clothing,106.13,106.13,West,Medium,Completed,278.15,8532
68,Grocery,44.68,44.68,East,Low,Returned,122.98,5397
69,Books,51.84,51.84,North,Medium,Returned,94.57,7209
70,Books,6.58,6.58,South,Medium,Pending,15.07,5581
71,Toys,85.59,85.59,South,High,Pending,327.32,4937
72,Beauty,98.66,98.66,North,High,Cancelled,170.75,6016
73,Books,31.03,31.03,West,Low,Cancelled,70.67,6023
74,Toys,38.43,38.43,East,High,Pending,61.66,5530
75,Toys,147.17,147.17,East,High,Cancelled,228.65,
76,Grocery,28.88,28.88,Central,Medium,Pending,100.48,2680
77,Electronics,1169.43,1169.43,West,Medium,Pending,5677.69,8827
78,Clothing,166.2,166.2,North,Low,Completed,238.87,5978
79,Clothing,198.84,198.84,West,Low,Pending,806.88,8253
80,Toys,129.72,129.72,East,Low,Completed,435.92,4404
81,Furniture,867.47,867.47,South,High,Completed,1264.28,8699
82,Toys,9.73,9.73,East,Low,Returned,10.69,5334
83,Furniture,1332.9,1332.9,South,Medium,Pending,1466.09,6039
84,Toys,68.68,68.68,East,Low,Returned,326.86,9090
85,Beauty,16.66,16.66,West,Low,Cancelled,55.57,
86,Furniture,2889.54,2889.54,Central,Low,Completed,14442.51,5415
87,Electronics,1538.06,1538.06,Central,Low,Returned,7148.14,8141
88,Beauty,145.51,145.51,West,Medium,Cancelled,525.95,6403
89,Sports,349.9,349.9,West,Low,Completed,948.32,6296
90,Clothing,194.34,194.34,Central,High,Returned,492.78,6927
91,Beauty,95.68,95.68,South,Medium,Pending,449.33,8941
92,Clothing,15.49,15.49,South,Low,Pending,32.61,
93,Sports,55.67,55.67,North,Medium,Completed,195.98,5781
94,Toys,65.25,65.25,West,High,Returned,203.27,9327
95,Grocery,86.67,86.67,West,Medium,Cancelled,368.03,5891
96,Beauty,130.46,130.46,West,Medium,Cancelled,406.78,8460
97,Books,52.83,52.83,South,Low,Returned,94.09,1715
98,Books,45.96,45.96,West,Medium,Pending,132.38,
99,Books,52.83,52.83,West,High,Returned,45.67,3529
100,Clothing,99.2,99.2,East,Low,Returned,350.11,9742
101,Sports,477.53,477.53,West,Low,Completed,1620.42,5708
102,Furniture,2265.62,2265.62,North,Low,Completed,6034.37,1474
103,Electronics,682.53,682.53,East,Medium,Returned,963.32,3950
104,Grocery,19.16,19.16,West,Low,Pending,55.38,4804
105,Beauty,97.5,97.5,North,Medium,Cancelled,355.48,8237
106,Books,59.32,59.32,West,Low,Cancelled,161.27,7302
107,Beauty,20.46,20.46,East,Low,Cancelled,101.67,7484
108,Toys,6.17,6.17,North,Low,Returned,26.52,4770
109,Books,17.05,17.05,East,Low,Pending,58.63,1645
110,Toys,119.35,119.35,East,Low,Pending,140.66,7807
111,Grocery,21.68,21.68,East,Low,Cancelled,92.96,8894
112,Toys,113.25,113.25,North,Medium,Completed,157.55,7511
113,Books,9.97,9.97,East,Low,Completed,27.02,5295
114,Sports,412.98,412.98,North,Low,Pending,1148.17,6374
115,Furniture,1978.19,1978.19,West,Low,Cancelled,6976.69,1742
116,Electronics,643.51,643.51,North,High,Pending,1565.22,9850
117,Sports,297.8,297.8,West,Low,Completed,1280.99,5583
118,Electronics,1396.05,1396.05,West,High,Cancelled,1699.4,9920
119,Books,8.33,8.33,North,Medium,Completed,29.85,1349
120,Electronics,1584.25,1584.25,South,Low,Pending,1723.92,4394
121,Furniture,2457.85,2457.85,South,Low,Completed,4828.58,3129
122,Toys,120.78,120.78,North,High,Completed,278.35,6304
123,Electronics,389.78,389.78,West,Low,Completed,1532.53,6931
124,Clothing,95.88,95.88,Central,High,Cancelled,261.16,1996
125,Beauty,127.86,127.86,North,Medium,Returned,141.75,3430
126,Clothing,33.98,33.98,Central,Low,Cancelled,81.55,5831
127,Beauty,78.3,78.3,North,Low,Pending,204.07,7779
128,Books,50.51,50.51,North,Medium,Returned,106.71,3500
129,Beauty,14.73,14.73,North,Medium,Completed,57.85,3131
130,Electronics,1193.61,1193.61,East,Low,Completed,3014.34,7929
131,Electronics,1938.38,1938.38,East,High,Pending,2810.39,2773
132,Books,51.5,51.5,East,Low,Pending,215.8,1430
133,Toys,9.2,9.2,East,Medium,Cancelled,7.6,7566
134,Clothing,36.96,36.96,North,High,Pending,87.97,3578
135,Books,22.14,22.14,Central,Low,Completed,99.85,1815
136,Clothing,61.7,61.7,West,Low,Returned,156.69,9394
137,Clothing,75.58,75.58,Central,Medium,Cancelled,74.88,1897
138,Electronics,448.63,448.63,South,Medium,Cancelled,977.17,
139,Sports,96.09,96.09,South,Low,Cancelled,105.96,1693
140,Sports,19.18,19.18,East,Low,Returned,61.53,7843
141,Toys,,21.7,East,High,Returned,93.19,2443
142,Sports,423.8,423.8,Central,Medium,Completed,1043.49,6562
143,Furniture,1065.9,1065.9,Central,Low,Completed,3228.12,6724
144,Books,45.01,45.01,South,High,Completed,63.69,3504
145,Clothing,43.66,43.66,West,Medium,Returned,159.83,6295
146,Books,13.3,13.3,West,Low,Cancelled,55.12,6766
147,Clothing,68.98,68.98,North,Medium,Cancelled,77.41,2479
148,Sports,236.73,236.73,North,Medium,Pending,509.07,3471
149,Electronics,928.52,928.52,East,Low,Completed,2710.45,5059
150,Beauty,148.69,148.69,Central,High,Cancelled,351.8,7697
151,Books,42.34,42.34,East,High,Cancelled,50.68,5655
152,Toys,109.94,109.94,Central,High,Cancelled,125.59,6731
153,Toys,145.32,145.32,West,High,Completed,305.21,6381
154,Grocery,67.67,67.67,Central,High,Returned,198.66,
155,Toys,31.14,31.14,West,High,Pending,155.7,5846
156,Clothing,106.46,106.46,Central,High,Cancelled,477.03,7172
157,Grocery,17.9,17.9,Central,High,Returned,17.6,4891
158,Beauty,93.54,93.54,West,High,Pending,196.41,8684
159,Furniture,1166.74,1166.74,West,Medium,Cancelled,4746.44,7859
160,Grocery,82.06,82.06,South,Medium,Completed,286.63,2680
161,Clothing,64.16,64.16,East,Medium,Pending,275.27,4637
162,Beauty,133.27,133.27,West,High,Returned,387.61,2337
163,Books,17.35,17.35,North,Low,Cancelled,71.55,5700
164,Beauty,105.93,105.93,West,Medium,Completed,487.77,
165,Furniture,2521.39,2521.39,Central,Low,Returned,3194.56,5934
166,Clothing,19.07,19.07,Central,Medium,Completed,24.14,9782
167,Electronics,1282.31,1282.31,South,Medium,Returned,1034.27,7825
168,Grocery,67.11,67.11,East,High,Completed,163.74,7338
169,Books,,18.95,North,Medium,Pending,73.49,6447
170,Grocery,6.34,6.34,South,Low,Returned,31.19,3986
171,Grocery,8.18,8.18,West,High,Cancelled,13.47,1686
172,Books,56.34,56.34,Central,Medium,Cancelled,53.74,5687
173,Books,52.42,52.42,East,Medium,Completed,217.92,7553
174,Beauty,134.72,134.72,South,Medium,Returned,315.63,5369
175,Clothing,148.15,148.15,Central,High,Cancelled,318.39,5843
176,Toys,69.66,69.66,South,Low,Returned,158.58,
177,Books,38.82,38.82,North,High,Returned,90.29,3621
178,Electronics,328.42,328.42,West,High,Pending,355.48,7001
179,Books,26.06,26.06,Central,High,Returned,124.7,2259
180,Grocery,53.89,53.89,East,High,Completed,48.98,9482
181,Sports,457.64,457.64,East,Low,Returned,778.54,9047
182,Furniture,455.65,455.65,West,High,Returned,2273.01,6236
183,Books,44.02,44.02,East,Medium,Pending,166.82,3852
184,Books,32.98,32.98,South,High,Pending,135.86,
185,Books,30.71,30.71,South,Low,Completed,33.05,8842
186,Sports,386.89,386.89,North,High,Cancelled,1353.27,9476
187,Books,12.06,12.06,Central,Low,Pending,48.54,9238
188,Electronics,1671.21,1671.21,East,High,Pending,3601.75,6669
189,Toys,127.66,127.66,Central,Medium,Pending,437.25,2530
190,Grocery,60.0,60.0,South,Low,Cancelled,260.32,1464
191,Clothing,18.64,18.64,Central,Medium,Pending,74.96,1496
192,Beauty,133.9,133.9,East,Medium,Pending,559.66,5873
193,Beauty,15.58,15.58,West,Medium,Returned,42.86,3353
194,Books,52.38,52.38,East,Medium,Pending,209.25,2739
195,Books,18.3,18.3,West,High,Pending,22.08,7293
196,Sports,131.65,131.65,South,Medium,Cancelled,210.28,9433
197,Beauty,77.32,77.32,North,High,Returned,226.0,4524
198,Books,7.68,7.68,Central,Low,Returned,15.36,
199,Clothing,91.88,91.88,East,Medium,Cancelled,90.96,4189
200,Books,35.43,35.43,Central,Medium,Cancelled,151.16,2946
201,Grocery,97.56,97.56,East,Low,Cancelled,387.4,9341
202,Sports,255.04,255.04,South,Low,Cancelled,1065.21,3440
203,Grocery,34.14,34.14,South,Medium,Cancelled,112.44,9351
204,Beauty,107.77,107.77,North,Medium,Cancelled,391.2,6040
205,Electronics,1213.97,1213.97,Central,Low,Pending,4649.36,3793
206,Sports,82.41,82.41,North,Low,Completed,131.96,7861
207,Grocery,42.47,42.47,Central,Low,Returned,189.66,2020
208,Grocery,52.83,52.83,West,Low,Returned,111.88,9734
209,Books,35.05,35.05,East,Low,Returned,56.34,5890
210,Furniture,2830.31,2830.31,East,Low,Pending,10469.34,8861
211,Books,35.83,35.83,East,Medium,Completed,114.96,7464
212,Books,57.5,57.5,East,High,Cancelled,276.71,8247
213,Toys,113.36,113.36,Central,Medium,Cancelled,156.05,4920
214,Furniture,247.22,247.22,South,Low,Pending,252.28,8739
215,Clothing,139.43,139.43,Central,High,Returned,493.88,8793
216,Beauty,99.33,99.33,East,Medium,Cancelled,348.92,2465
217,Furniture,1651.94,1651.94,North,High,Returned,7442.7,1595
218,Sports,396.1,396.1,East,High,Completed,813.29,6489
219,Toys,70.88,70.88,Central,Medium,Pending,310.06,4159
220,Clothing,72.83,72.83,East,Low,Pending,62.57,5833
221,Furniture,608.94,608.94,West,Medium,Cancelled,708.99,4027
222,Grocery,48.79,48.79,North,Medium,Returned,87.29,6400
223,Toys,89.46,89.46,East,Low,Cancelled,331.86,2936
224,Beauty,49.49,49.49,Central,Low,Cancelled,183.07,5833
225,Books,38.8,38.8,South,Medium,Pending,105.18,7121
226,Sports,353.95,353.95,Central,Low,Pending,1415.73,2341
227,Beauty,81.59,81.59,Central,High,Completed,349.27,4312
228,Grocery,18.12,18.12,West,High,Pending,69.06,9361
229,Beauty,122.26,122.26,Central,Medium,Returned,387.37,6049
230,Electronics,822.1,822.1,South,Low,Completed,814.06,2044
231,Electronics,1872.44,1872.44,West,High,Cancelled,4713.38,7887
232,Books,59.61,59.61,West,Medium,Completed,218.62,9835
233,Grocery,66.05,66.05,South,Low,Returned,199.55,4648
234,Electronics,1524.55,1524.55,West,Low,Returned,4625.67,5055
235,Beauty,55.19,55.19,North,High,Returned,186.69,1256
236,Furniture,697.64,697.64,North,Medium,Completed,1275.2,
237,Beauty,38.98,38.98,North,High,Cancelled,69.52,6224
238,Books,18.03,18.03,Central,High,Returned,37.18,3869
239,Sports,282.37,282.37,East,Low,Returned,1157.82,7821
240,Sports,83.12,83.12,Central,Medium,Pending,363.0,3365
241,Beauty,137.64,137.64,West,Low,Pending,334.65,6411
242,Clothing,185.22,185.22,North,Low,Pending,188.27,1647
243,Clothing,45.75,45.75,Central,High,Returned,76.74,5967
244,Electronics,463.03,463.03,North,Low,Returned,2148.76,4350
245,Sports,458.41,458.41,East,Medium,Returned,1394.18,5285
246,Books,33.2,33.2,North,Low,Returned,132.76,4328
247,Books,22.21,22.21,South,Low,Pending,19.28,7841
248,Toys,27.1,27.1,West,Low,Pending,78.51,6530
249,Toys,115.69,115.69,West,Medium,Pending,448.6,3293
250,Beauty,31.69,31.69,North,Low,Completed,137.03,1794
251,Electronics,854.16,854.16,South,High,Pending,716.12,7114
252,Electronics,1254.78,1254.78,Central,Medium,Returned,1086.73,7739
253,Electronics,82.62,82.62,Central,Medium,Completed,240.37,8054
254,Grocery,12.49,12.49,South,High,Pending,42.5,6807
255,Toys,120.27,120.27,West,Medium,Pending,596.42,2320
256,Electronics,232.33,232.33,Central,Medium,Completed,807.19,2354
257,Beauty,127.57,127.57,East,Low,Completed,581.48,4764
258,Furniture,2713.69,2713.69,Central,Medium,Cancelled,2701.64,5593
259,Electronics,399.74,399.74,North,High,Pending,1582.76,7525
260,Clothing,66.86,66.86,Central,Medium,Cancelled,161.28,2284
261,Books,7.95,7.95,North,Medium,Returned,38.71,5478
262,Beauty,76.14,76.14,West,Medium,Pending,278.27,2404
263,Toys,120.72,120.72,North,Medium,Pending,289.25,3527
264,Sports,165.17,165.17,North,Medium,Returned,381.82,3170
265,Clothing,45.6,45.6,Central,Low,Returned,56.26,2524
266,Books,,52.5,West,Medium,Completed,201.83,4977
267,Grocery,69.16,69.16,East,Medium,Cancelled,198.57,8121
268,Toys,66.06,66.06,North,Medium,Cancelled,314.82,9123
269,Furniture,1427.8,1427.8,North,Medium,Cancelled,6189.19,6399
270,Beauty,53.54,53.54,Central,High,Cancelled,114.94,4290
271,Beauty,50.56,50.56,East,Medium,Returned,245.95,6339
272,Sports,147.35,147.35,East,High,Pending,484.39,1440
273,Beauty,141.73,141.73,East,Low,Completed,600.89,7703
274,Beauty,25.18,25.18,East,Low,Pending,95.78,2211
275,Beauty,148.65,148.65,West,Low,Returned,458.33,6890
276,Clothing,30.78,30.78,East,High,Completed,97.43,7547
277,Books,58.11,58.11,North,High,Cancelled,100.67,4621
278,Beauty,59.25,59.25,Central,Low,Pending,133.25,
279,Clothing,66.13,66.13,North,High,Pending,149.65,4389
280,Beauty,55.5,55.5,West,Medium,Completed,114.39,2885
281,Electronics,1705.9,1705.9,South,Low,Pending,5061.7,6422
282,Sports,479.65,479.65,West,Low,Pending,759.2,7481
283,Electronics,1487.91,1487.91,West,Low,Returned,3620.25,4371
284,Toys,114.09,114.09,North,Low,Completed,474.38,6993
285,Books,15.84,15.84,West,Low,Cancelled,52.39,2871
286,Books,24.36,24.36,South,Low,Cancelled,113.48,3194
287,Books,11.48,11.48,South,Medium,Pending,33.81,3258
288,Sports,217.29,217.29,Central,Low,Pending,680.26,3298
289,Grocery,32.83,32.83,North,Medium,Completed,93.08,7290
290,Beauty,64.32,64.32,West,Medium,Pending,73.79,
291,Furniture,947.06,947.06,Central,Medium,Pending,3863.16,9115
292,Clothing,118.82,118.82,Central,Medium,Completed,474.33,4580
293,Sports,60.18,60.18,South,Medium,Completed,161.82,2425
294,Beauty,130.47,130.47,South,High,Cancelled,576.21,8015
295,Grocery,62.38,62.38,South,High,Cancelled,189.36,3758
296,Books,58.85,58.85,Central,Medium,Completed,80.59,7743
297,Electronics,1985.35,1985.35,South,Low,Pending,3670.21,5055
298,Sports,249.83,249.83,East,Low,Returned,593.53,2525
299,Sports,262.65,262.65,East,Medium,Returned,571.16,
300,Clothing,148.88,148.88,East,High,Returned,255.31,4470
301,Beauty,43.94,43.94,East,Low,Pending,139.63,6631
302,Electronics,139.59,139.59,West,High,Completed,656.58,8479
303,Electronics,1984.08,1984.08,South,Low,Cancelled,2912.04,5489
304,Clothing,134.37,134.37,East,Low,Pending,136.72,4836
305,Sports,331.19,331.19,North,High,Returned,373.36,9510
306,Beauty,6.35,6.35,North,Medium,Pending,17.82,2463
307,Clothing,29.61,29.61,East,High,Returned,119.88,3181
308,Grocery,8.7,8.7,Central,Low,Pending,23.04,3480
309,Sports,311.88,311.88,South,High,Completed,432.91,7291
310,Books,57.98,57.98,South,High,Cancelled,203.36,5668
311,Electronics,1703.39,1703.39,East,High,Pending,6712.96,1894
312,Furniture,1535.17,1535.17,West,Low,Completed,4634.38,6916
313,Books,12.26,12.26,Central,Medium,Cancelled,37.94,8717
314,Clothing,13.17,13.17,East,High,Completed,61.57,7520
315,Toys,96.14,96.14,West,Medium,Returned,110.2,3501
316,Toys,17.12,17.12,South,High,Cancelled,41.79,2083
317,Toys,106.31,106.31,South,High,Pending,123.54,8428
318,Electronics,653.12,653.12,South,High,Completed,2464.34,3684
319,Beauty,143.19,143.19,East,High,Cancelled,190.89,5403
320,Clothing,,156.57,West,Medium,Completed,298.17,2262
321,Beauty,71.0,71.0,West,Low,Pending,166.44,2685
322,Clothing,53.4,53.4,North,High,Pending,53.03,3458
323,Grocery,93.25,93.25,Central,Low,Returned,162.53,6241
324,Toys,124.77,124.77,North,Low,Completed,193.8,1752
325,Sports,43.77,43.77,East,Medium,Cancelled,50.9,7044
326,Furniture,945.63,945.63,Central,High,Returned,2219.16,4201
327,Furniture,536.64,536.64,North,High,Cancelled,1862.65,1157
328,Books,5.08,5.08,East,High,Pending,15.37,9061
329,Electronics,1946.49,1946.49,East,High,Completed,9088.85,9515
330,Sports,353.41,353.41,North,Low,Completed,1032.95,7461
331,Clothing,122.46,122.46,South,High,Cancelled,232.2,7438
332,Books,22.49,22.49,North,High,Pending,91.66,3546
333,Clothing,41.23,41.23,West,High,Cancelled,200.03,6051
334,Beauty,43.43,43.43,South,Low,Cancelled,185.48,1660
335,Furniture,2524.18,2524.18,North,Low,Pending,12285.89,1802
336,Toys,42.72,42.72,North,Medium,Returned,133.93,2551
337,Beauty,19.78,19.78,North,High,Completed,84.81,3141
338,Furniture,2488.65,2488.65,North,Low,Cancelled,11580.19,2056
339,Furniture,2717.24,2717.24,South,High,Cancelled,3572.13,1829
340,Grocery,92.56,92.56,West,Medium,Completed,222.83,6799
341,Furniture,2734.08,2734.08,West,High,Completed,9239.13,5835
342,Beauty,64.74,64.74,North,High,Cancelled,155.94,9614
343,Furniture,1929.19,1929.19,North,Medium,Cancelled,5430.04,6636
344,Books,26.36,26.36,East,Low,Pending,24.33,5602
345,Electronics,1626.88,1626.88,East,Low,Pending,7956.61,4951
346,Toys,82.38,82.38,North,High,Returned,188.66,3846
347,Grocery,25.18,25.18,East,Low,Completed,94.54,3328
348,Furniture,2526.42,2526.42,West,Low,Cancelled,3883.96,
349,Electronics,503.62,503.62,Central,Medium,Completed,1104.58,3137
350,Books,44.43,44.43,East,High,Completed,63.11,3320
351,Clothing,170.83,170.83,North,Medium,Returned,557.12,6285
352,Grocery,97.63,97.63,West,Low,Returned,344.3,6846
353,Furniture,2030.04,2030.04,West,Medium,Cancelled,2709.83,7415
354,Electronics,405.06,405.06,Central,High,Completed,1917.59,2274
355,Furniture,1105.75,1105.75,North,Low,Cancelled,2958.82,5088
356,Clothing,76.59,76.59,North,High,Returned,202.24,3725
357,Sports,251.61,251.61,Central,Medium,Completed,1077.14,4695
358,Grocery,46.23,46.23,North,Medium,Completed,98.87,2215
359,Books,14.36,14.36,North,Low,Completed,31.87,8909
360,Electronics,891.08,891.08,Central,Medium,Pending,913.3,4112
361,Sports,351.63,351.63,Central,Medium,Cancelled,720.52,7437
362,Beauty,27.27,27.27,West,High,Cancelled,116.18,8869
363,Furniture,381.26,381.26,East,High,Returned,1656.13,7512
364,Beauty,75.92,75.92,North,Low,Returned,119.69,7052
365,Grocery,45.69,45.69,West,Medium,Pending,197.19,3476
366,Clothing,26.28,26.28,Central,Medium,Pending,82.13,9561
367,Sports,483.16,483.16,West,Low,Pending,1352.99,1568
368,Grocery,13.79,13.79,South,High,Pending,57.86,7936
369,Clothing,197.77,197.77,South,Low,Cancelled,423.81,2097
370,Clothing,83.74,83.74,East,Medium,Returned,389.57,
371,Sports,65.13,65.13,Central,Low,Completed,305.11,2654
372,Toys,130.78,130.78,West,Medium,Returned,464.28,8750
373,Electronics,385.79,385.79,Central,Low,Returned,371.47,6431
374,Furniture,242.94,242.94,East,Medium,Completed,539.09,6094
375,Toys,127.21,127.21,North,High,Pending,262.31,6257
376,Toys,110.68,110.68,North,High,Returned,186.81,8937
377,Books,50.16,50.16,South,High,Cancelled,189.61,9589
378,Electronics,388.79,388.79,South,High,Pending,365.03,6904
379,Furniture,894.53,894.53,Central,Medium,Completed,3274.81,9008
380,Beauty,30.75,30.75,Central,Low,Cancelled,69.06,5237
381,Clothing,64.16,64.16,South,Low,Pending,282.3,4387
382,Toys,99.48,99.48,North,Medium,Pending,350.07,1138
383,Furniture,831.93,831.93,East,Low,Cancelled,2146.37,6713
384,Beauty,41.54,41.54,Central,Low,Returned,135.21,
385,Books,35.88,35.88,East,Medium,Completed,101.3,5529
386,Books,52.38,52.38,East,High,Pending,155.71,1930
387,Sports,333.66,333.66,North,Low,Returned,1664.75,7857
388,Sports,200.25,200.25,Central,High,Cancelled,771.26,9759
389,Beauty,136.45,136.45,Central,Medium,Pending,590.92,3967
390,Toys,19.15,19.15,East,Low,Pending,91.48,2463
391,Furniture,1130.32,1130.32,East,Medium,Cancelled,2668.76,8598
392,Clothing,99.4,99.4,Central,Low,Completed,276.66,2963
393,Sports,269.62,269.62,South,High,Pending,603.74,8496
394,Grocery,33.01,33.01,North,Medium,Cancelled,113.9,1950
395,Electronics,931.5,931.5,South,Low,Pending,2660.57,2442
396,Grocery,62.22,62.22,West,Medium,Returned,149.95,
397,Furniture,2218.91,2218.91,East,Low,Pending,1942.1,
398,Furniture,756.17,756.17,East,High,Completed,1823.06,3736
399,Clothing,166.53,166.53,East,Medium,Cancelled,436.54,3192
400,Books,59.79,59.79,South,High,Returned,52.63,3149
401,Furniture,2228.82,2228.82,South,High,Cancelled,8439.79,7147
402,Toys,116.83,116.83,Central,High,Completed,414.16,
403,Clothing,89.19,89.19,Central,Medium,Returned,334.27,1152
404,Toys,66.03,66.03,Central,Medium,Pending,168.98,9381
405,Clothing,63.71,63.71,West,High,Pending,259.14,4304
406,Books,43.69,43.69,North,Low,Returned,202.0,8875
407,Books,,17.9,North,High,Returned,25.53,9383
408,Clothing,147.48,147.48,East,Low,Pending,400.9,5327
409,Beauty,12.26,12.26,North,Medium,Cancelled,51.08,2898
410,Clothing,171.74,171.74,North,High,Pending,374.46,5395
411,Clothing,80.8,80.8,North,Medium,Returned,391.21,7319
412,Beauty,120.99,120.99,South,High,Pending,450.56,3611
413,Clothing,89.05,89.05,Central,Low,Returned,139.03,6875
414,Electronics,1732.02,1732.02,South,Medium,Returned,2207.18,1753
415,Clothing,59.71,59.71,Central,Low,Pending,293.01,6542
416,Clothing,92.24,92.24,West,Medium,Returned,131.38,1894
417,Electronics,1304.63,1304.63,West,Medium,Pending,1453.92,4946
418,Books,58.36,58.36,South,Low,Returned,145.54,8521
419,Beauty,121.18,121.18,West,Medium,Cancelled,157.36,1291
420,Clothing,86.65,86.65,Central,High,Completed,357.47,5990
421,Furniture,1998.33,1998.33,East,Medium,Completed,8452.28,6439
422,Beauty,108.92,108.92,West,High,Completed,434.5,6592
423,Books,50.64,50.64,East,Low,Cancelled,189.84,
424,Grocery,50.26,50.26,West,High,Cancelled,169.15,7437
425,Furniture,1425.43,1425.43,East,High,Returned,1418.73,3018
426,Beauty,71.32,71.32,Central,High,Returned,58.36,8091
427,Beauty,139.03,139.03,South,Low,Pending,537.78,7347
428,Books,32.73,32.73,Central,Low,Pending,63.79,5819
429,Beauty,121.7,121.7,Central,Low,Cancelled,528.29,6143
430,Furniture,682.58,682.58,East,Low,Cancelled,3186.97,3913
431,Books,44.07,44.07,Central,Medium,Returned,160.05,9747
432,Toys,132.23,132.23,North,Low,Completed,119.82,1927
433,Furniture,874.24,874.24,East,Low,Cancelled,1237.05,5835
434,Furniture,2285.42,2285.42,West,High,Pending,8954.58,4892
435,Toys,105.48,105.48,West,Medium,Returned,508.22,6122
436,Electronics,75.28,75.28,Central,Medium,Pending,348.41,7025
437,Furniture,2350.83,2350.83,East,Medium,Pending,11590.78,3847
438,Clothing,81.67,81.67,Central,Medium,Pending,120.54,1092
439,Books,30.65,30.65,North,High,Cancelled,101.36,5934
440,Beauty,119.54,119.54,North,Low,Cancelled,359.42,9529
441,Clothing,159.39,159.39,Central,Low,Returned,189.06,4495
442,Books,23.21,23.21,Central,Low,Returned,115.72,1144
443,Clothing,137.1,137.1,Central,Low,Pending,661.83,6258
444,Sports,458.81,458.81,West,Medium,Cancelled,414.66,7143
445,Beauty,75.59,75.59,South,Medium,Completed,361.51,9814
446,Electronics,1272.52,1272.52,South,Low,Returned,5484.3,8130
447,Clothing,151.91,151.91,West,Low,Cancelled,145.7,3916
448,Toys,85.92,85.92,South,Medium,Returned,208.76,8094
449,Books,5.93,5.93,Central,High,Completed,23.57,2189
450,Books,56.04,56.04,East,Low,Completed,111.09,7249
451,Sports,412.84,412.84,South,Low,Pending,566.75,9941
452,Toys,144.22,144.22,East,High,Pending,190.02,
453,Sports,273.2,273.2,East,High,Cancelled,461.52,9397
454,Grocery,17.77,17.77,East,High,Completed,27.75,1891
455,Beauty,98.48,98.48,North,Medium,Completed,160.44,6420
456,Books,12.05,12.05,North,Medium,Completed,55.2,8383
457,Books,38.9,38.9,Central,High,Cancelled,163.08,3762
458,Electronics,660.77,660.77,West,Medium,Cancelled,901.35,8863
459,Beauty,69.58,69.58,West,Low,Completed,107.03,5597
460,Grocery,89.35,89.35,North,Low,Completed,406.26,1511
461,Sports,386.91,386.91,North,Low,Cancelled,1192.68,8734
462,Grocery,37.85,37.85,Central,Low,Cancelled,51.56,2483
463,Sports,,188.29,South,Low,Pending,749.44,3608
464,Grocery,57.5,57.5,South,Low,Returned,272.81,
465,Beauty,38.6,38.6,South,High,Pending,114.84,7358
466,Beauty,138.1,138.1,North,Low,Cancelled,170.35,5480
467,Toys,88.9,88.9,West,Low,Returned,207.51,2275
468,Toys,59.57,59.57,Central,Medium,Cancelled,252.12,8898
469,Electronics,1028.58,1028.58,South,High,Completed,3045.7,3461
470,Grocery,17.42,17.42,North,Low,Pending,44.27,2856
471,Beauty,102.91,102.91,Central,High,Returned,92.03,
472,Grocery,15.2,15.2,Central,High,Completed,22.78,9464
473,Sports,303.69,303.69,North,Low,Cancelled,1451.17,8723
474,Beauty,29.73,29.73,Central,High,Pending,101.6,3747
475,Books,55.73,55.73,North,High,Returned,134.81,4315
476,Sports,414.99,414.99,South,Medium,Completed,1861.88,2925
477,Clothing,101.63,101.63,Central,Low,Completed,464.17,8069
478,Sports,191.48,191.48,Central,Medium,Pending,907.88,7246
479,Books,37.4,37.4,Central,High,Returned,50.95,4809
480,Clothing,63.82,63.82,West,Medium,Pending,52.52,1116
481,Clothing,108.75,108.75,South,Low,Cancelled,273.74,7980
482,Toys,42.89,42.89,Central,Medium,Cancelled,212.97,4337
483,Sports,280.53,280.53,South,Medium,Returned,523.43,6641
484,Sports,370.53,370.53,North,Low,Pending,991.43,3650
485,Clothing,50.75,50.75,East,Low,Completed,74.86,1086
486,Clothing,166.42,166.42,Central,Medium,Completed,177.93,2311
487,Electronics,1462.76,1462.76,West,Low,Cancelled,5542.02,3871
488,Beauty,68.65,68.65,Central,Medium,Pending,64.61,9451
489,Furniture,1884.05,1884.05,East,High,Completed,9227.54,5520
490,Sports,183.03,183.03,Central,High,Completed,712.92,2477
491,Toys,110.29,110.29,Central,Medium,Cancelled,534.44,4187
492,Beauty,139.81,139.81,East,High,Returned,409.11,9243
493,Toys,54.3,54.3,Central,Medium,Cancelled,201.76,8923
494,Furniture,2296.67,2296.67,West,Low,Returned,10485.22,8896
495,Clothing,58.99,58.99,South,Low,Pending,245.44,6785
496,Electronics,1416.6,1416.6,East,High,Returned,5141.59,2245
497,Grocery,48.7,48.7,Central,Medium,Pending,232.68,4115
498,Beauty,111.88,111.88,South,Medium,Pending,197.21,6833
499,Grocery,78.34,78.34,North,Low,Returned,264.64,9871
500,Electronics,1703.62,1703.62,East,Medium,Cancelled,4874.71,9374
501,Toys,62.69,62.69,South,High,Returned,176.09,9232
502,Books,26.65,26.65,South,Medium,Completed,99.47,1137
503,Electronics,1364.5,1364.5,North,Medium,Cancelled,4603.37,9987
504,Toys,39.39,39.39,Central,Medium,Cancelled,61.94,7866
505,Books,25.08,25.08,West,High,Pending,123.22,2636
506,Toys,121.59,121.59,West,High,Pending,505.83,8749
507,Electronics,394.38,394.38,Central,Low,Cancelled,1616.33,1781
508,Sports,58.5,58.5,South,Medium,Returned,252.94,6483
509,Toys,57.34,57.34,East,Medium,Completed,145.04,4259
510,Grocery,97.98,97.98,East,Low,Returned,397.2,2284
511,Sports,310.7,310.7,South,High,Cancelled,799.01,7631
512,Clothing,25.03,25.03,East,Medium,Cancelled,94.71,7479
513,Toys,133.72,133.72,East,Low,Returned,339.48,1378
514,Grocery,73.32,73.32,North,High,Pending,180.92,8752
515,Electronics,101.41,101.41,North,High,Cancelled,344.39,7387
516,Toys,38.26,38.26,West,Low,Pending,51.7,1468
517,Electronics,1343.92,1343.92,East,Medium,Returned,6578.38,5463
518,Beauty,24.59,24.59,Central,High,Returned,84.85,8126
519,Toys,136.79,136.79,South,High,Returned,286.31,3551
520,Toys,6.53,6.53,South,Medium,Cancelled,18.09,
521,Beauty,142.31,142.31,North,Medium,Cancelled,470.68,9981
522,Books,15.37,15.37,West,Medium,Pending,22.84,7385
523,Sports,118.09,118.09,South,Low,Cancelled,235.67,5404
524,Sports,102.12,102.12,South,Medium,Completed,354.86,5458
525,Beauty,,32.23,North,Low,Completed,50.95,5410
526,Grocery,72.09,72.09,South,High,Pending,62.13,7885
527,Toys,118.93,118.93,East,Medium,Completed,260.11,3393
528,Electronics,569.68,569.68,Central,Medium,Pending,915.59,7251
529,Electronics,287.83,287.83,South,Medium,Returned,529.05,4263
530,Beauty,111.62,111.62,South,Medium,Returned,408.76,6293
531,Grocery,63.66,63.66,Central,Low,Completed,118.66,4255
532,Books,53.81,53.81,South,High,Pending,186.09,3742
533,Toys,89.78,89.78,South,High,Completed,290.93,3539
534,Books,47.39,47.39,West,High,Cancelled,223.19,1983
535,Electronics,743.26,743.26,Central,High,Pending,2117.5,6690
536,Beauty,,111.31,West,Medium,Pending,206.25,
537,Beauty,86.06,86.06,West,High,Pending,265.34,8674
538,Toys,130.81,130.81,Central,High,Completed,396.46,5314
539,Books,29.97,29.97,Central,Medium,Pending,135.11,6965
540,Furniture,1030.01,1030.01,Central,Medium,Pending,3091.16,3525
541,Toys,51.78,51.78,North,High,Completed,50.94,3926
542,Electronics,444.05,444.05,North,High,Returned,1582.27,5193
543,Electronics,764.39,764.39,North,High,Pending,2716.75,2310
544,Beauty,121.15,121.15,Central,Low,Returned,515.19,1955
545,Toys,81.71,81.71,East,High,Pending,395.02,4784
546,Sports,102.84,102.84,South,Low,Pending,323.47,2728
547,Books,42.1,42.1,West,High,Pending,173.8,9268
548,Books,41.16,41.16,Central,Medium,Cancelled,188.94,6319
549,Books,27.68,27.68,East,Low,Pending,87.61,5162
550,Books,57.89,57.89,West,High,Completed,285.31,9480
551,Grocery,99.35,99.35,East,High,Pending,436.55,
552,Toys,138.27,138.27,Central,Low,Pending,165.37,3557
553,Grocery,27.97,27.97,South,High,Cancelled,117.66,7550
554,Furniture,2229.37,2229.37,West,High,Returned,9514.87,2562
555,Toys,10.42,10.42,West,High,Completed,48.68,8115
556,Sports,465.82,465.82,South,Low,Completed,1612.82,1886
557,Toys,81.04,81.04,Central,High,Cancelled,235.83,1827
558,Sports,485.81,485.81,Central,Low,Completed,841.79,7460
559,Grocery,14.95,14.95,Central,Low,Completed,46.38,7529
560,Sports,389.17,389.17,South,Medium,Pending,1108.75,4212
561,Furniture,802.71,802.71,West,Medium,Completed,1021.55,6984
562,Books,15.48,15.48,North,Medium,Pending,76.6,8245
563,Grocery,45.17,45.17,South,High,Cancelled,65.73,2405
564,Clothing,150.52,150.52,Central,High,Cancelled,129.1,2823
565,Toys,,70.26,South,Low,Pending,116.35,5237
566,Beauty,95.34,95.34,North,Medium,Completed,178.56,4288
567,Toys,12.7,12.7,North,High,Returned,45.38,6901
568,Clothing,13.62,13.62,West,High,Returned,39.99,6168
569,Beauty,130.68,130.68,South,High,Returned,412.28,1651
570,Furniture,2774.58,2774.58,West,Medium,Pending,2433.76,6822
571,Toys,39.25,39.25,Central,Medium,Completed,134.56,1482
572,Toys,37.71,37.71,West,Low,Pending,44.07,4726
573,Sports,127.78,127.78,East,Low,Cancelled,343.28,3270
574,Furniture,2601.5,2601.5,Central,High,Returned,12960.36,3378
575,Grocery,33.11,33.11,North,High,Cancelled,143.23,1483
576,Books,53.41,53.41,West,Medium,Returned,209.98,5485
577,Grocery,78.35,78.35,South,High,Cancelled,261.97,4804
578,Furniture,2093.4,2093.4,West,High,Returned,7934.99,7348
579,Beauty,73.71,73.71,South,High,Returned,295.66,
580,Toys,142.78,142.78,South,High,Completed,220.41,8197
581,Beauty,104.74,104.74,South,Medium,Returned,425.26,7232
582,Books,26.68,26.68,Central,Low,Completed,79.69,1694
583,Furniture,1604.24,1604.24,North,Low,Returned,4760.95,1807
584,Furniture,944.42,944.42,East,Medium,Returned,1415.92,1893
585,Grocery,47.43,47.43,North,Low,Completed,73.76,9952
586,Grocery,40.52,40.52,North,High,Returned,132.88,4308
587,Beauty,18.08,18.08,South,Low,Completed,21.39,6946
588,Clothing,109.53,109.53,Central,Low,Pending,261.83,3799
589,Books,36.1,36.1,South,High,Pending,56.0,7874
590,Toys,49.88,49.88,West,Medium,Pending,64.53,4323
591,Electronics,1263.99,1263.99,West,Medium,Returned,3896.51,
592,Beauty,39.49,39.49,West,Medium,Returned,104.88,1107
593,Furniture,2658.29,2658.29,Central,High,Completed,4190.34,6718
594,Electronics,333.48,333.48,Central,Low,Cancelled,730.54,2784
595,Sports,496.93,496.93,East,Low,Pending,2414.3,6901
596,Electronics,231.6,231.6,East,Medium,Completed,923.03,2063
597,Toys,73.27,73.27,East,Medium,Returned,220.07,1953
598,Clothing,118.56,118.56,Central,High,Returned,455.4,5705
599,Sports,308.33,308.33,Central,Low,Cancelled,1447.25,9132
600,Beauty,76.41,76.41,Central,High,Cancelled,375.39,
601,Electronics,956.53,956.53,South,Low,Returned,2428.6,4478
602,Electronics,1299.21,1299.21,East,High,Cancelled,2677.92,1100
603,Clothing,140.31,140.31,Central,Low,Completed,602.57,6536
604,Beauty,137.84,137.84,South,Medium,Pending,473.38,9797
605,Books,30.44,30.44,North,Low,Cancelled,96.58,9779
606,Electronics,456.11,456.11,East,High,Pending,902.15,
607,Sports,316.99,316.99,Central,Low,Returned,503.06,6050
608,Books,44.04,44.04,North,Medium,Pending,103.96,5958
609,Furniture,1622.79,1622.79,East,High,Pending,7523.39,1408
610,Beauty,136.22,136.22,East,Medium,Cancelled,552.68,2609
611,Grocery,22.11,22.11,West,Low,Completed,18.07,2426
612,Books,30.68,30.68,Central,Low,Cancelled,27.44,4438
613,Books,16.03,16.03,Central,Medium,Returned,58.01,3580
614,Toys,21.6,21.6,Central,Low,Completed,36.02,6218
615,Toys,25.53,25.53,East,Low,Pending,38.79,6549
616,Beauty,,12.36,North,High,Returned,12.68,3932
617,Beauty,94.37,94.37,South,Low,Completed,461.42,8629
618,Grocery,11.11,11.11,West,High,Returned,23.37,8625
619,Beauty,38.6,38.6,Central,Medium,Cancelled,94.44,6412
620,Books,29.93,29.93,West,High,Cancelled,84.11,5624
621,Books,38.24,38.24,North,Medium,Completed,82.93,5949
622,Beauty,63.12,63.12,Central,High,Pending,308.68,6582
623,Furniture,2460.36,2460.36,West,Low,Cancelled,7595.16,2276
624,Beauty,21.58,21.58,East,Low,Completed,91.77,7648
625,Clothing,123.67,123.67,Central,Medium,Cancelled,355.68,2483
626,Furniture,2469.4,2469.4,North,High,Pending,6673.54,8326
627,Furniture,696.42,696.42,East,Low,Cancelled,3243.72,6640
628,Clothing,120.72,120.72,Central,Medium,Pending,528.82,9992
629,Electronics,51.64,51.64,East,High,Cancelled,229.07,7459
630,Books,44.15,44.15,West,Low,Pending,158.17,4083
631,Sports,423.23,423.23,West,High,Cancelled,2111.63,3200
632,Electronics,,189.9,West,Low,Returned,929.54,3248
633,Sports,431.47,431.47,Central,Medium,Pending,1168.62,8373
634,Sports,184.1,184.1,Central,High,Returned,802.05,9220
635,Toys,64.57,64.57,East,High,Completed,205.73,2854
636,Beauty,144.45,144.45,Central,Medium,Returned,429.19,2449
637,Furniture,1470.11,1470.11,North,Low,Cancelled,4961.27,9765
638,Electronics,964.29,964.29,West,Low,Cancelled,2476.55,5827
639,Toys,29.29,29.29,Central,Low,Cancelled,112.86,2006
640,Beauty,88.83,88.83,East,Low,Completed,178.07,9283
641,Clothing,171.77,171.77,South,Low,Cancelled,335.97,2827
642,Grocery,91.19,91.19,West,Medium,Pending,173.01,8944
643,Grocery,80.34,80.34,East,High,Pending,265.23,9125
644,Sports,387.48,387.48,West,Low,Pending,653.14,6653
645,Electronics,1302.41,1302.41,North,High,Pending,3580.15,8803
646,Furniture,1201.42,1201.42,West,Medium,Pending,3637.73,5731
647,Beauty,60.39,60.39,Central,Low,Completed,73.01,6797
648,Sports,309.14,309.14,East,Medium,Cancelled,594.1,7408
649,Beauty,117.11,117.11,Central,High,Cancelled,427.03,6132
650,Electronics,1361.96,1361.96,North,Medium,Completed,4094.2,6759
651,Furniture,2203.23,2203.23,North,High,Completed,2288.94,4552
652,Clothing,144.53,144.53,Central,High,Returned,514.07,4027
653,Clothing,142.17,142.17,West,Low,Completed,495.16,5528
654,Sports,349.19,349.19,East,Medium,Pending,1424.37,2022
655,Sports,200.41,200.41,East,Medium,Pending,531.17,4287
656,Sports,97.44,97.44,South,Low,Returned,167.33,8234
657,Toys,19.98,19.98,Central,Low,Cancelled,81.21,
658,Beauty,26.58,26.58,North,Low,Returned,51.01,7411
659,Electronics,1055.0,1055.0,West,Medium,Returned,2633.74,2148
660,Furniture,109.59,109.59,West,High,Cancelled,241.15,1904
661,Clothing,79.42,79.42,East,High,Returned,317.2,4327
662,Grocery,56.34,56.34,South,Medium,Returned,257.2,6886
663,Beauty,17.31,17.31,South,High,Completed,27.89,4907
664,Beauty,61.37,61.37,East,Medium,Returned,298.23,
665,Books,8.08,8.08,North,Medium,Completed,13.65,9570
666,Beauty,141.31,141.31,Central,High,Pending,661.93,
667,Grocery,,49.91,Central,High,Pending,186.94,3822
668,Electronics,1814.09,1814.09,North,Medium,Pending,7815.97,2742
669,Clothing,104.46,104.46,South,High,Pending,270.56,7586
670,Books,11.64,11.64,Central,High,Cancelled,50.2,1746
671,Grocery,34.88,34.88,South,Medium,Pending,129.91,8187
672,Furniture,2784.46,2784.46,North,Low,Returned,11322.11,
673,Beauty,,16.7,North,Low,Cancelled,42.55,8798
674,Grocery,22.2,22.2,Central,Medium,Returned,40.07,1616
675,Grocery,72.29,72.29,North,Low,Cancelled,163.45,
676,Furniture,656.52,656.52,North,Low,Cancelled,2904.1,9315
677,Furniture,1446.23,1446.23,South,Medium,Completed,2333.67,8772
678,Beauty,30.57,30.57,North,High,Cancelled,61.06,6477
679,Beauty,11.28,11.28,Central,High,Pending,46.24,2901
680,Clothing,180.07,180.07,Central,Low,Cancelled,460.99,6336
681,Furniture,2359.03,2359.03,North,High,Returned,10505.99,4615
682,Clothing,99.49,99.49,West,High,Pending,467.32,7346
683,Books,12.5,12.5,East,Medium,Pending,27.63,
684,Electronics,597.18,597.18,West,Medium,Returned,907.14,5835
685,Grocery,79.38,79.38,Central,High,Pending,92.33,9015
686,Furniture,1815.58,1815.58,East,High,Returned,7066.15,6362
687,Sports,293.94,293.94,Central,High,Completed,750.91,
688,Beauty,111.35,111.35,West,Low,Returned,313.22,2605
689,Beauty,76.82,76.82,North,Low,Returned,367.95,5846
690,Furniture,1978.16,1978.16,West,Low,Cancelled,2926.83,1399
691,Beauty,72.25,72.25,West,High,Cancelled,248.01,1022
692,Clothing,83.13,83.13,Central,High,Cancelled,215.21,9887
693,Furniture,2384.31,2384.31,East,Low,Completed,7062.07,6963
694,Electronics,266.38,266.38,Central,High,Cancelled,623.07,2097
695,Furniture,501.38,501.38,Central,High,Returned,1953.88,4437
696,Furniture,1029.35,1029.35,Central,Low,Returned,2021.65,6656
697,Beauty,75.5,75.5,North,Medium,Cancelled,203.72,2075
698,Furniture,2686.52,2686.52,North,Medium,Pending,5403.04,2791
699,Grocery,29.04,29.04,West,High,Pending,86.74,5803
700,Sports,485.09,485.09,South,Medium,Cancelled,1244.04,1351
701,Toys,,32.41,South,Low,Cancelled,81.97,6346
702,Beauty,91.04,91.04,Central,Medium,Returned,189.1,6021
703,Grocery,79.35,79.35,East,Medium,Completed,112.92,3725
704,Grocery,71.76,71.76,South,Low,Pending,106.01,6187
705,Grocery,45.21,45.21,South,Low,Completed,162.54,3423
706,Books,29.66,29.66,Central,Medium,Completed,138.39,9182
707,Grocery,94.88,94.88,South,High,Cancelled,333.83,5748
708,Grocery,80.36,80.36,West,Medium,Completed,311.23,3284
709,Clothing,68.54,68.54,South,Medium,Cancelled,81.45,4197
710,Furniture,2365.72,2365.72,South,High,Completed,7242.25,2431
711,Sports,105.28,105.28,Central,Low,Completed,485.92,3423
712,Sports,191.12,191.12,East,Medium,Cancelled,400.2,2435
713,Furniture,2210.77,2210.77,West,Medium,Cancelled,3289.45,7944
714,Sports,78.39,78.39,North,High,Pending,162.55,9606
715,Books,8.64,8.64,West,High,Completed,21.77,7791
716,Grocery,56.47,56.47,South,High,Pending,242.57,9037
717,Electronics,1654.46,1654.46,Central,Medium,Returned,5209.86,1439
718,Electronics,350.35,350.35,West,High,Cancelled,894.11,5009
719,Electronics,282.74,282.74,North,Low,Cancelled,916.21,5225
720,Beauty,146.27,146.27,East,Low,Completed,636.3,1958
721,Grocery,33.33,33.33,South,Medium,Pending,34.07,6832
722,Electronics,615.22,615.22,North,Low,Pending,2472.61,2548
723,Grocery,55.28,55.28,East,Medium,Cancelled,66.47,3354
724,Electronics,317.05,317.05,West,Medium,Cancelled,1479.93,4569
725,Grocery,51.33,51.33,Central,Low,Completed,131.04,2909
726,Grocery,92.49,92.49,East,Low,Cancelled,127.99,9570
727,Books,14.47,14.47,North,High,Pending,63.65,4712
728,Toys,23.17,23.17,North,Medium,Completed,26.1,8065
729,Electronics,432.88,432.88,Central,Low,Completed,1199.14,1709
730,Clothing,,67.31,North,High,Pending,219.96,6759
731,Electronics,227.02,227.02,East,Low,Cancelled,517.44,4962
732,Clothing,28.83,28.83,North,Low,Pending,109.74,3814
733,Electronics,1948.48,1948.48,South,Low,Returned,4557.78,8203
734,Clothing,44.36,44.36,West,Medium,Pending,131.3,6149
735,Clothing,98.52,98.52,West,Medium,Cancelled,309.35,
736,Books,32.15,32.15,West,Low,Cancelled,118.49,4700
737,Sports,152.39,152.39,South,High,Returned,722.96,1209
738,Beauty,102.45,102.45,Central,Low,Completed,133.26,2666
739,Grocery,8.34,8.34,East,High,Returned,10.97,9177
740,Toys,115.9,115.9,Central,Medium,Returned,266.06,7626
741,Beauty,79.16,79.16,West,High,Completed,146.68,3205
742,Electronics,244.23,244.23,North,Medium,Completed,1192.5,6356
743,Grocery,31.67,31.67,North,Low,Returned,130.78,9157
744,Beauty,78.2,78.2,Central,Low,Completed,375.43,
745,Sports,441.26,441.26,West,Medium,Returned,1173.19,
746,Grocery,56.55,56.55,East,Low,Pending,161.97,7374
747,Beauty,115.78,115.78,West,Low,Returned,324.05,9301
748,Electronics,813.2,813.2,West,Low,Cancelled,3268.39,2006
749,Electronics,1201.4,1201.4,East,Medium,Completed,4822.2,7235
750,Clothing,91.35,91.35,West,Medium,Completed,326.78,6113
751,Clothing,182.97,182.97,East,High,Cancelled,276.85,1612
752,Beauty,100.38,100.38,Central,Medium,Cancelled,88.91,1364
753,Books,25.78,25.78,Central,High,Returned,31.46,6504
754,Beauty,77.9,77.9,East,High,Cancelled,181.2,9142
755,Clothing,169.67,169.67,East,Medium,Completed,347.61,4700
756,Clothing,146.36,146.36,Central,Medium,Cancelled,158.44,8786
757,Sports,112.77,112.77,East,Low,Cancelled,295.26,4278
758,Sports,207.13,207.13,West,Low,Pending,932.04,9457
759,Grocery,58.53,58.53,West,Medium,Returned,276.58,1981
760,Furniture,1156.4,1156.4,South,Low,Cancelled,5024.92,2055
761,Furniture,2553.3,2553.3,East,Low,Pending,4792.74,7649
762,Furniture,429.32,429.32,South,Medium,Returned,1218.67,7914
763,Electronics,443.88,443.88,North,Medium,Cancelled,1583.06,1691
764,Beauty,118.42,118.42,North,Medium,Cancelled,526.04,7668
765,Books,41.94,41.94,West,Low,Pending,75.13,9196
766,Clothing,109.17,109.17,Central,Medium,Returned,492.92,3003
767,Books,23.11,23.11,West,Low,Pending,109.29,2750
768,Grocery,22.98,22.98,West,Medium,Completed,65.71,2850
769,Books,35.02,35.02,South,Medium,Pending,81.41,6049
770,Electronics,1308.53,1308.53,North,Low,Completed,4842.69,4926
771,Toys,85.15,85.15,East,Low,Completed,259.42,8248
772,Sports,13.85,13.85,East,Medium,Completed,65.55,5872
773,Furniture,2592.31,2592.31,West,Low,Cancelled,11649.23,7656
774,Electronics,584.37,584.37,West,Medium,Returned,2741.45,7920
775,Clothing,166.64,166.64,Central,High,Cancelled,427.87,9973
776,Books,,29.93,North,Low,Pending,103.16,3229
777,Electronics,831.29,831.29,East,Low,Completed,1051.98,3131
778,Sports,398.39,398.39,West,Low,Pending,754.89,6367
779,Toys,33.81,33.81,South,Medium,Returned,161.21,4677
780,Electronics,1898.81,1898.81,Central,Low,Pending,8751.14,4248
781,Toys,106.68,106.68,West,Low,Returned,354.35,7028
782,Grocery,94.83,94.83,Central,Medium,Returned,405.35,4677
783,Furniture,652.58,652.58,East,Medium,Returned,1569.26,4385
784,Furniture,2986.1,2986.1,South,Medium,Pending,7512.43,5754
785,Toys,39.15,39.15,South,Medium,Returned,45.42,6296
786,Sports,346.56,346.56,West,Low,Cancelled,383.58,1853
787,Books,56.21,56.21,East,Low,Completed,46.23,7241
788,Toys,146.74,146.74,South,Low,Completed,475.15,9253
789,Beauty,139.9,139.9,South,High,Cancelled,529.25,5266
790,Clothing,69.52,69.52,West,Medium,Cancelled,326.06,5312
791,Toys,79.96,79.96,South,Medium,Returned,320.43,8208
792,Electronics,418.39,418.39,South,High,Returned,791.99,8150
793,Clothing,199.09,199.09,North,Medium,Cancelled,986.1,8499
794,Beauty,21.31,21.31,South,High,Cancelled,25.42,3959
795,Grocery,75.49,75.49,Central,Low,Pending,245.41,9618
796,Grocery,42.81,42.81,West,Low,Completed,193.8,
797,Clothing,84.89,84.89,North,Medium,Pending,78.21,8861
798,Beauty,96.11,96.11,North,Medium,Completed,341.76,6323
799,Grocery,22.71,22.71,East,Medium,Completed,89.11,7248
800,Clothing,85.78,85.78,West,High,Completed,375.7,7592
801,Toys,98.84,98.84,South,High,Cancelled,282.84,6080
802,Grocery,37.19,37.19,East,Low,Pending,106.23,8805
803,Toys,86.64,86.64,West,Medium,Pending,227.28,1662
804,Books,58.53,58.53,South,Medium,Completed,118.29,8825
805,Toys,26.55,26.55,East,High,Returned,54.19,
806,Clothing,184.29,184.29,Central,Medium,Returned,220.56,5151
807,Books,19.02,19.02,Central,High,Completed,74.37,3985
808,Sports,32.18,32.18,East,Medium,Returned,128.1,5342
809,Books,58.17,58.17,South,High,Pending,65.65,5248
810,Clothing,,92.42,West,High,Completed,140.6,7637
811,Beauty,48.91,48.91,Central,Medium,Returned,204.42,3213
812,Electronics,422.06,422.06,South,High,Pending,1190.5,4961
813,Sports,422.62,422.62,Central,High,Completed,872.23,8765
814,Sports,20.69,20.69,South,Low,Returned,100.31,8364
815,Furniture,683.88,683.88,West,High,Cancelled,569.72,8074
816,Sports,425.82,425.82,Central,Low,Cancelled,406.86,9410
817,Beauty,38.63,38.63,North,Medium,Cancelled,120.67,7834
818,Beauty,21.96,21.96,East,Medium,Returned,19.49,4149
819,Beauty,54.86,54.86,South,Low,Cancelled,256.27,8675
820,Grocery,88.55,88.55,West,Medium,Cancelled,366.87,3654
821,Furniture,919.13,919.13,West,High,Pending,1505.38,2653
822,Sports,472.1,472.1,South,High,Completed,2359.04,5273
823,Books,42.23,42.23,Central,High,Completed,93.69,4714
824,Clothing,116.78,116.78,East,Medium,Completed,471.14,3476
825,Clothing,144.22,144.22,West,Medium,Completed,705.75,2669
826,Electronics,1039.25,1039.25,North,High,Cancelled,1516.82,8233
827,Beauty,111.22,111.22,East,Medium,Pending,146.42,7811
828,Electronics,528.37,528.37,East,Medium,Pending,611.84,7799
829,Books,39.62,39.62,Central,Medium,Pending,54.66,7706
830,Beauty,143.02,143.02,East,High,Returned,201.87,
831,Clothing,26.11,26.11,South,Medium,Completed,64.01,
832,Grocery,90.45,90.45,Central,Medium,Returned,225.08,5986
833,Books,,55.01,East,Low,Pending,205.81,4360
834,Beauty,106.13,106.13,West,High,Cancelled,122.47,7389
835,Grocery,53.01,53.01,South,High,Cancelled,158.48,3621
836,Electronics,104.39,104.39,Central,Medium,Pending,448.39,7926
837,Clothing,149.08,149.08,East,Low,Cancelled,196.79,3043
838,Beauty,48.2,48.2,West,Medium,Pending,201.6,9737
839,Furniture,1115.98,1115.98,Central,Low,Pending,4241.03,5057
840,Clothing,72.29,72.29,East,Medium,Completed,102.33,7751
841,Clothing,27.53,27.53,South,Medium,Pending,73.61,9622
842,Sports,298.24,298.24,West,Medium,Returned,1035.83,9020
843,Sports,413.67,413.67,South,Medium,Returned,555.73,9669
844,Clothing,141.95,141.95,North,Low,Pending,676.4,2945
845,Sports,64.06,64.06,East,High,Pending,82.93,7135
846,Toys,,47.63,South,High,Returned,47.84,5644
847,Furniture,630.92,630.92,North,High,Cancelled,683.77,
848,Beauty,88.09,88.09,East,Medium,Returned,379.2,3175
849,Grocery,51.47,51.47,West,Low,Returned,73.38,2463
850,Sports,199.75,199.75,East,Low,Completed,963.58,5544
851,Clothing,174.53,174.53,Central,Low,Cancelled,550.88,2395
852,Furniture,2869.99,2869.99,North,Low,Pending,11343.19,1305
853,Clothing,135.07,135.07,North,Medium,Pending,247.21,8278
854,Clothing,163.31,163.31,West,Low,Completed,467.75,6569
855,Sports,,98.45,Central,Medium,Returned,185.1,2627
856,Grocery,29.96,29.96,North,High,Cancelled,143.78,1965
857,Books,14.98,14.98,East,Medium,Completed,32.12,6311
858,Toys,59.45,59.45,North,High,Pending,107.39,4874
859,Beauty,78.75,78.75,North,Medium,Completed,168.29,2072
860,Beauty,9.19,9.19,North,Medium,Completed,16.86,3057
861,Toys,87.4,87.4,Central,High,Pending,206.95,5016
862,Sports,481.06,481.06,North,High,Returned,2326.73,3742
863,Electronics,167.34,167.34,East,Low,Cancelled,723.89,6757
864,Furniture,1796.96,1796.96,North,High,Completed,3706.56,3014
865,Grocery,73.06,73.06,West,High,Cancelled,329.68,5282
866,Beauty,44.59,44.59,East,Medium,Pending,121.78,1260
867,Grocery,,65.35,West,High,Completed,236.92,9011
868,Sports,273.68,273.68,North,Low,Completed,1244.92,8293
869,Clothing,77.07,77.07,Central,Medium,Returned,119.01,1138
870,Clothing,97.91,97.91,West,High,Pending,383.93,6862
871,Furniture,360.9,360.9,East,Low,Pending,643.8,6947
872,Electronics,597.47,597.47,Central,High,Completed,970.03,7489
873,Clothing,175.28,175.28,West,High,Pending,625.98,3875
874,Clothing,121.75,121.75,South,Medium,Pending,547.9,5494
875,Furniture,,2558.23,Central,Low,Cancelled,9360.2,1032
876,Sports,324.07,324.07,North,Medium,Returned,1408.48,2994
877,Beauty,76.86,76.86,North,Low,Pending,76.65,9723
878,Beauty,50.86,50.86,East,High,Completed,252.22,7943
879,Clothing,184.23,184.23,East,Medium,Completed,631.76,8863
880,Sports,405.95,405.95,East,Medium,Pending,508.63,6583
881,Electronics,1652.19,1652.19,South,High,Returned,6623.98,3045
882,Clothing,195.16,195.16,West,Medium,Completed,797.64,8240
883,Electronics,637.87,637.87,North,High,Completed,2008.58,7249
884,Sports,56.96,56.96,South,Low,Completed,154.04,8014
885,Clothing,74.53,74.53,North,Medium,Cancelled,243.62,1201
886,Clothing,122.65,122.65,Central,High,Cancelled,281.19,8284
887,Grocery,25.83,25.83,North,High,Cancelled,84.08,6861
888,Toys,89.63,89.63,South,High,Returned,187.9,7042
889,Electronics,1059.48,1059.48,South,High,Pending,3104.12,1894
890,Sports,178.47,178.47,South,High,Cancelled,284.71,8657
891,Books,51.86,51.86,East,Low,Cancelled,132.68,8443
892,Electronics,1017.06,1017.06,South,Low,Pending,2806.53,8876
893,Books,49.4,49.4,West,High,Completed,114.8,1491
894,Clothing,37.06,37.06,Central,Medium,Completed,181.46,5654
895,Grocery,23.46,23.46,South,Medium,Pending,36.36,
896,Toys,,137.04,South,Medium,Completed,304.39,8474
897,Furniture,1171.96,1171.96,South,Low,Returned,5261.2,3366
898,Grocery,79.9,79.9,West,Low,Cancelled,170.62,5006
899,Electronics,1538.01,1538.01,Central,Medium,Pending,3347.11,5588
900,Grocery,85.45,85.45,West,High,Completed,349.97,2062
901,Grocery,51.84,51.84,Central,Medium,Returned,154.45,7125
902,Beauty,108.77,108.77,East,Low,Returned,378.52,1599
903,Furniture,736.63,736.63,South,Medium,Pending,1536.02,3575
904,Books,19.0,19.0,North,Medium,Returned,56.6,1674
905,Beauty,79.28,79.28,West,Medium,Returned,199.6,6194
906,Toys,60.44,60.44,South,Medium,Completed,139.51,9220
907,Clothing,159.32,159.32,North,High,Completed,368.51,6468
908,Furniture,2057.81,2057.81,East,High,Pending,10275.27,9898
909,Toys,6.24,6.24,East,Medium,Returned,26.53,1194
910,Beauty,99.84,99.84,South,Medium,Pending,175.03,8773
911,Furniture,1595.89,1595.89,West,Low,Returned,3560.06,4077
912,Sports,387.36,387.36,South,Medium,Returned,1697.55,
913,Grocery,58.6,58.6,North,Medium,Cancelled,130.52,7608
914,Toys,,52.28,North,High,Pending,256.4,7404
915,Sports,110.06,110.06,Central,Medium,Pending,307.51,8397
916,Toys,18.52,18.52,Central,High,Completed,79.1,1439
917,Grocery,21.5,21.5,West,Medium,Pending,38.24,2146
918,Beauty,13.33,13.33,South,Medium,Returned,32.56,3115
919,Sports,244.34,244.34,South,High,Pending,513.35,8778
920,Grocery,61.16,61.16,Central,High,Returned,119.68,
921,Grocery,45.68,45.68,Central,High,Cancelled,211.19,8539
922,Beauty,88.54,88.54,East,Low,Returned,199.79,5873
923,Sports,310.38,310.38,South,Medium,Pending,482.4,8079
924,Beauty,60.78,60.78,Central,High,Returned,226.97,
925,Grocery,28.83,28.83,East,Low,Completed,107.59,4559
926,Beauty,64.64,64.64,North,Medium,Completed,256.79,6341
927,Sports,230.96,230.96,Central,High,Returned,210.69,8567
928,Sports,178.39,178.39,South,Medium,Completed,150.76,3236
929,Books,41.87,41.87,West,High,Completed,129.94,8171
930,Grocery,48.14,48.14,South,High,Completed,161.24,3034
931,Sports,92.54,92.54,North,Low,Cancelled,133.69,4549
932,Electronics,1790.74,1790.74,West,Low,Completed,7724.01,2684
933,Sports,348.27,348.27,Central,High,Completed,1408.45,5091
934,Books,54.98,54.98,North,Medium,Completed,272.43,4148
935,Clothing,51.91,51.91,South,Low,Pending,51.12,6359
936,Books,35.91,35.91,South,Low,Returned,170.34,4502
937,Clothing,77.75,77.75,West,Low,Cancelled,66.11,4606
938,Clothing,135.01,135.01,Central,Medium,Completed,146.19,5940
939,Beauty,147.55,147.55,Central,Low,Pending,274.17,6314
940,Sports,342.17,342.17,South,Medium,Pending,1186.81,6209
941,Beauty,,14.79,Central,Medium,Returned,43.58,9248
942,Electronics,503.58,503.58,North,Medium,Pending,1963.58,2300
943,Electronics,318.23,318.23,South,High,Returned,527.76,
944,Beauty,112.19,112.19,East,Medium,Completed,335.19,5726
945,Electronics,496.57,496.57,East,High,Pending,1522.04,5068
946,Furniture,1863.38,1863.38,East,High,Returned,6419.51,9055
947,Clothing,191.2,191.2,South,High,Pending,226.65,4348
948,Furniture,1571.53,1571.53,West,Medium,Pending,6020.58,3890
949,Furniture,978.99,978.99,South,Medium,Returned,1112.2,7524
950,Sports,92.21,92.21,Central,Low,Returned,368.23,8897
951,Electronics,1535.76,1535.76,North,Medium,Pending,4794.61,7233
952,Beauty,49.35,49.35,Central,Low,Returned,54.39,8688
953,Furniture,548.7,548.7,North,Low,Cancelled,1571.53,7465
954,Books,26.12,26.12,Central,High,Returned,117.98,3039
955,Sports,466.74,466.74,West,Medium,Cancelled,1372.38,7032
956,Electronics,1319.27,1319.27,South,High,Returned,1246.62,1462
957,Grocery,27.61,27.61,South,Medium,Pending,91.91,3644
958,Electronics,277.62,277.62,West,Medium,Completed,826.71,7929
959,Grocery,83.32,83.32,East,Low,Returned,271.75,2456
960,Clothing,130.87,130.87,East,High,Cancelled,516.24,7520
961,Toys,5.93,5.93,West,High,Completed,6.48,9600
962,Sports,330.72,330.72,South,High,Cancelled,523.49,8970
963,Grocery,51.26,51.26,Central,High,Pending,84.27,4143
964,Toys,147.53,147.53,West,Low,Completed,656.08,5802
965,Clothing,81.77,81.77,East,High,Pending,229.54,2651
966,Electronics,169.06,169.06,North,Low,Completed,204.01,1118
967,Sports,305.46,305.46,East,Medium,Returned,1215.43,6514
968,Books,42.5,42.5,East,High,Cancelled,152.72,1937
969,Books,53.02,53.02,North,Medium,Returned,203.91,3275
970,Electronics,1223.72,1223.72,East,Low,Pending,2872.57,8785
971,Sports,,333.51,East,High,Cancelled,1490.26,6333
972,Beauty,38.87,38.87,Central,High,Cancelled,100.96,8800
973,Clothing,149.51,149.51,South,Low,Pending,665.83,9267
974,Electronics,299.33,299.33,East,Low,Returned,450.74,2895
975,Beauty,101.08,101.08,South,High,Completed,125.64,1478
976,Grocery,93.04,93.04,West,Medium,Pending,355.46,3016
977,Grocery,92.43,92.43,West,High,Cancelled,412.44,2059
978,Books,25.74,25.74,West,Low,Returned,107.99,2895
979,Toys,17.71,17.71,Central,High,Completed,56.78,6134
980,Sports,,292.69,North,Low,Pending,1275.51,6237
981,Books,48.86,48.86,South,Low,Pending,60.96,
982,Beauty,50.81,50.81,East,High,Returned,185.76,5643
983,Grocery,75.21,75.21,North,Low,Cancelled,157.74,3022
984,Toys,149.54,149.54,West,Low,Pending,430.54,7171
985,Electronics,1963.23,1963.23,South,Low,Pending,7345.84,3933
986,Beauty,110.47,110.47,South,High,Returned,244.93,6706
987,Sports,201.62,201.62,East,Medium,Pending,755.0,2594
988,Grocery,33.7,33.7,North,Low,Cancelled,91.72,3253
989,Beauty,105.91,105.91,South,High,Pending,442.52,1149
990,Books,44.93,44.93,South,Medium,Returned,164.16,1922
991,Clothing,77.56,77.56,North,High,Cancelled,255.35,7619
992,Furniture,198.58,198.58,West,Medium,Pending,703.32,2468
993,Beauty,130.41,130.41,East,Low,Returned,305.52,2353
994,Clothing,102.95,102.95,Central,High,Completed,336.11,8856
995,Toys,105.59,105.59,Central,High,Returned,299.2,8105
996,Toys,87.86,87.86,North,Low,Pending,219.86,7451
997,Beauty,14.27,14.27,Central,Low,Completed,56.58,2922
998,Grocery,86.48,86.48,North,Low,Returned,359.94,3110
999,Furniture,1992.66,1992.66,East,High,Completed,9795.32,6956
1000,Grocery,43.46,43.46,North,High,Cancelled,43.19,5807
1001,Beauty,25.28,25.28,East,Low,Cancelled,84.58,2622
1002,Electronics,512.35,512.35,East,High,Pending,1705.62,6882
1003,Toys,23.63,23.63,North,Low,Cancelled,44.77,3675
1004,Sports,233.47,233.47,West,Low,Pending,712.27,5413
1005,Furniture,2171.89,2171.89,Central,Low,Pending,5565.87,8104
1006,Sports,22.7,22.7,North,Medium,Completed,68.83,7664
1007,Clothing,72.58,72.58,East,Medium,Pending,322.92,1161
1008,Clothing,81.66,81.66,West,High,Completed,125.6,6022
1009,Beauty,18.85,18.85,Central,Medium,Cancelled,63.17,3797
1010,Books,57.06,57.06,East,Low,Returned,159.93,1155
1011,Grocery,66.44,66.44,Central,Low,Cancelled,67.9,7064
1012,Furniture,2066.82,2066.82,West,High,Returned,10214.71,9228
1013,Toys,44.99,44.99,South,Medium,Completed,215.02,6123
1014,Clothing,130.59,130.59,South,High,Pending,420.02,5683
1015,Beauty,,122.21,West,Low,Pending,343.97,9722
1016,Clothing,87.04,87.04,North,Low,Returned,326.48,5001
1017,Electronics,1234.38,1234.38,Central,High,Pending,1376.97,9416
1018,Books,57.39,57.39,West,High,Cancelled,279.65,5092
1019,Clothing,65.11,65.11,East,High,Completed,253.91,4562
1020,Toys,139.72,139.72,Central,High,Returned,635.51,1942
1021,Books,5.32,5.32,East,Medium,Completed,4.37,4050
1022,Sports,183.72,183.72,West,High,Completed,555.24,7729
1023,Clothing,,183.49,East,High,Returned,451.48,8017
1024,Grocery,54.57,54.57,West,Low,Returned,80.75,8110
1025,Electronics,750.51,750.51,South,High,Pending,1498.45,7898
1026,Books,54.55,54.55,South,Medium,Cancelled,70.86,9119
1027,Grocery,33.84,33.84,West,Low,Returned,45.75,1346
1028,Grocery,17.24,17.24,South,High,Cancelled,44.9,1131
1029,Sports,245.29,245.29,North,Medium,Pending,832.51,4061
1030,Furniture,915.3,915.3,East,Low,Pending,3293.79,8764
1031,Clothing,143.22,143.22,South,High,Pending,252.56,1628
1032,Toys,148.61,148.61,West,High,Pending,175.65,7673
1033,Toys,106.52,106.52,South,Medium,Returned,299.6,1846
1034,Toys,20.96,20.96,East,Low,Returned,38.51,3977
1035,Electronics,51.05,51.05,East,High,Cancelled,142.05,2650
1036,Sports,100.57,100.57,East,Medium,Cancelled,127.57,3134
1037,Books,24.83,24.83,Central,Low,Cancelled,44.71,7292
1038,Clothing,178.57,178.57,Central,High,Completed,582.77,4120
1039,Furniture,2143.51,2143.51,North,Low,Cancelled,4428.92,4309
1040,Grocery,6.29,6.29,Central,Low,Cancelled,28.59,6690
1041,Books,29.67,29.67,West,High,Returned,75.95,9255
1042,Electronics,375.52,375.52,South,Medium,Completed,1807.89,4116
1043,Sports,252.56,252.56,Central,High,Pending,666.39,7393
1044,Sports,307.54,307.54,North,High,Pending,1010.85,
1045,Beauty,78.05,78.05,East,Medium,Pending,159.59,2951
1046,Grocery,23.95,23.95,East,High,Pending,113.92,3178
1047,Toys,131.64,131.64,South,High,Completed,106.09,7047
1048,Books,9.58,9.58,Central,Medium,Pending,24.09,6318
1049,Electronics,,1270.61,East,High,Cancelled,1959.65,9804
1050,Clothing,147.29,147.29,East,Low,Pending,623.15,5403
1051,Furniture,1786.83,1786.83,West,High,Returned,3168.47,7039
1052,Grocery,90.41,90.41,South,Medium,Pending,382.03,9036
1053,Grocery,,65.46,South,High,Returned,241.35,3351
1054,Clothing,91.02,91.02,West,High,Pending,350.65,2633
1055,Sports,198.16,198.16,North,Low,Completed,268.54,5385
1056,Grocery,93.98,93.98,North,High,Cancelled,411.77,3281
1057,Beauty,115.15,115.15,South,Medium,Cancelled,323.73,9905
1058,Toys,95.99,95.99,North,High,Cancelled,118.14,7804
1059,Grocery,2.12,2.12,South,Medium,Returned,3.01,4700
1060,Sports,346.52,346.52,North,Medium,Pending,1719.16,5617
1061,Books,9.2,9.2,East,High,Completed,30.72,9691
1062,Books,37.98,37.98,South,Low,Cancelled,130.04,2702
1063,Toys,137.85,137.85,East,Low,Completed,567.0,3435
1064,Grocery,33.39,33.39,West,High,Completed,107.75,5562
1065,Grocery,10.86,10.86,South,Medium,Cancelled,23.25,7782
1066,Books,12.6,12.6,South,Medium,Returned,39.15,9070
1067,Furniture,1215.42,1215.42,West,Low,Pending,4561.46,1046
1068,Furniture,,2982.33,Central,Medium,Pending,13920.91,6723
1069,Books,51.68,51.68,South,Medium,Returned,72.63,7898
1070,Furniture,711.14,711.14,South,High,Pending,1696.31,
1071,Sports,192.13,192.13,Central,High,Returned,829.47,1494
1072,Grocery,37.79,37.79,North,High,Returned,53.99,3295
1073,Toys,73.18,73.18,West,Low,Completed,146.68,1526
1074,Grocery,,51.32,West,Low,Returned,160.5,9222
1075,Toys,107.86,107.86,South,Medium,Completed,322.53,3050
1076,Furniture,1261.17,1261.17,West,High,Completed,5334.18,6131
1077,Sports,415.35,415.35,East,Low,Returned,671.98,2274
1078,Books,38.18,38.18,North,High,Cancelled,56.64,4471
1079,Electronics,1525.22,1525.22,Central,High,Completed,2759.74,1735
1080,Beauty,11.62,11.62,East,High,Cancelled,45.98,9195
1081,Furniture,1011.97,1011.97,East,High,Completed,2217.77,9250
1082,Clothing,105.41,105.41,North,Low,Returned,295.49,1612
1083,Toys,28.38,28.38,North,Low,Completed,136.28,4533
1084,Grocery,77.34,77.34,Central,Low,Cancelled,207.23,5765
1085,Books,39.29,39.29,North,Low,Returned,70.89,2228
1086,Grocery,57.56,57.56,North,High,Pending,231.31,2428
1087,Beauty,18.65,18.65,East,High,Completed,36.86,2461
1088,Clothing,44.05,44.05,East,Medium,Cancelled,176.43,3301
1089,Clothing,194.62,194.62,East,Medium,Returned,490.04,3113
1090,Beauty,58.18,58.18,East,Medium,Completed,213.24,5306
1091,Electronics,1260.2,1260.2,South,Low,Completed,1826.23,7157
1092,Grocery,57.87,57.87,South,Medium,Returned,208.94,8675
1093,Beauty,20.82,20.82,North,Medium,Returned,34.1,6198
1094,Books,59.8,59.8,West,High,Cancelled,162.01,8699
1095,Grocery,64.74,64.74,North,Low,Returned,68.76,8046
1096,Beauty,35.95,35.95,North,Low,Returned,69.5,2369
1097,Grocery,8.79,8.79,East,Low,Returned,39.2,5250
1098,Grocery,83.39,83.39,West,Medium,Cancelled,124.34,7866
1099,Beauty,73.95,73.95,South,Low,Returned,169.32,7375
1100,Electronics,1143.77,1143.77,South,High,Pending,2470.17,6185
1101,Electronics,343.49,343.49,South,Medium,Cancelled,438.69,7658
1102,Toys,,80.5,West,High,Returned,280.42,1597
1103,Furniture,2262.55,2262.55,Central,High,Returned,3863.93,4131
1104,Electronics,772.0,772.0,East,Medium,Completed,2885.07,8471
1105,Sports,211.09,211.09,Central,Medium,Cancelled,269.39,8018
1106,Books,14.73,14.73,Central,Medium,Returned,29.42,8167
1107,Toys,106.8,106.8,North,High,Completed,125.65,
1108,Sports,60.8,60.8,Central,Low,Completed,210.42,1534
1109,Toys,128.5,128.5,West,Low,Returned,164.6,3038
1110,Books,58.22,58.22,West,Low,Returned,48.44,4668
1111,Toys,43.8,43.8,East,Medium,Pending,35.8,1535
1112,Electronics,101.18,101.18,Central,Low,Cancelled,223.34,8045
1113,Furniture,1711.64,1711.64,Central,Low,Returned,7325.66,8030
1114,Grocery,94.06,94.06,South,Medium,Cancelled,279.6,2631
1115,Grocery,51.42,51.42,West,Low,Cancelled,221.97,6282
1116,Furniture,,370.44,North,Low,Pending,339.63,2290
1117,Sports,22.39,22.39,West,Low,Cancelled,35.46,4633
1118,Toys,33.11,33.11,West,Medium,Completed,64.73,1379
1119,Clothing,31.08,31.08,North,High,Pending,61.74,2520
1120,Clothing,103.91,103.91,South,Medium,Completed,297.43,
1121,Clothing,102.44,102.44,South,Low,Returned,243.4,8387
1122,Grocery,,19.62,South,Low,Completed,25.35,6681
1123,Beauty,149.26,149.26,North,High,Cancelled,700.28,1484
1124,Electronics,1060.09,1060.09,South,Medium,Completed,4848.86,
1125,Grocery,23.54,23.54,South,Medium,Cancelled,66.44,6710
1126,Toys,72.72,72.72,West,Low,Returned,339.88,4242
1127,Toys,144.47,144.47,Central,Medium,Pending,597.41,8992
1128,Sports,442.6,442.6,East,Medium,Completed,1482.99,6782
1129,Books,54.38,54.38,West,High,Completed,262.33,7714
1130,Toys,92.56,92.56,Central,Medium,Returned,85.69,6286
1131,Sports,397.54,397.54,North,High,Cancelled,939.09,3003
1132,Electronics,,671.25,East,High,Returned,2136.84,4811
1133,Clothing,83.26,83.26,Central,High,Completed,262.77,2225
1134,Sports,344.24,344.24,East,High,Pending,347.19,1766
1135,Toys,66.08,66.08,South,Low,Cancelled,216.94,1348
1136,Toys,7.59,7.59,Central,High,Returned,15.14,7599
1137,Electronics,1796.87,1796.87,North,Medium,Completed,1961.66,7800
1138,Toys,44.83,44.83,West,High,Cancelled,128.84,
1139,Toys,105.99,105.99,North,Medium,Completed,97.83,
1140,Electronics,320.53,320.53,West,High,Pending,374.91,7043
1141,Electronics,1871.52,1871.52,East,High,Completed,1874.54,5320
1142,Books,42.84,42.84,West,Medium,Pending,200.68,2964
1143,Grocery,33.29,33.29,Central,Medium,Returned,120.06,4940
1144,Beauty,100.88,100.88,East,Low,Returned,176.39,5853
1145,Clothing,77.07,77.07,South,Low,Pending,286.61,9103
1146,Electronics,464.33,464.33,West,Medium,Pending,1322.46,9644
1147,Books,46.83,46.83,West,Low,Pending,204.22,3130
1148,Furniture,2758.42,2758.42,West,Low,Pending,11243.56,5552
1149,Sports,90.46,90.46,Central,Low,Completed,128.33,2805
1150,Furniture,148.11,148.11,East,High,Returned,530.22,5351
1151,Clothing,186.12,186.12,West,High,Pending,459.18,6467
1152,Electronics,910.61,910.61,North,Low,Returned,3528.07,5816
1153,Furniture,1267.81,1267.81,Central,Low,Returned,3775.79,1817
1154,Furniture,2881.02,2881.02,North,High,Cancelled,5193.97,5513
1155,Furniture,2659.54,2659.54,West,Medium,Returned,3259.21,5395
1156,Beauty,34.83,34.83,East,Low,Cancelled,131.12,1050
1157,Clothing,45.16,45.16,Central,Medium,Cancelled,197.84,3789
1158,Books,42.48,42.48,East,Medium,Pending,205.66,8011
1159,Books,6.15,6.15,North,High,Completed,20.26,1016
1160,Beauty,131.62,131.62,North,High,Cancelled,567.09,3741
1161,Grocery,77.98,77.98,East,Medium,Returned,303.05,5216
1162,Beauty,41.76,41.76,East,Medium,Cancelled,189.75,8935
1163,Clothing,61.29,61.29,North,High,Returned,269.45,3320
1164,Books,32.38,32.38,West,Medium,Pending,127.13,7189
1165,Clothing,193.44,193.44,Central,Medium,Pending,370.3,6426
1166,Sports,298.68,298.68,East,Medium,Pending,290.5,6624
1167,Clothing,92.36,92.36,East,Medium,Completed,449.96,3410
1168,Beauty,103.73,103.73,East,Low,Pending,215.27,5828
1169,Electronics,935.02,935.02,Central,High,Completed,2665.87,
1170,Books,,41.31,East,High,Cancelled,185.51,9224
1171,Grocery,95.46,95.46,South,Low,Pending,249.59,5764
1172,Furniture,193.2,193.2,South,Low,Returned,497.44,2607
1173,Toys,138.43,138.43,South,Low,Returned,505.47,3280
1174,Furniture,825.06,825.06,South,Medium,Cancelled,956.67,8555
1175,Grocery,38.84,38.84,West,High,Pending,116.97,9254
1176,Books,30.76,30.76,West,Medium,Returned,28.18,7896
1177,Clothing,153.61,153.61,East,High,Cancelled,205.0,5806
1178,Electronics,1522.9,1522.9,West,Low,Completed,4178.52,9487
1179,Beauty,126.68,126.68,East,Low,Completed,278.78,5760
1180,Beauty,105.14,105.14,North,Low,Completed,393.92,9115
1181,Grocery,23.91,23.91,South,Medium,Cancelled,91.35,8945
1182,Furniture,,432.66,Central,High,Completed,795.34,1403
1183,Beauty,61.65,61.65,East,Medium,Returned,303.77,9957
1184,Toys,124.14,124.14,Central,High,Returned,175.56,
1185,Grocery,82.22,82.22,South,Low,Pending,230.2,2638
1186,Beauty,58.26,58.26,West,Low,Completed,160.14,3427
1187,Electronics,602.67,602.67,West,High,Cancelled,568.41,8282
1188,Electronics,1820.81,1820.81,South,Medium,Returned,3574.24,6861
1189,Furniture,1111.62,1111.62,West,Low,Completed,1703.99,6558
1190,Beauty,108.7,108.7,East,Low,Cancelled,508.56,8925
1191,Sports,481.65,481.65,South,Low,Cancelled,647.13,6703
1192,Sports,,43.11,South,High,Completed,154.94,8805
1193,Books,46.8,46.8,South,High,Pending,180.57,7882
1194,Clothing,21.77,21.77,North,Low,Completed,57.79,1482
1195,Grocery,33.47,33.47,West,High,Pending,54.29,5687
1196,Furniture,683.46,683.46,Central,High,Completed,2217.73,2576
1197,Furniture,196.39,196.39,North,Medium,Returned,625.86,6582
1198,Grocery,68.87,68.87,Central,Medium,Pending,295.87,8761
1199,Books,24.61,24.61,South,High,Returned,63.88,2161
1200,Clothing,34.17,34.17,North,High,Returned,60.43,6421
1201,Electronics,486.84,486.84,East,Medium,Cancelled,528.42,5719
1202,Clothing,111.54,111.54,Central,Low,Cancelled,276.25,2816
1203,Beauty,140.85,140.85,North,High,Cancelled,361.97,1973
1204,Grocery,22.01,22.01,East,Low,Completed,39.39,1579
1205,Books,58.96,58.96,Central,Low,Completed,266.95,3121
1206,Toys,109.88,109.88,West,Low,Pending,388.03,5971
1207,Furniture,162.19,162.19,South,Low,Returned,594.29,8899
1208,Electronics,804.89,804.89,South,Medium,Returned,2501.67,2933
1209,Books,24.35,24.35,North,High,Pending,28.89,
1210,Sports,376.26,376.26,Central,Low,Completed,1866.98,
1211,Furniture,2456.6,2456.6,South,Medium,Pending,4881.03,5001
1212,Toys,23.81,23.81,North,Low,Completed,26.69,4372
1213,Beauty,107.26,107.26,South,Medium,Cancelled,509.91,5795
1214,Furniture,1627.85,1627.85,Central,Low,Completed,1671.46,8966
1215,Toys,16.37,16.37,Central,High,Cancelled,64.11,7101
1216,Grocery,5.52,5.52,West,Low,Returned,26.51,
1217,Electronics,577.08,577.08,East,High,Completed,1138.11,9115
1218,Electronics,1732.41,1732.41,North,High,Pending,4145.96,9724
1219,Electronics,1337.78,1337.78,East,High,Cancelled,6254.57,4547
1220,Electronics,714.84,714.84,West,Medium,Completed,2995.94,5709
1221,Beauty,66.46,66.46,Central,Medium,Pending,321.22,4903
1222,Grocery,90.96,90.96,East,High,Pending,367.44,7465
1223,Electronics,1250.32,1250.32,East,Low,Completed,1653.03,6259
1224,Toys,127.9,127.9,North,Medium,Completed,352.88,8867
1225,Furniture,1284.97,1284.97,North,Medium,Cancelled,6172.78,5227
1226,Toys,42.63,42.63,South,Low,Pending,60.41,1812
1227,Furniture,431.9,431.9,Central,Medium,Cancelled,421.63,1996
1228,Toys,,146.42,East,Low,Completed,486.47,2269
1229,Beauty,21.41,21.41,South,Medium,Cancelled,91.69,2169
1230,Sports,439.17,439.17,East,Low,Cancelled,969.22,7139
1231,Beauty,141.66,141.66,North,High,Cancelled,139.87,1418
1232,Clothing,125.72,125.72,Central,Low,Cancelled,596.89,1534
1233,Grocery,39.35,39.35,North,High,Pending,124.92,9982
1234,Sports,274.09,274.09,Central,High,Returned,978.13,6192
1235,Toys,33.28,33.28,South,Medium,Pending,138.31,4782
1236,Beauty,50.65,50.65,South,Medium,Returned,117.5,9284
1237,Clothing,183.78,183.78,Central,High,Returned,753.95,3052
1238,Furniture,2351.7,2351.7,Central,Low,Pending,7862.42,6596
1239,Books,11.49,11.49,Central,High,Returned,39.72,3947
1240,Beauty,7.25,7.25,East,Low,Returned,28.42,1558
1241,Sports,21.73,21.73,North,High,Returned,99.91,7591
1242,Furniture,2164.75,2164.75,East,Low,Completed,10770.42,
1243,Books,57.25,57.25,West,Low,Returned,115.36,3205
1244,Grocery,72.92,72.92,Central,High,Pending,332.63,7060
1245,Beauty,60.01,60.01,Central,Low,Cancelled,286.13,5871
1246,Beauty,54.46,54.46,Central,Low,Returned,108.82,3923
1247,Grocery,6.11,6.11,South,Medium,Cancelled,19.65,2629
1248,Books,20.66,20.66,East,Medium,Returned,35.93,5250
1249,Clothing,185.66,185.66,South,High,Pending,579.09,3766
1250,Electronics,1216.86,1216.86,Central,Low,Pending,1007.55,1422
1251,Books,16.17,16.17,Central,Medium,Returned,48.31,5832
1252,Clothing,146.09,146.09,North,Medium,Returned,419.52,3241
1253,Toys,111.09,111.09,East,High,Pending,428.24,9307
1254,Books,20.19,20.19,Central,Low,Completed,76.09,1628
1255,Sports,59.22,59.22,Central,Medium,Pending,256.66,1583
1256,Electronics,529.53,529.53,South,Low,Pending,1013.63,4065
1257,Beauty,45.98,45.98,North,Low,Pending,37.4,4416
1258,Grocery,5.8,5.8,Central,Medium,Pending,20.17,3950
1259,Toys,126.9,126.9,West,Medium,Returned,420.16,5840
1260,Clothing,51.6,51.6,East,Medium,Returned,111.8,2897
1261,Grocery,47.54,47.54,North,Medium,Returned,178.76,8925
1262,Beauty,92.15,92.15,North,Medium,Cancelled,270.13,7701
1263,Electronics,1146.4,1146.4,East,Medium,Returned,4812.5,5271
1264,Electronics,573.22,573.22,East,Low,Completed,1201.32,3728
1265,Furniture,2360.7,2360.7,Central,Low,Cancelled,3169.72,1345
1266,Sports,54.22,54.22,East,Low,Completed,192.52,6932
1267,Furniture,2957.13,2957.13,West,Low,Pending,5969.82,7125
1268,Books,27.74,27.74,South,High,Completed,120.7,9627
1269,Clothing,105.28,105.28,North,High,Cancelled,217.53,5051
1270,Electronics,581.29,581.29,West,Low,Returned,785.33,5423
1271,Clothing,24.54,24.54,West,High,Completed,96.18,3487
1272,Clothing,149.82,149.82,South,Low,Cancelled,613.67,1383
1273,Toys,44.74,44.74,East,Low,Returned,106.55,4641
1274,Sports,284.89,284.89,Central,Low,Pending,685.48,7449
1275,Books,46.95,46.95,West,High,Completed,115.91,7059
1276,Beauty,86.66,86.66,East,High,Completed,104.05,9025
1277,Furniture,343.28,343.28,West,Low,Pending,359.59,7747
1278,Toys,112.37,112.37,North,Medium,Returned,501.17,4427
1279,Beauty,84.11,84.11,South,Medium,Returned,317.7,2334
1280,Clothing,90.88,90.88,South,High,Pending,271.16,4233
1281,Beauty,131.11,131.11,West,Medium,Pending,449.69,3291
1282,Sports,205.71,205.71,West,Medium,Cancelled,615.98,7088
1283,Grocery,15.87,15.87,South,Low,Cancelled,47.31,8583
1284,Furniture,2814.99,2814.99,South,High,Returned,2368.11,3463
1285,Beauty,14.72,14.72,East,Low,Pending,24.1,8513
1286,Books,10.21,10.21,Central,High,Completed,23.2,4703
1287,Books,39.59,39.59,East,Medium,Returned,128.86,7607
1288,Toys,86.36,86.36,South,High,Pending,106.44,3921
1289,Toys,86.73,86.73,Central,Low,Returned,189.65,5542
1290,Beauty,,35.35,South,High,Completed,166.29,3348
1291,Grocery,,48.6,North,High,Pending,143.33,8728
1292,Books,21.64,21.64,South,Low,Returned,51.6,8773
1293,Books,22.15,22.15,Central,High,Pending,106.6,5550
1294,Grocery,84.31,84.31,West,Low,Cancelled,310.14,8133
1295,Books,14.79,14.79,West,Low,Cancelled,57.08,4129
1296,Sports,193.36,193.36,North,High,Returned,447.85,6085
1297,Books,10.18,10.18,East,Low,Completed,34.09,
1298,Toys,98.04,98.04,East,Medium,Completed,478.32,8713
1299,Beauty,76.09,76.09,Central,High,Completed,178.97,3509
1300,Grocery,87.35,87.35,West,High,Completed,232.54,6148
1301,Clothing,173.0,173.0,South,Low,Completed,380.11,6185
1302,Grocery,90.76,90.76,East,Low,Completed,431.14,2007
1303,Clothing,46.66,46.66,South,Low,Cancelled,53.78,5514
1304,Furniture,2097.28,2097.28,North,Medium,Cancelled,6615.55,8639
1305,Clothing,117.58,117.58,North,High,Pending,454.34,1329
1306,Grocery,79.3,79.3,East,Medium,Completed,355.6,6042
1307,Furniture,2267.48,2267.48,East,High,Returned,8536.7,3300
1308,Books,27.77,27.77,East,High,Pending,136.43,8202
1309,Toys,18.4,18.4,East,Medium,Returned,78.82,3793
1310,Electronics,1901.85,1901.85,South,Low,Pending,9459.37,5729
1311,Furniture,1092.33,1092.33,Central,Low,Cancelled,1290.24,5230
1312,Furniture,1456.3,1456.3,North,Low,Pending,4071.64,6291
1313,Books,36.01,36.01,North,Medium,Completed,124.01,1129
1314,Grocery,43.3,43.3,North,High,Cancelled,90.34,4050
1315,Electronics,906.07,906.07,Central,Low,Returned,3506.5,4990
1316,Toys,109.89,109.89,West,Low,Returned,226.45,4838
1317,Clothing,89.99,89.99,Central,Medium,Completed,133.99,5924
1318,Furniture,2859.33,2859.33,South,High,Cancelled,11757.54,2481
1319,Toys,119.97,119.97,East,Medium,Returned,179.29,
1320,Grocery,21.64,21.64,East,High,Pending,38.78,2477
1321,Furniture,547.0,547.0,East,High,Returned,803.64,7456
1322,Furniture,2747.22,2747.22,West,Low,Pending,11002.17,3105
1323,Books,46.97,46.97,East,Medium,Returned,155.34,6683
1324,Beauty,102.13,102.13,North,High,Pending,411.07,6568
1325,Electronics,1240.6,1240.6,North,Low,Pending,1711.95,4460
1326,Toys,68.13,68.13,South,Medium,Pending,136.05,8875
1327,Electronics,558.99,558.99,South,High,Returned,2049.16,8617
1328,Clothing,75.79,75.79,West,High,Pending,162.18,7291
1329,Beauty,6.68,6.68,West,Medium,Completed,13.84,2899
1330,Beauty,77.8,77.8,East,Low,Cancelled,98.73,7947
1331,Sports,436.45,436.45,North,Medium,Cancelled,711.4,8454
1332,Sports,33.79,33.79,North,Medium,Returned,79.13,7050
1333,Toys,66.73,66.73,North,Low,Cancelled,103.48,1287
1334,Beauty,52.07,52.07,Central,High,Cancelled,201.72,7491
1335,Furniture,608.18,608.18,South,Low,Pending,2103.25,5500
1336,Books,58.45,58.45,South,Low,Returned,56.74,1627
1337,Grocery,61.72,61.72,North,Medium,Completed,136.93,5947
1338,Sports,206.36,206.36,East,Low,Completed,890.4,2907
1339,Furniture,1755.6,1755.6,Central,Low,Pending,6523.6,
1340,Beauty,36.21,36.21,East,Low,Pending,71.07,7531
1341,Grocery,68.46,68.46,West,High,Completed,279.63,5501
1342,Toys,72.05,72.05,East,High,Pending,125.67,4621
1343,Clothing,126.16,126.16,Central,Medium,Returned,437.28,7374
1344,Beauty,,139.83,East,Medium,Cancelled,594.98,9175
1345,Furniture,1643.5,1643.5,West,Medium,Returned,1537.53,2287
1346,Beauty,86.39,86.39,South,Low,Cancelled,179.43,8397
1347,Beauty,9.29,9.29,South,Low,Cancelled,29.47,1383
1348,Toys,85.68,85.68,South,Medium,Pending,204.72,3023
1349,Clothing,85.19,85.19,North,Low,Cancelled,132.06,7571
1350,Sports,182.49,182.49,Central,Medium,Cancelled,736.55,6206
1351,Sports,120.3,120.3,West,Medium,Returned,175.55,7554
1352,Toys,5.48,5.48,West,Low,Pending,20.11,7850
1353,Sports,211.04,211.04,Central,High,Pending,709.26,2319
1354,Sports,473.29,473.29,South,High,Returned,1739.02,1372
1355,Sports,280.51,280.51,South,Medium,Cancelled,1076.28,8736
1356,Furniture,1035.9,1035.9,North,High,Returned,2826.57,8268
1357,Furniture,2410.59,2410.59,Central,Low,Completed,10065.38,3609
1358,Furniture,1440.42,1440.42,North,Low,Completed,5278.42,9515
1359,Beauty,130.01,130.01,West,Medium,Completed,494.86,9751
1360,Electronics,905.12,905.12,North,Medium,Returned,3872.91,1653
1361,Books,26.97,26.97,West,Medium,Completed,33.31,2831
1362,Grocery,37.91,37.91,South,High,Returned,63.78,2213
1363,Beauty,135.38,135.38,South,Medium,Cancelled,276.21,8378
1364,Toys,87.39,87.39,South,High,Cancelled,79.43,6942
1365,Toys,49.47,49.47,Central,Low,Cancelled,138.33,5831
1366,Grocery,74.89,74.89,South,Low,Cancelled,330.15,4734
1367,Electronics,1709.29,1709.29,South,Low,Completed,3229.82,9467
1368,Sports,243.72,243.72,East,Low,Pending,795.98,9574
1369,Books,25.79,25.79,South,Low,Returned,39.63,1233
1370,Clothing,75.05,75.05,South,High,Cancelled,251.89,2959
1371,Furniture,1133.85,1133.85,North,Low,Pending,4437.65,1538
1372,Sports,316.94,316.94,Central,High,Cancelled,990.06,9810
1373,Clothing,194.38,194.38,Central,Low,Pending,355.27,3993
1374,Furniture,762.19,762.19,South,High,Cancelled,2376.74,4113
1375,Clothing,182.17,182.17,East,High,Pending,319.87,8819
1376,Beauty,19.25,19.25,North,Medium,Completed,31.28,2366
1377,Beauty,33.62,33.62,South,Low,Returned,69.25,
1378,Sports,431.96,431.96,West,Low,Pending,1414.04,8475
1379,Electronics,540.91,540.91,East,Medium,Pending,1179.34,5649
1380,Toys,43.31,43.31,East,Medium,Cancelled,148.5,3984
1381,Beauty,5.95,5.95,Central,Medium,Returned,8.84,8078
1382,Toys,18.71,18.71,East,Low,Pending,30.18,4797
1383,Furniture,990.88,990.88,Central,Medium,Completed,3642.41,4445
1384,Grocery,33.73,33.73,West,High,Pending,113.42,9461
1385,Beauty,99.76,99.76,East,High,Cancelled,277.56,5974
1386,Books,12.97,12.97,East,Low,Cancelled,34.87,7447
1387,Sports,12.78,12.78,North,Medium,Cancelled,44.89,8485
1388,Toys,7.82,7.82,South,Low,Cancelled,15.94,6273
1389,Sports,397.55,397.55,Central,Low,Pending,1649.59,8210
1390,Toys,20.49,20.49,East,Low,Returned,97.42,1753
1391,Sports,347.02,347.02,West,High,Cancelled,1716.05,1971
1392,Clothing,20.66,20.66,Central,Medium,Returned,96.67,3200
1393,Clothing,71.66,71.66,West,High,Pending,234.84,2441
1394,Beauty,40.56,40.56,East,Low,Cancelled,149.92,2114
1395,Books,57.65,57.65,West,Low,Pending,90.71,8549
1396,Books,23.32,23.32,East,Medium,Completed,32.39,8001
1397,Sports,404.97,404.97,Central,High,Cancelled,351.53,1525
1398,Books,48.46,48.46,Central,Medium,Completed,188.25,2840
1399,Grocery,80.26,80.26,North,Low,Returned,269.84,2197
1400,Sports,410.7,410.7,South,Low,Cancelled,454.53,6567
1401,Beauty,81.52,81.52,West,High,Returned,262.0,
1402,Sports,19.25,19.25,West,High,Cancelled,84.57,6351
1403,Beauty,99.77,99.77,Central,Medium,Pending,158.95,6054
1404,Grocery,11.89,11.89,North,High,Cancelled,57.19,6166
1405,Furniture,2008.68,2008.68,South,Medium,Cancelled,3572.46,6821
1406,Electronics,317.76,317.76,West,High,Returned,288.14,4417
1407,Sports,34.12,34.12,South,High,Returned,111.88,3868
1408,Clothing,40.95,40.95,West,Low,Cancelled,161.7,4129
1409,Furniture,2956.94,2956.94,East,Medium,Cancelled,8683.61,1264
1410,Electronics,791.06,791.06,North,Medium,Cancelled,3775.0,8113
1411,Toys,38.26,38.26,West,Medium,Completed,183.48,6296
1412,Electronics,324.43,324.43,Central,High,Pending,966.22,8697
1413,Electronics,169.3,169.3,East,Medium,Returned,720.82,3861
1414,Grocery,74.71,74.71,South,Medium,Completed,306.58,
1415,Furniture,987.59,987.59,East,Low,Cancelled,908.2,
1416,Electronics,1783.2,1783.2,South,Medium,Completed,5466.93,9604
1417,Grocery,,17.5,South,High,Returned,86.63,8793
1418,Beauty,147.59,147.59,Central,Medium,Pending,649.26,1011
1419,Toys,74.06,74.06,East,High,Cancelled,263.41,2579
1420,Beauty,76.46,76.46,Central,High,Pending,131.6,3336
1421,Furniture,2011.71,2011.71,West,Medium,Completed,3719.79,5933
1422,Books,44.08,44.08,Central,Low,Cancelled,175.95,7914
1423,Books,41.37,41.37,North,Low,Returned,142.89,3984
1424,Electronics,328.76,328.76,South,High,Returned,708.36,8927
1425,Books,15.33,15.33,Central,Medium,Returned,76.18,5305
1426,Beauty,22.08,22.08,Central,Medium,Cancelled,110.09,6586
1427,Beauty,116.94,116.94,North,Low,Cancelled,468.43,6987
1428,Sports,324.72,324.72,South,High,Pending,1589.62,2970
1429,Toys,23.31,23.31,West,Medium,Completed,113.25,3991
1430,Sports,411.81,411.81,Central,High,Pending,1782.34,1273
1431,Furniture,2226.9,2226.9,Central,High,Completed,9266.34,4775
1432,Grocery,38.7,38.7,South,Low,Pending,168.02,3491
1433,Sports,430.56,430.56,West,Medium,Returned,1973.69,8807
1434,Beauty,51.68,51.68,East,High,Completed,95.9,6105
1435,Furniture,2776.85,2776.85,North,High,Returned,3857.8,3625
1436,Furniture,1234.59,1234.59,West,Medium,Pending,2276.59,4707
1437,Toys,25.36,25.36,Central,Low,Pending,42.21,5513
1438,Books,5.59,5.59,East,Low,Completed,22.59,4804
1439,Beauty,48.33,48.33,Central,Medium,Pending,52.95,6593
1440,Toys,142.68,142.68,East,High,Returned,369.37,8983
1441,Toys,37.57,37.57,Central,Low,Cancelled,68.13,9102
1442,Sports,216.62,216.62,East,Low,Cancelled,996.42,6387
1443,Sports,336.82,336.82,East,High,Completed,412.52,4977
1444,Beauty,37.1,37.1,East,High,Returned,117.04,7157
1445,Sports,30.63,30.63,North,Low,Completed,39.62,6909
1446,Sports,409.49,409.49,North,Medium,Returned,1793.31,9564
1447,Electronics,1883.38,1883.38,West,Low,Completed,3215.62,6389
1448,Clothing,65.53,65.53,North,Low,Returned,286.21,6636
1449,Books,58.55,58.55,West,High,Cancelled,159.52,5311
1450,Grocery,22.52,22.52,Central,Low,Cancelled,88.07,3818
1451,Beauty,129.21,129.21,Central,Low,Pending,275.15,2481
1452,Sports,163.33,163.33,South,Medium,Pending,312.23,6744
1453,Books,49.32,49.32,South,High,Cancelled,42.76,6087
1454,Toys,114.73,114.73,West,Low,Completed,187.49,7629
1455,Toys,26.14,26.14,East,Medium,Pending,122.06,5815
1456,Clothing,71.53,71.53,North,High,Pending,257.76,9101
1457,Furniture,2516.42,2516.42,South,High,Returned,8860.72,1203
1458,Toys,,40.33,Central,Medium,Returned,102.48,4149
1459,Sports,101.17,101.17,West,Low,Returned,398.26,6963
1460,Toys,67.54,67.54,South,Medium,Cancelled,75.89,6270
1461,Furniture,2407.12,2407.12,North,Low,Returned,7338.13,4732
1462,Books,44.47,44.47,Central,High,Returned,85.84,8540
1463,Beauty,77.08,77.08,South,High,Returned,242.63,6695
1464,Beauty,130.8,130.8,East,High,Cancelled,417.64,1451
1465,Beauty,67.47,67.47,South,Medium,Pending,241.51,5991
1466,Books,17.79,17.79,Central,Medium,Pending,71.49,6152
1467,Electronics,1943.23,1943.23,East,Low,Completed,7876.7,2042
1468,Sports,367.89,367.89,South,Low,Pending,1585.64,
1469,Beauty,110.66,110.66,North,Medium,Returned,462.63,8772
1470,Grocery,85.03,85.03,East,Medium,Pending,320.61,9186
1471,Clothing,45.07,45.07,South,Medium,Completed,100.36,9583
1472,Toys,7.96,7.96,Central,High,Cancelled,9.56,
1473,Electronics,59.09,59.09,North,Low,Cancelled,260.55,4088
1474,Beauty,31.36,31.36,East,High,Pending,104.08,8220
1475,Grocery,51.72,51.72,West,High,Completed,244.54,2970
1476,Toys,140.58,140.58,South,Low,Pending,643.99,3543
1477,Books,56.58,56.58,Central,Medium,Returned,269.6,2072
1478,Books,18.54,18.54,West,High,Returned,18.07,8871
1479,Clothing,171.08,171.08,East,Low,Returned,680.74,5629
1480,Books,12.45,12.45,East,Low,Returned,31.1,9035
1481,Electronics,1007.92,1007.92,West,Low,Returned,2101.28,5705
1482,Electronics,1078.72,1078.72,North,Medium,Pending,3766.8,9753
1483,Electronics,142.05,142.05,South,Medium,Completed,605.1,8107
1484,Grocery,51.86,51.86,North,High,Completed,141.08,4630
1485,Books,9.01,9.01,South,Low,Completed,8.92,2905
1486,Toys,5.69,5.69,East,High,Returned,24.31,7585
1487,Electronics,354.06,354.06,Central,Low,Cancelled,1594.75,6074
1488,Furniture,2826.79,2826.79,East,Medium,Completed,7199.06,5556
1489,Furniture,2468.5,2468.5,Central,High,Returned,2408.16,3111
1490,Furniture,304.52,304.52,South,Medium,Completed,478.13,5202
1491,Sports,149.56,149.56,Central,Medium,Completed,597.66,4311
1492,Clothing,115.4,115.4,South,Low,Completed,319.61,4746
1493,Electronics,1674.53,1674.53,North,High,Returned,5667.19,3338
1494,Beauty,91.57,91.57,Central,High,Pending,352.05,
1495,Electronics,1899.75,1899.75,East,High,Cancelled,5206.36,1924
1496,Sports,196.22,196.22,Central,High,Pending,308.58,8190
1497,Electronics,1749.11,1749.11,South,Low,Cancelled,5490.08,6202
1498,Electronics,267.16,267.16,Central,Low,Completed,907.83,6270
1499,Books,7.11,7.11,South,High,Returned,5.79,7349
1500,Clothing,172.83,172.83,North,Low,Completed,152.63,8805
1501,Sports,148.41,148.41,West,Low,Pending,544.38,6654
1502,Beauty,74.47,74.47,West,Low,Cancelled,129.59,3856
1503,Sports,499.58,499.58,East,Low,Completed,1305.55,1697
1504,Beauty,64.5,64.5,South,Medium,Pending,279.19,7648
1505,Sports,442.97,442.97,West,Medium,Returned,1216.74,7535
1506,Grocery,72.88,72.88,South,Low,Pending,232.28,6954
1507,Beauty,84.49,84.49,West,Medium,Cancelled,143.36,2780
1508,Beauty,48.55,48.55,Central,Medium,Completed,79.5,3567
1509,Sports,469.19,469.19,West,High,Pending,1135.95,5478
1510,Grocery,64.84,64.84,South,High,Returned,138.06,3139
1511,Beauty,50.85,50.85,Central,Low,Completed,185.09,2404
1512,Electronics,66.9,66.9,North,Medium,Completed,141.55,4326
1513,Grocery,95.88,95.88,North,Medium,Cancelled,311.66,8783
1514,Books,43.7,43.7,North,Low,Pending,200.3,7802
1515,Clothing,111.14,111.14,South,Low,Returned,415.6,5086
1516,Clothing,136.14,136.14,West,High,Completed,186.45,7215
1517,Beauty,,29.72,East,Medium,Pending,79.61,
1518,Beauty,142.26,142.26,East,High,Cancelled,154.97,5916
1519,Sports,459.21,459.21,South,Low,Cancelled,931.22,2361
1520,Books,38.15,38.15,North,Low,Returned,189.42,5140
1521,Furniture,1588.93,1588.93,North,Medium,Cancelled,7316.12,4912
1522,Toys,43.15,43.15,East,High,Cancelled,170.44,8505
1523,Clothing,73.25,73.25,Central,High,Completed,151.73,8702
1524,Sports,200.31,200.31,East,Low,Returned,442.62,7955
1525,Sports,356.57,356.57,East,Low,Cancelled,1112.5,5369
1526,Clothing,183.54,183.54,North,Low,Cancelled,810.92,1376
1527,Grocery,81.01,81.01,North,High,Cancelled,86.91,4882
1528,Clothing,,174.1,North,Low,Cancelled,775.56,3559
1529,Beauty,96.5,96.5,North,Low,Completed,99.96,2329
1530,Grocery,10.99,10.99,North,Medium,Pending,18.5,7338
1531,Books,39.4,39.4,South,Low,Returned,131.71,5719
1532,Electronics,912.91,912.91,North,High,Pending,1739.73,4102
1533,Clothing,143.54,143.54,South,Medium,Pending,212.75,5861
1534,Sports,258.26,258.26,West,Medium,Cancelled,1004.34,5123
1535,Toys,114.37,114.37,North,Medium,Cancelled,525.11,8046
1536,Clothing,138.07,138.07,West,High,Completed,295.09,6922
1537,Clothing,118.15,118.15,East,Medium,Cancelled,462.82,9187
1538,Toys,115.69,115.69,South,High,Pending,113.3,8617
1539,Beauty,52.03,52.03,West,Medium,Returned,140.44,7317
1540,Sports,475.32,475.32,East,Medium,Pending,1177.63,
1541,Grocery,16.8,16.8,South,High,Completed,41.05,6526
1542,Furniture,162.87,162.87,East,Low,Cancelled,286.08,9177
1543,Sports,223.2,223.2,West,Low,Completed,509.82,6296
1544,Beauty,93.13,93.13,Central,Medium,Pending,237.36,
1545,Toys,96.57,96.57,East,Low,Returned,325.33,9677
1546,Toys,54.46,54.46,South,Medium,Returned,58.01,7832
1547,Furniture,707.42,707.42,South,Medium,Returned,2903.67,6424
1548,Furniture,2715.38,2715.38,Central,High,Pending,11447.91,8696
1549,Electronics,661.25,661.25,West,High,Cancelled,754.81,5358
1550,Clothing,95.4,95.4,East,Low,Pending,222.08,8761
1551,Furniture,,747.67,East,Low,Returned,2362.55,6243
1552,Beauty,147.87,147.87,Central,High,Pending,713.1,2972
1553,Toys,111.35,111.35,South,Low,Cancelled,205.17,1178
1554,Toys,42.84,42.84,North,High,Returned,48.43,3418
1555,Beauty,95.75,95.75,Central,Medium,Cancelled,119.93,5521
1556,Furniture,2148.26,2148.26,South,Low,Pending,4631.17,
1557,Electronics,1742.09,1742.09,East,High,Cancelled,7479.8,1417
1558,Sports,326.7,326.7,East,Low,Completed,1144.5,1645
1559,Electronics,1459.41,1459.41,West,High,Completed,2025.12,3676
1560,Furniture,366.39,366.39,East,Medium,Completed,928.1,9068
1561,Sports,277.1,277.1,West,Low,Pending,859.57,4395
1562,Beauty,28.06,28.06,East,High,Pending,29.11,1396
1563,Electronics,1303.66,1303.66,West,High,Completed,2242.04,3500
1564,Grocery,51.06,51.06,West,High,Cancelled,146.41,7798
1565,Clothing,17.62,17.62,South,High,Returned,14.63,7031
1566,Grocery,40.92,40.92,North,Low,Cancelled,78.39,7363
1567,Grocery,83.81,83.81,East,Medium,Pending,182.17,2952
1568,Toys,70.49,70.49,Central,Medium,Pending,111.11,
1569,Clothing,151.13,151.13,South,Low,Cancelled,649.6,5970
1570,Books,30.51,30.51,South,Low,Cancelled,52.19,
1571,Electronics,472.03,472.03,East,High,Returned,2254.67,6363
1572,Beauty,147.71,147.71,South,Medium,Returned,466.1,5071
1573,Clothing,127.11,127.11,North,Low,Completed,559.3,1000
1574,Toys,69.53,69.53,South,High,Completed,163.1,7933
1575,Books,9.19,9.19,North,Medium,Completed,42.03,5304
1576,Beauty,139.87,139.87,South,High,Completed,629.03,3860
1577,Electronics,269.54,269.54,West,Low,Cancelled,521.37,8859
1578,Clothing,148.97,148.97,North,Medium,Returned,137.88,8630
1579,Sports,,95.76,North,Low,Completed,462.48,5613
1580,Beauty,34.39,34.39,East,High,Pending,127.13,1722
1581,Sports,283.88,283.88,South,Low,Completed,568.72,7017
1582,Beauty,124.0,124.0,East,Low,Cancelled,477.4,6254
1583,Books,27.39,27.39,East,Medium,Cancelled,110.18,9102
1584,Sports,186.56,186.56,Central,Medium,Pending,410.02,8644
1585,Beauty,114.29,114.29,South,High,Cancelled,334.49,3376
1586,Books,34.71,34.71,South,Low,Pending,170.23,7493
1587,Clothing,166.45,166.45,Central,Low,Completed,496.39,5173
1588,Grocery,74.49,74.49,East,Medium,Completed,161.42,7116
1589,Sports,266.33,266.33,South,Low,Cancelled,1051.81,2743
1590,Furniture,1957.36,1957.36,South,Low,Completed,8908.67,2766
1591,Beauty,25.93,25.93,East,High,Returned,53.73,2582
1592,Furniture,168.17,168.17,North,High,Pending,719.12,2098
1593,Toys,70.63,70.63,East,Low,Returned,59.64,6622
1594,Sports,193.71,193.71,Central,Low,Returned,671.77,9050
1595,Electronics,1024.99,1024.99,East,Low,Returned,4527.31,9831
1596,Clothing,90.31,90.31,East,Low,Returned,449.52,8986
1597,Clothing,100.23,100.23,North,High,Completed,271.59,4954
1598,Beauty,9.98,9.98,West,High,Returned,11.96,1462
1599,Beauty,15.02,15.02,East,Low,Returned,62.57,1798
1600,Toys,89.92,89.92,West,High,Returned,182.74,5756
1601,Books,28.47,28.47,North,High,Returned,80.92,
1602,Grocery,77.7,77.7,South,High,Cancelled,344.63,9083
1603,Furniture,2170.1,2170.1,North,High,Pending,3004.86,1387
1604,Beauty,76.94,76.94,West,High,Cancelled,266.7,8760
1605,Electronics,593.86,593.86,West,High,Completed,692.69,6859
1606,Beauty,63.19,63.19,South,High,Completed,93.55,4219
1607,Beauty,100.68,100.68,Central,Medium,Returned,108.8,4039
1608,Sports,66.77,66.77,South,High,Cancelled,90.77,1183
1609,Books,8.3,8.3,North,Low,Cancelled,27.05,
1610,Grocery,33.31,33.31,West,High,Pending,119.55,4508
1611,Clothing,42.76,42.76,Central,High,Pending,154.01,3382
1612,Clothing,100.76,100.76,North,Low,Pending,185.17,6926
1613,Furniture,2501.13,2501.13,West,High,Cancelled,10201.24,
1614,Books,26.49,26.49,South,Low,Pending,74.53,9348
1615,Sports,326.56,326.56,South,High,Cancelled,943.09,1506
1616,Sports,42.5,42.5,South,Low,Completed,99.96,8610
1617,Books,21.69,21.69,East,Medium,Returned,63.94,3248
1618,Beauty,53.88,53.88,East,Low,Completed,100.04,5444
1619,Toys,91.19,91.19,East,High,Pending,206.43,6488
1620,Sports,146.48,146.48,South,Low,Pending,610.74,4112
1621,Books,44.19,44.19,South,Medium,Pending,57.11,5775
1622,Furniture,696.63,696.63,East,High,Returned,1654.49,5435
1623,Beauty,82.92,82.92,Central,High,Cancelled,109.67,7440
1624,Electronics,179.77,179.77,East,Medium,Returned,849.58,5539
1625,Sports,107.6,107.6,West,Low,Returned,355.1,7338
1626,Books,11.57,11.57,East,High,Completed,50.42,9986
1627,Toys,23.48,23.48,West,High,Completed,106.68,1161
1628,Clothing,74.15,74.15,East,Medium,Returned,134.28,5370
1629,Books,51.24,51.24,Central,Low,Cancelled,205.06,7279
1630,Furniture,,1670.96,South,High,Cancelled,7018.22,5033
1631,Sports,118.28,118.28,South,High,Pending,233.46,
1632,Toys,68.1,68.1,West,Medium,Pending,120.89,7693
1633,Beauty,69.17,69.17,West,Low,Returned,62.03,4360
1634,Beauty,68.31,68.31,East,Medium,Completed,197.82,8244
1635,Furniture,1181.59,1181.59,Central,Low,Returned,1780.9,4570
1636,Books,24.43,24.43,East,High,Returned,81.15,1397
1637,Furniture,1971.88,1971.88,North,Medium,Cancelled,4555.02,
1638,Sports,364.85,364.85,North,Medium,Cancelled,825.5,5257
1639,Beauty,27.92,27.92,Central,Low,Pending,121.53,6973
1640,Electronics,1533.38,1533.38,South,High,Completed,2839.27,5180
1641,Beauty,26.61,26.61,West,Medium,Pending,46.89,9528
1642,Clothing,54.04,54.04,North,Low,Pending,108.65,7934
1643,Grocery,25.15,25.15,South,Low,Completed,27.24,3928
1644,Clothing,158.02,158.02,East,Low,Pending,227.77,5024
1645,Electronics,684.68,684.68,East,Low,Completed,1988.2,7452
1646,Grocery,18.37,18.37,South,High,Cancelled,58.97,5027
1647,Beauty,30.4,30.4,South,High,Completed,32.88,1009
1648,Toys,71.81,71.81,West,Low,Returned,325.51,9514
1649,Books,48.25,48.25,West,Medium,Returned,72.42,3068
1650,Electronics,453.44,453.44,East,Medium,Completed,1513.79,7159
1651,Toys,59.18,59.18,South,High,Pending,155.6,3411
1652,Beauty,130.45,130.45,South,Low,Cancelled,321.52,4720
1653,Beauty,41.67,41.67,West,Medium,Pending,114.42,1841
1654,Furniture,2848.4,2848.4,North,Medium,Cancelled,2914.2,7333
1655,Sports,48.28,48.28,Central,Low,Returned,46.84,8855
1656,Clothing,76.97,76.97,Central,High,Completed,382.3,5417
1657,Electronics,98.13,98.13,Central,Medium,Completed,263.29,8541
1658,Books,39.2,39.2,North,Low,Completed,176.82,8100
1659,Electronics,1349.32,1349.32,Central,Low,Completed,6738.92,7191
1660,Books,41.33,41.33,East,High,Pending,165.36,7289
1661,Toys,62.19,62.19,East,High,Pending,100.55,7841
1662,Grocery,43.84,43.84,South,High,Completed,65.16,
1663,Beauty,119.12,119.12,South,Low,Returned,152.45,6615
1664,Books,51.78,51.78,East,Low,Cancelled,178.77,3549
1665,Toys,121.9,121.9,South,High,Completed,319.65,9336
1666,Toys,77.34,77.34,West,High,Cancelled,322.28,3424
1667,Furniture,2549.02,2549.02,South,Medium,Pending,11953.42,9287
1668,Books,27.7,27.7,Central,Medium,Cancelled,31.6,8883
1669,Clothing,157.24,157.24,North,Medium,Returned,664.06,8752
1670,Electronics,700.88,700.88,East,High,Returned,3148.52,7493
1671,Furniture,1275.42,1275.42,East,High,Pending,2820.8,7174
1672,Clothing,29.13,29.13,North,High,Returned,83.58,3488
1673,Electronics,54.07,54.07,South,Medium,Cancelled,197.39,6853
1674,Clothing,17.68,17.68,East,High,Completed,88.13,1647
1675,Electronics,1651.79,1651.79,South,Medium,Returned,2067.48,9619
1676,Clothing,168.04,168.04,North,Medium,Cancelled,245.52,9435
1677,Clothing,104.32,104.32,East,High,Returned,456.82,8744
1678,Beauty,57.02,57.02,East,Low,Returned,145.71,6067
1679,Books,16.58,16.58,South,High,Completed,17.35,3419
1680,Clothing,199.66,199.66,North,Medium,Cancelled,736.44,8890
1681,Sports,210.84,210.84,Central,Low,Cancelled,998.8,8753
1682,Electronics,760.21,760.21,East,High,Completed,708.36,5131
1683,Sports,101.42,101.42,West,Low,Cancelled,272.65,7919
1684,Books,57.69,57.69,South,High,Pending,277.37,8977
1685,Books,13.15,13.15,South,Low,Returned,63.38,3957
1686,Sports,,28.84,East,Low,Cancelled,120.0,1044
1687,Clothing,101.73,101.73,Central,High,Pending,144.54,9273
1688,Toys,81.98,81.98,Central,Low,Pending,215.34,1645
1689,Beauty,144.8,144.8,East,Low,Returned,142.91,7673
1690,Clothing,100.16,100.16,West,Low,Pending,468.45,4651
1691,Beauty,43.38,43.38,North,High,Cancelled,106.64,
1692,Furniture,217.58,217.58,West,High,Returned,176.12,
1693,Clothing,162.45,162.45,Central,Medium,Completed,472.3,6016
1694,Electronics,1018.44,1018.44,Central,Low,Cancelled,4149.77,7373
1695,Books,14.75,14.75,North,Low,Returned,16.74,8862
1696,Electronics,243.95,243.95,East,High,Cancelled,883.49,7986
1697,Furniture,2214.57,2214.57,East,Medium,Completed,2480.65,2989
1698,Electronics,1909.49,1909.49,East,High,Completed,7661.98,9199
1699,Beauty,79.06,79.06,Central,Medium,Completed,181.54,3890
1700,Sports,405.23,405.23,East,Low,Completed,1874.54,2415
1701,Clothing,40.84,40.84,Central,Low,Pending,114.78,6757
1702,Electronics,713.35,713.35,West,High,Returned,1206.93,8920
1703,Clothing,195.47,195.47,West,Low,Returned,474.32,4262
1704,Electronics,120.94,120.94,Central,Medium,Completed,598.43,6549
1705,Sports,,377.37,East,Medium,Completed,514.41,9528
1706,Clothing,122.65,122.65,Central,Low,Cancelled,159.81,6194
1707,Furniture,1004.97,1004.97,East,High,Completed,1035.76,3243
1708,Toys,123.28,123.28,East,Medium,Returned,606.72,6960
1709,Clothing,104.67,104.67,West,High,Completed,515.11,2524
1710,Grocery,93.28,93.28,North,Medium,Completed,111.9,6468
1711,Books,53.86,53.86,South,Low,Completed,95.46,9868
1712,Clothing,164.2,164.2,Central,Low,Cancelled,756.39,2645
1713,Sports,378.63,378.63,West,High,Cancelled,730.76,2126
1714,Clothing,190.31,190.31,North,Medium,Completed,527.3,9879
1715,Clothing,60.21,60.21,Central,High,Completed,132.65,2701
1716,Electronics,967.12,967.12,South,High,Pending,4793.55,
1717,Toys,88.62,88.62,South,Medium,Pending,92.99,7364
1718,Furniture,2492.57,2492.57,South,Medium,Returned,11528.47,5080
1719,Clothing,144.31,144.31,Central,Medium,Completed,708.1,4132
1720,Toys,105.24,105.24,Central,High,Pending,142.74,
1721,Furniture,2260.15,2260.15,West,High,Pending,4433.3,1046
1722,Furniture,2179.99,2179.99,North,Medium,Completed,4869.44,3408
1723,Clothing,175.07,175.07,West,Medium,Cancelled,466.09,3390
1724,Furniture,1228.71,1228.71,South,Medium,Returned,5881.1,5130
1725,Electronics,894.92,894.92,North,Low,Returned,2686.54,2809
1726,Toys,25.4,25.4,West,High,Returned,104.14,8445
1727,Books,21.68,21.68,South,Low,Cancelled,93.78,5417
1728,Grocery,49.07,49.07,South,High,Pending,172.23,9350
1729,Grocery,12.76,12.76,Central,Medium,Completed,24.77,6082
1730,Sports,19.95,19.95,North,High,Cancelled,37.08,9682
1731,Grocery,63.5,63.5,North,High,Completed,138.11,7876
1732,Books,5.08,5.08,North,Low,Cancelled,19.44,5455
1733,Furniture,1923.66,1923.66,Central,Low,Cancelled,2315.27,4215
1734,Furniture,1041.67,1041.67,East,Medium,Pending,3162.97,8058
1735,Electronics,1394.97,1394.97,South,High,Returned,6192.99,7756
1736,Clothing,29.5,29.5,Central,Medium,Pending,50.95,7076
1737,Clothing,,16.96,Central,Medium,Completed,84.18,8370
1738,Furniture,371.1,371.1,Central,High,Completed,1552.22,9796
1739,Furniture,228.09,228.09,Central,High,Completed,1069.78,4544
1740,Sports,444.86,444.86,Central,Low,Pending,2083.82,7997
1741,Books,56.41,56.41,Central,Low,Pending,51.5,1349
1742,Toys,32.92,32.92,South,Low,Completed,127.61,4425
1743,Furniture,484.62,484.62,West,High,Pending,451.79,4345
1744,Books,39.49,39.49,East,Low,Returned,57.12,3606
1745,Beauty,59.82,59.82,North,Low,Pending,219.82,2778
1746,Clothing,155.24,155.24,South,Medium,Completed,407.57,3722
1747,Toys,108.49,108.49,Central,Low,Cancelled,490.68,9730
1748,Furniture,2865.49,2865.49,Central,Medium,Cancelled,6092.22,1328
1749,Furniture,1276.87,1276.87,Central,Medium,Completed,5712.52,3077
1750,Electronics,497.99,497.99,North,Low,Returned,1223.74,3215
1751,Electronics,1060.01,1060.01,South,High,Pending,4890.47,9907
1752,Clothing,55.88,55.88,East,Low,Completed,105.64,3231
1753,Grocery,6.31,6.31,South,High,Pending,23.57,3421
1754,Beauty,15.36,15.36,Central,High,Cancelled,42.02,6532
1755,Electronics,,114.56,North,Low,Completed,506.83,2370
1756,Books,14.07,14.07,Central,High,Completed,51.91,2609
1757,Beauty,118.63,118.63,East,High,Completed,453.26,6125
1758,Sports,339.37,339.37,Central,Low,Cancelled,1344.12,2393
1759,Grocery,60.83,60.83,West,Medium,Returned,182.08,3467
1760,Grocery,82.79,82.79,Central,High,Cancelled,198.17,
1761,Sports,238.98,238.98,North,High,Cancelled,1080.27,6594
1762,Clothing,78.68,78.68,Central,High,Returned,187.76,7766
1763,Grocery,80.17,80.17,East,Medium,Completed,187.44,7149
1764,Electronics,1127.46,1127.46,West,High,Returned,1886.52,8537
1765,Books,,48.26,Central,Low,Pending,64.1,1769
1766,Clothing,174.4,174.4,Central,High,Completed,331.14,3907
1767,Beauty,77.27,77.27,Central,High,Returned,294.89,2051
1768,Sports,141.22,141.22,North,High,Returned,480.16,3799
1769,Toys,64.11,64.11,South,Medium,Pending,150.45,9656
1770,Sports,114.8,114.8,East,High,Returned,512.98,5777
1771,Sports,86.77,86.77,East,Medium,Completed,137.42,7046
1772,Books,34.89,34.89,South,Low,Completed,125.9,6041
1773,Sports,398.13,398.13,Central,Low,Completed,1609.46,7035
1774,Furniture,1712.66,1712.66,South,Medium,Cancelled,6588.74,2008
1775,Books,7.06,7.06,North,Medium,Pending,11.72,6817
1776,Furniture,2502.72,2502.72,East,Low,Completed,6151.25,3316
1777,Clothing,27.11,27.11,West,Low,Returned,103.81,9919
1778,Electronics,1232.59,1232.59,Central,High,Pending,3536.1,6292
1779,Furniture,213.71,213.71,North,Low,Completed,1029.25,9272
1780,Beauty,114.97,114.97,West,High,Returned,555.89,9592
1781,Electronics,70.81,70.81,North,High,Completed,156.16,3095
1782,Electronics,526.55,526.55,West,Low,Returned,1004.83,2961
1783,Sports,459.17,459.17,South,Medium,Cancelled,1543.23,1949
1784,Clothing,69.13,69.13,North,Low,Cancelled,86.91,4790
1785,Sports,269.65,269.65,North,Low,Pending,1072.5,3795
1786,Grocery,94.28,94.28,Central,High,Completed,170.51,6532
1787,Sports,47.6,47.6,North,Low,Cancelled,64.08,1702
1788,Books,39.68,39.68,East,High,Returned,187.67,1759
1789,Clothing,32.14,32.14,North,High,Pending,143.8,4328
1790,Books,26.48,26.48,North,High,Returned,38.31,6249
1791,Furniture,389.84,389.84,South,Medium,Cancelled,894.43,9340
1792,Grocery,44.75,44.75,West,Medium,Pending,152.55,5321
1793,Toys,113.7,113.7,South,Medium,Completed,470.04,4179
1794,Books,21.41,21.41,Central,Low,Pending,53.77,7132
1795,Clothing,20.15,20.15,West,Low,Completed,67.38,
1796,Books,59.63,59.63,North,Medium,Cancelled,191.48,8423
1797,Toys,89.52,89.52,Central,Low,Returned,359.86,7158
1798,Toys,125.39,125.39,Central,Low,Returned,147.53,3378
1799,Books,36.86,36.86,Central,High,Pending,80.63,1348
1800,Toys,87.57,87.57,South,High,Pending,109.91,4654
1801,Toys,118.18,118.18,West,Medium,Completed,296.97,8749
1802,Grocery,41.0,41.0,West,High,Returned,62.75,4737
1803,Furniture,1044.76,1044.76,East,Low,Pending,4778.51,1286
1804,Toys,125.06,125.06,West,Low,Completed,615.63,8113
1805,Books,6.65,6.65,South,Medium,Cancelled,20.53,5358
1806,Clothing,158.88,158.88,West,Medium,Returned,547.74,4549
1807,Electronics,1145.5,1145.5,North,Low,Pending,4604.06,6139
1808,Books,58.93,58.93,East,High,Cancelled,145.82,6091
1809,Toys,95.78,95.78,North,High,Returned,379.27,
1810,Sports,304.19,304.19,West,High,Completed,392.55,7343
1811,Furniture,317.66,317.66,Central,Medium,Completed,318.06,9647
1812,Electronics,1243.53,1243.53,East,Low,Completed,5475.16,8424
1813,Sports,389.09,389.09,Central,High,Returned,1360.53,1824
1814,Books,17.13,17.13,North,Medium,Returned,45.55,3659
1815,Electronics,1442.91,1442.91,South,Low,Returned,5778.07,3130
1816,Grocery,35.77,35.77,North,Low,Returned,137.53,7299
1817,Electronics,1964.87,1964.87,Central,High,Cancelled,1759.52,9741
1818,Toys,14.74,14.74,South,Medium,Pending,17.31,6147
1819,Books,44.32,44.32,East,Medium,Completed,122.42,8606
1820,Electronics,449.59,449.59,South,Low,Completed,508.08,7223
1821,Clothing,51.59,51.59,Central,Low,Cancelled,69.95,6651
1822,Sports,69.42,69.42,North,Low,Cancelled,145.07,3763
1823,Books,7.63,7.63,East,Low,Completed,37.29,5512
1824,Toys,149.26,149.26,South,Low,Cancelled,640.98,9752
1825,Clothing,186.26,186.26,West,Low,Pending,864.94,3645
1826,Clothing,176.85,176.85,Central,Low,Pending,217.49,9510
1827,Sports,94.09,94.09,West,Low,Returned,167.69,4795
1828,Furniture,2642.26,2642.26,South,Low,Cancelled,6646.3,8366
1829,Electronics,1011.01,1011.01,Central,Low,Returned,2519.12,2949
1830,Beauty,74.36,74.36,West,High,Returned,221.35,1253
1831,Books,47.05,47.05,South,High,Pending,73.3,6372
1832,Grocery,10.45,10.45,East,High,Cancelled,32.02,2718
1833,Toys,63.72,63.72,North,Low,Pending,70.45,6363
1834,Sports,484.77,484.77,North,Low,Cancelled,866.73,9877
1835,Toys,118.59,118.59,South,High,Completed,518.67,4765
1836,Sports,487.75,487.75,East,Low,Cancelled,1718.42,6533
1837,Clothing,132.98,132.98,West,Low,Returned,643.92,1586
1838,Beauty,18.29,18.29,South,Low,Returned,49.01,9835
1839,Grocery,4.57,4.57,East,Medium,Completed,22.15,8559
1840,Beauty,93.51,93.51,Central,High,Returned,273.46,3521
1841,Grocery,33.37,33.37,West,Low,Completed,137.49,9591
1842,Electronics,827.26,827.26,South,Medium,Completed,3078.32,6904
1843,Sports,196.66,196.66,West,Low,Completed,182.63,5580
1844,Grocery,78.28,78.28,East,Medium,Cancelled,122.64,8547
1845,Sports,106.09,106.09,Central,Medium,Pending,369.28,3180
1846,Toys,119.48,119.48,South,High,Completed,266.29,2304
1847,Books,15.26,15.26,West,High,Cancelled,37.14,3815
1848,Sports,473.57,473.57,South,Medium,Cancelled,582.17,9265
1849,Clothing,116.39,116.39,East,High,Returned,346.79,6314
1850,Electronics,1239.27,1239.27,East,Medium,Pending,1030.99,2965
1851,Clothing,186.0,186.0,West,Low,Returned,277.55,6465
1852,Furniture,880.49,880.49,East,High,Returned,1841.84,8433
1853,Clothing,72.09,72.09,North,High,Pending,168.52,7872
1854,Beauty,110.54,110.54,North,High,Returned,296.11,1263
1855,Toys,143.15,143.15,North,Medium,Completed,135.68,8481
1856,Sports,311.7,311.7,North,Low,Returned,984.42,3156
1857,Beauty,5.98,5.98,South,Low,Cancelled,14.89,6421
1858,Sports,213.88,213.88,Central,Low,Returned,882.82,8245
1859,Toys,48.3,48.3,West,Low,Cancelled,142.14,5581
1860,Books,45.31,45.31,East,Medium,Cancelled,70.08,2944
1861,Clothing,164.36,164.36,East,High,Pending,775.26,
1862,Electronics,133.61,133.61,East,Low,Pending,435.91,2191
1863,Furniture,480.27,480.27,North,Medium,Cancelled,523.89,
1864,Books,31.43,31.43,West,Low,Pending,115.17,5659
1865,Sports,199.05,199.05,West,High,Returned,964.4,4638
1866,Sports,230.01,230.01,West,Low,Cancelled,805.31,1104
1867,Grocery,37.9,37.9,South,Medium,Cancelled,63.61,9615
1868,Furniture,2435.62,2435.62,Central,High,Pending,3896.46,4279
1869,Grocery,88.11,88.11,East,Low,Completed,92.32,2472
1870,Furniture,1304.57,1304.57,South,Low,Returned,2934.02,8727
1871,Sports,264.15,264.15,West,High,Pending,1209.64,6256
1872,Toys,113.29,113.29,East,Medium,Pending,270.92,1535
1873,Books,12.83,12.83,West,Medium,Pending,49.58,3976
1874,Beauty,144.25,144.25,South,High,Returned,531.91,4559
1875,Grocery,95.76,95.76,East,High,Pending,139.02,4507
1876,Sports,441.96,441.96,West,Medium,Completed,1542.22,3357
1877,Furniture,2700.45,2700.45,East,Low,Pending,11113.1,9850
1878,Furniture,1028.59,1028.59,East,Medium,Completed,2935.84,9078
1879,Furniture,568.53,568.53,South,High,Cancelled,1078.14,9161
1880,Clothing,44.29,44.29,Central,Medium,Completed,70.18,2144
1881,Grocery,7.43,7.43,Central,Medium,Returned,28.37,6355
1882,Grocery,58.8,58.8,Central,High,Pending,83.9,2614
1883,Grocery,79.74,79.74,North,Low,Pending,121.82,5346
1884,Beauty,92.95,92.95,West,Low,Returned,210.73,7098
1885,Books,15.16,15.16,West,High,Completed,24.99,5949
1886,Furniture,2775.38,2775.38,Central,Low,Cancelled,3496.48,3670
1887,Furniture,2628.82,2628.82,North,High,Pending,9201.47,6705
1888,Electronics,230.33,230.33,East,Low,Pending,239.1,1080
1889,Sports,496.17,496.17,Central,Medium,Completed,1665.41,7517
1890,Electronics,1284.92,1284.92,North,High,Pending,1665.17,8542
1891,Sports,238.61,238.61,North,High,Completed,307.07,2712
1892,Grocery,91.5,91.5,Central,Low,Completed,244.79,9669
1893,Beauty,140.2,140.2,Central,Low,Pending,133.96,8068
1894,Sports,175.28,175.28,South,Medium,Cancelled,711.97,5621
1895,Grocery,11.84,11.84,Central,Low,Returned,40.57,6523
1896,Electronics,1174.04,1174.04,South,High,Cancelled,2791.19,
1897,Furniture,2131.81,2131.81,East,Low,Returned,9223.3,1020
1898,Furniture,2175.45,2175.45,East,High,Returned,9264.53,4749
1899,Beauty,22.2,22.2,West,Medium,Cancelled,68.08,3135
1900,Furniture,2554.39,2554.39,North,Low,Pending,2318.65,1881
1901,Sports,70.33,70.33,West,High,Returned,138.36,2007
1902,Beauty,109.23,109.23,West,Medium,Completed,276.55,5610
1903,Clothing,75.05,75.05,South,Low,Completed,129.97,5676
1904,Electronics,536.91,536.91,Central,Medium,Returned,2586.66,8396
1905,Books,28.28,28.28,Central,High,Cancelled,75.22,6702
1906,Books,20.68,20.68,South,Medium,Returned,89.64,5114
1907,Beauty,67.96,67.96,Central,High,Completed,281.93,1634
1908,Furniture,177.27,177.27,West,Low,Pending,216.55,2474
1909,Beauty,28.47,28.47,Central,High,Completed,119.91,8336
1910,Clothing,38.15,38.15,North,Medium,Completed,104.78,1695
1911,Sports,231.95,231.95,West,Low,Pending,509.13,5714
1912,Books,58.35,58.35,West,Medium,Pending,242.99,4220
1913,Electronics,83.99,83.99,East,Low,Cancelled,224.81,5157
1914,Beauty,9.3,9.3,North,Medium,Pending,46.49,4282
1915,Sports,86.73,86.73,West,Medium,Returned,393.45,3439
1916,Clothing,77.11,77.11,South,High,Returned,67.84,5358
1917,Sports,213.25,213.25,East,Low,Completed,846.9,1828
1918,Beauty,90.33,90.33,North,Medium,Completed,79.72,4865
1919,Clothing,165.9,165.9,East,Low,Completed,352.24,2077
1920,Books,48.15,48.15,Central,Low,Completed,201.89,9141
1921,Sports,393.83,393.83,West,Low,Pending,1386.96,8192
1922,Clothing,164.6,164.6,Central,Low,Cancelled,202.23,2631
1923,Grocery,23.2,23.2,North,Medium,Returned,74.2,3854
1924,Books,29.03,29.03,Central,Low,Cancelled,94.29,8308
1925,Electronics,180.64,180.64,East,High,Returned,787.97,3286
1926,Electronics,467.97,467.97,West,Low,Pending,582.11,3594
1927,Electronics,1280.11,1280.11,East,High,Completed,2288.69,9404
1928,Beauty,135.62,135.62,North,Medium,Completed,524.85,5747
1929,Electronics,1639.87,1639.87,Central,Medium,Cancelled,3406.47,2970
1930,Beauty,142.29,142.29,Central,Low,Pending,455.12,9304
1931,Books,,29.07,South,High,Completed,54.94,
1932,Beauty,51.43,51.43,South,High,Returned,162.85,7606
1933,Clothing,155.28,155.28,South,Low,Returned,564.01,3709
1934,Sports,284.25,284.25,West,Low,Returned,918.16,8817
1935,Electronics,570.91,570.91,South,Low,Completed,1076.93,7938
1936,Clothing,77.38,77.38,Central,Low,Pending,119.44,4672
1937,Books,44.76,44.76,West,Low,Returned,69.97,7908
1938,Toys,126.09,126.09,Central,High,Cancelled,596.32,5352
1939,Beauty,79.2,79.2,West,High,Pending,249.92,3332
1940,Grocery,98.16,98.16,South,Low,Returned,191.99,1005
1941,Furniture,871.16,871.16,Central,High,Completed,3917.96,5235
1942,Sports,244.97,244.97,Central,Medium,Completed,633.16,2038
1943,Clothing,66.98,66.98,North,Low,Pending,154.22,3674
1944,Furniture,2172.73,2172.73,South,Medium,Returned,9900.39,5073
1945,Electronics,1840.78,1840.78,Central,High,Returned,4042.89,1359
1946,Grocery,37.31,37.31,East,Medium,Pending,70.93,8027
1947,Books,40.77,40.77,East,Medium,Completed,167.5,2035
1948,Beauty,114.56,114.56,North,Low,Pending,428.55,9955
1949,Electronics,1116.07,1116.07,North,Medium,Returned,4799.08,5448
1950,Clothing,94.14,94.14,North,High,Cancelled,321.46,7169
1951,Toys,84.16,84.16,Central,Low,Pending,314.36,8214
1952,Toys,139.89,139.89,East,Low,Completed,304.23,6137
1953,Electronics,265.76,265.76,Central,Low,Pending,278.0,8827
1954,Books,18.55,18.55,North,Medium,Completed,20.32,2013
1955,Furniture,2514.32,2514.32,Central,Medium,Pending,6459.9,3060
1956,Clothing,107.79,107.79,East,Low,Completed,257.8,
1957,Electronics,1208.53,1208.53,East,High,Cancelled,3658.8,3931
1958,Electronics,621.97,621.97,West,Low,Cancelled,2549.56,8125
1959,Sports,253.78,253.78,West,Medium,Pending,218.32,6091
1960,Books,28.3,28.3,West,Medium,Completed,90.53,6054
1961,Books,58.06,58.06,Central,Low,Completed,150.12,7054
1962,Toys,120.84,120.84,South,Low,Pending,487.68,5738
1963,Electronics,261.38,261.38,Central,Low,Cancelled,460.39,7971
1964,Grocery,85.85,85.85,South,Medium,Pending,416.01,8015
1965,Beauty,105.62,105.62,West,High,Cancelled,356.55,2698
1966,Clothing,43.61,43.61,North,High,Cancelled,201.7,5115
1967,Sports,,496.75,Central,High,Completed,1387.55,7489
1968,Beauty,108.09,108.09,South,High,Completed,164.96,6871
1969,Beauty,139.96,139.96,East,Medium,Pending,696.4,5310
1970,Grocery,64.58,64.58,South,Low,Completed,301.07,9663
1971,Toys,38.18,38.18,West,Medium,Pending,99.51,7322
1972,Electronics,949.35,949.35,South,Medium,Cancelled,4539.36,3095
1973,Clothing,137.63,137.63,South,Low,Cancelled,618.0,5396
1974,Electronics,111.3,111.3,East,Medium,Cancelled,222.36,3386
1975,Furniture,2551.98,2551.98,South,High,Pending,12059.51,5677
1976,Beauty,103.91,103.91,North,Medium,Returned,476.42,4379
1977,Furniture,2027.04,2027.04,South,Medium,Pending,1883.04,9829
1978,Sports,345.69,345.69,West,Medium,Completed,1227.62,2102
1979,Sports,481.53,481.53,East,Medium,Pending,452.37,4760
1980,Books,44.56,44.56,South,Medium,Pending,97.6,6006
1981,Electronics,119.74,119.74,North,Low,Completed,455.45,8768
1982,Toys,79.56,79.56,West,Medium,Pending,156.83,6889
1983,Toys,42.97,42.97,Central,High,Cancelled,158.62,4562
1984,Beauty,107.16,107.16,North,Low,Cancelled,194.16,3409
1985,Beauty,144.25,144.25,East,Low,Returned,602.45,7972
1986,Grocery,88.71,88.71,Central,High,Cancelled,441.02,3176
1987,Beauty,20.17,20.17,South,Medium,Returned,35.84,9854
1988,Sports,358.13,358.13,South,High,Pending,1177.55,4857
1989,Furniture,1747.24,1747.24,North,Low,Returned,1618.56,3574
1990,Furniture,2951.88,2951.88,Central,High,Pending,4441.66,2916
1991,Electronics,410.97,410.97,North,High,Completed,1522.64,8110
1992,Sports,66.16,66.16,Central,Low,Returned,251.57,9974
1993,Clothing,165.39,165.39,West,High,Cancelled,175.18,5740
1994,Books,40.74,40.74,North,Low,Completed,167.11,3265
1995,Furniture,1013.1,1013.1,Central,Medium,Completed,958.85,1276
1996,Beauty,126.12,126.12,South,High,Cancelled,533.86,6397
1997,Sports,224.39,224.39,North,Low,Completed,590.33,7388
1998,Sports,141.65,141.65,West,Medium,Cancelled,629.42,4683
1999,Toys,5.23,5.23,East,High,Returned,17.67,5405
2000,Beauty,11.08,11.08,East,Low,Pending,28.87,5820
2001,Grocery,39.04,39.04,Central,Low,Returned,57.35,1252
2002,Furniture,1665.81,1665.81,Central,Low,Completed,4638.3,8951
2003,Clothing,79.18,79.18,Central,Medium,Pending,184.07,8446
2004,Sports,21.45,21.45,South,High,Completed,29.12,6873
2005,Beauty,128.14,128.14,Central,Low,Pending,307.1,2288
2006,Electronics,1534.05,1534.05,Central,Medium,Pending,7288.47,6918
2007,Books,33.08,33.08,North,Medium,Returned,89.95,3260
2008,Beauty,48.04,48.04,North,High,Pending,94.99,7599
2009,Grocery,44.7,44.7,South,Low,Returned,98.52,8360
2010,Electronics,1631.77,1631.77,East,Low,Cancelled,3131.18,6678
2011,Toys,59.06,59.06,North,Medium,Returned,240.61,3318
2012,Grocery,84.77,84.77,North,Low,Completed,401.81,
2013,Sports,117.58,117.58,East,Medium,Cancelled,563.52,4461
2014,Grocery,29.29,29.29,South,Low,Pending,136.55,5587
2015,Electronics,163.9,163.9,Central,High,Pending,605.31,4938
2016,Clothing,35.89,35.89,West,Low,Cancelled,29.65,6757
2017,Electronics,228.36,228.36,North,Low,Pending,992.03,2789
2018,Clothing,69.85,69.85,North,Low,Cancelled,122.6,8218
2019,Electronics,1650.59,1650.59,North,High,Returned,1811.85,6143
2020,Electronics,58.98,58.98,North,Low,Cancelled,186.34,5801
2021,Furniture,2451.11,2451.11,Central,Low,Returned,6214.69,4495
2022,Sports,178.86,178.86,East,Medium,Completed,453.65,9432
2023,Grocery,97.79,97.79,East,Low,Completed,165.8,2158
2024,Electronics,552.74,552.74,East,Low,Returned,957.05,8672
2025,Toys,35.93,35.93,East,Medium,Cancelled,107.82,4964
2026,Books,52.92,52.92,Central,High,Returned,233.94,8133
2027,Electronics,1503.4,1503.4,Central,Low,Pending,7452.13,5908
2028,Furniture,1686.77,1686.77,East,High,Returned,7875.15,5881
2029,Sports,458.35,458.35,East,Medium,Completed,1224.33,5533
2030,Electronics,817.27,817.27,East,Medium,Completed,1904.02,4374
2031,Grocery,,73.46,North,Low,Cancelled,337.16,1696
2032,Beauty,96.2,96.2,North,Low,Completed,436.35,2365
2033,Clothing,97.91,97.91,West,High,Completed,136.85,8293
2034,Sports,36.45,36.45,South,Low,Completed,91.33,4830
2035,Books,49.97,49.97,North,Low,Pending,249.47,3215
2036,Grocery,44.9,44.9,Central,Medium,Completed,37.91,1831
2037,Clothing,70.71,70.71,South,Medium,Cancelled,187.29,6567
2038,Electronics,904.22,904.22,West,High,Returned,3397.67,8597
2039,Electronics,1864.96,1864.96,Central,Low,Cancelled,6535.63,2077
2040,Electronics,68.96,68.96,Central,High,Cancelled,279.01,
2041,Clothing,10.57,10.57,North,High,Returned,10.48,5656
2042,Clothing,23.68,23.68,Central,High,Pending,117.45,3855
2043,Books,24.04,24.04,East,Low,Cancelled,34.02,2157
2044,Electronics,165.68,165.68,Central,Low,Completed,580.76,8020
2045,Electronics,193.69,193.69,West,Medium,Cancelled,190.82,4958
2046,Beauty,77.64,77.64,South,Low,Pending,278.05,5734
2047,Toys,89.25,89.25,East,High,Completed,72.44,7176
2048,Grocery,,34.75,South,Low,Cancelled,148.71,4481
2049,Sports,163.42,163.42,West,High,Cancelled,203.33,4010
2050,Electronics,1274.09,1274.09,Central,Low,Pending,2190.3,6423
2051,Clothing,23.25,23.25,North,Low,Completed,81.4,1760
2052,Books,18.44,18.44,Central,Low,Returned,54.28,3481
2053,Clothing,26.79,26.79,South,High,Completed,53.12,8479
2054,Books,46.48,46.48,Central,Low,Returned,100.29,4048
2055,Clothing,42.49,42.49,West,Medium,Pending,104.53,4936
2056,Sports,338.81,338.81,North,Low,Pending,922.18,4056
2057,Clothing,58.61,58.61,North,Low,Pending,47.16,2488
2058,Books,51.3,51.3,Central,High,Pending,81.77,3756
2059,Clothing,132.94,132.94,South,High,Cancelled,612.72,3039
2060,Beauty,109.8,109.8,Central,High,Returned,136.91,8152
2061,Furniture,1653.04,1653.04,Central,High,Cancelled,5272.69,8707
2062,Grocery,70.99,70.99,Central,Low,Completed,268.14,6565
2063,Furniture,1488.38,1488.38,Central,High,Completed,4613.16,3532
2064,Beauty,135.39,135.39,East,Medium,Cancelled,600.88,9419
2065,Grocery,18.48,18.48,South,High,Completed,28.57,5825
2066,Grocery,63.28,63.28,South,High,Pending,66.35,5566
2067,Beauty,148.17,148.17,South,Low,Completed,159.63,6896
2068,Furniture,2133.19,2133.19,North,High,Completed,7387.2,5538
2069,Grocery,23.46,23.46,West,Medium,Cancelled,102.57,2691
2070,Furniture,1181.5,1181.5,South,Low,Completed,3019.09,7670
2071,Toys,,62.4,North,Medium,Pending,294.94,8530
2072,Books,26.88,26.88,Central,Low,Pending,36.41,1375
2073,Grocery,99.09,99.09,North,Medium,Cancelled,236.64,3607
2074,Furniture,446.06,446.06,East,High,Cancelled,482.15,3657
2075,Grocery,57.61,57.61,South,High,Returned,163.89,7011
2076,Sports,283.02,283.02,West,Medium,Returned,1360.48,1664
2077,Sports,124.6,124.6,South,High,Returned,289.15,5701
2078,Toys,48.57,48.57,West,Medium,Pending,178.56,4089
2079,Furniture,1745.9,1745.9,East,Low,Returned,2623.31,3767
2080,Sports,76.0,76.0,North,High,Cancelled,370.0,7732
2081,Grocery,92.12,92.12,Central,Low,Cancelled,176.83,9432
2082,Electronics,1090.91,1090.91,Central,Low,Completed,4262.84,3416
2083,Furniture,2200.63,2200.63,North,Low,Returned,4197.51,6551
2084,Furniture,2673.35,2673.35,East,Medium,Pending,12120.02,6974
2085,Furniture,752.25,752.25,South,High,Pending,846.81,6993
2086,Beauty,63.82,63.82,East,Medium,Returned,259.69,5400
2087,Beauty,52.97,52.97,Central,Low,Cancelled,202.95,6496
2088,Furniture,1145.43,1145.43,East,Low,Returned,5684.47,7335
2089,Sports,481.51,481.51,South,Medium,Pending,545.13,7061
2090,Electronics,1094.2,1094.2,Central,Medium,Cancelled,3210.15,4037
2091,Sports,302.01,302.01,East,Low,Returned,745.27,3977
2092,Clothing,172.16,172.16,West,Medium,Pending,310.97,2944
2093,Toys,31.33,31.33,East,High,Cancelled,110.68,5060
2094,Grocery,94.21,94.21,East,Medium,Cancelled,159.84,8418
2095,Sports,117.81,117.81,South,High,Completed,109.09,2998
2096,Beauty,141.32,141.32,South,High,Completed,160.18,8317
2097,Clothing,184.07,184.07,East,High,Pending,427.69,5577
2098,Grocery,44.43,44.43,West,Medium,Cancelled,193.07,9160
2099,Electronics,269.24,269.24,South,Low,Completed,997.35,6594
2100,Grocery,23.81,23.81,West,High,Returned,59.08,4085
2101,Furniture,1457.29,1457.29,North,Low,Completed,6827.41,6850
2102,Grocery,81.74,81.74,North,High,Cancelled,177.13,1747
2103,Electronics,99.37,99.37,South,Low,Pending,106.92,8587
2104,Furniture,,447.75,East,High,Completed,1804.79,7520
2105,Clothing,103.93,103.93,North,High,Completed,169.62,6751
2106,Grocery,52.77,52.77,North,Low,Pending,169.79,8940
2107,Furniture,1097.51,1097.51,Central,Medium,Pending,5070.59,3470
2108,Beauty,37.89,37.89,Central,Low,Pending,30.54,8760
2109,Furniture,2367.39,2367.39,South,Medium,Returned,2760.03,1569
2110,Beauty,62.58,62.58,Central,Medium,Completed,184.49,9156
2111,Clothing,155.25,155.25,South,Medium,Completed,188.54,3555
2112,Sports,58.89,58.89,Central,High,Pending,221.75,9077
2113,Sports,462.29,462.29,Central,Medium,Returned,1298.85,5303
2114,Grocery,16.22,16.22,South,Low,Pending,22.62,9328
2115,Electronics,1287.74,1287.74,East,Medium,Pending,2902.11,3527
2116,Grocery,19.51,19.51,West,High,Returned,30.61,6530
2117,Furniture,1177.61,1177.61,West,High,Returned,5217.84,2879
2118,Electronics,579.53,579.53,West,Medium,Completed,2478.2,
2119,Books,17.6,17.6,East,High,Cancelled,25.06,2175
2120,Furniture,2346.83,2346.83,North,Low,Cancelled,8422.01,8758
2121,Books,26.24,26.24,East,Medium,Completed,60.84,2191
2122,Grocery,93.8,93.8,East,High,Returned,460.08,2269
2123,Books,23.15,23.15,Central,Low,Completed,74.55,4465
2124,Books,29.8,29.8,South,High,Returned,124.4,1297
2125,Toys,29.47,29.47,North,High,Returned,35.47,2471
2126,Grocery,32.13,32.13,Central,High,Returned,147.96,8581
2127,Beauty,63.87,63.87,Central,Medium,Pending,71.0,8927
2128,Furniture,331.72,331.72,South,High,Returned,1173.81,1463
2129,Beauty,144.08,144.08,Central,Low,Returned,507.84,4886
2130,Furniture,2828.04,2828.04,East,High,Completed,9420.19,7262
2131,Books,21.98,21.98,Central,Low,Cancelled,34.36,1748
2132,Grocery,13.86,13.86,North,Medium,Returned,58.1,5633
2133,Beauty,120.93,120.93,North,Low,Completed,97.35,8606
2134,Sports,160.02,160.02,West,Medium,Returned,328.12,8375
2135,Toys,133.3,133.3,South,Medium,Cancelled,345.49,5209
2136,Books,6.82,6.82,East,Medium,Pending,18.93,
2137,Sports,487.78,487.78,Central,High,Returned,1294.47,6867
2138,Grocery,57.79,57.79,East,High,Completed,214.85,1130
2139,Grocery,38.06,38.06,Central,High,Returned,96.55,5910
2140,Furniture,2963.6,2963.6,Central,Medium,Cancelled,9985.08,5615
2141,Sports,332.15,332.15,East,Medium,Cancelled,1305.48,5217
2142,Clothing,160.42,160.42,North,Medium,Pending,635.67,5234
2143,Toys,88.86,88.86,Central,Medium,Returned,169.54,3807
2144,Grocery,24.0,24.0,Central,Medium,Pending,80.23,4580
2145,Toys,19.47,19.47,North,Low,Returned,26.13,2886
2146,Beauty,115.44,115.44,East,Low,Cancelled,185.79,7763
2147,Books,23.52,23.52,South,High,Completed,42.96,
2148,Toys,87.17,87.17,West,High,Pending,334.63,1894
2149,Electronics,325.8,325.8,East,High,Pending,1326.3,8560
2150,Books,52.22,52.22,Central,Low,Returned,83.52,8722
2151,Electronics,1132.99,1132.99,North,Low,Pending,5400.29,6906
2152,Toys,32.43,32.43,West,Medium,Pending,37.47,9880
2153,Books,7.64,7.64,South,High,Returned,11.17,3223
2154,Electronics,1723.05,1723.05,West,Medium,Pending,3297.09,2765
2155,Electronics,637.45,637.45,Central,Medium,Returned,2602.08,1459
2156,Electronics,1126.73,1126.73,East,Low,Pending,3594.43,1821
2157,Grocery,88.84,88.84,West,Medium,Cancelled,95.11,1615
2158,Toys,35.14,35.14,South,High,Cancelled,167.91,5592
2159,Sports,201.51,201.51,East,Low,Pending,329.6,3511
2160,Furniture,,127.03,East,Medium,Completed,216.61,4763
2161,Electronics,477.95,477.95,West,Medium,Completed,1855.91,8008
2162,Beauty,57.95,57.95,West,Medium,Pending,235.21,6691
2163,Books,18.7,18.7,South,Medium,Cancelled,31.5,3835
2164,Furniture,2230.68,2230.68,East,Medium,Pending,3986.11,3159
2165,Electronics,297.76,297.76,North,Low,Completed,351.85,3677
2166,Grocery,30.68,30.68,North,Medium,Returned,142.61,9953
2167,Beauty,110.8,110.8,West,Low,Returned,238.07,2734
2168,Grocery,92.71,92.71,East,Low,Pending,283.2,3524
2169,Beauty,96.19,96.19,North,High,Pending,204.88,
2170,Books,26.19,26.19,East,Low,Cancelled,121.58,3415
2171,Furniture,1507.86,1507.86,West,Low,Completed,6237.42,2385
2172,Clothing,196.07,196.07,West,Low,Completed,350.96,7814
2173,Electronics,1355.74,1355.74,North,Medium,Completed,5998.34,1590
2174,Furniture,1834.97,1834.97,Central,Low,Cancelled,6819.98,6215
2175,Clothing,103.86,103.86,South,Medium,Returned,409.57,8444
2176,Grocery,18.03,18.03,East,High,Pending,22.98,6251
2177,Toys,90.71,90.71,South,High,Completed,336.34,4315
2178,Toys,47.69,47.69,North,Medium,Returned,140.02,6416
2179,Electronics,,578.38,South,High,Cancelled,1953.87,9314
2180,Books,8.93,8.93,East,High,Returned,25.78,3976
2181,Sports,219.3,219.3,South,Low,Cancelled,556.86,8411
2182,Beauty,73.75,73.75,South,Medium,Pending,64.43,7543
2183,Books,34.85,34.85,Central,High,Completed,123.62,3583
2184,Grocery,60.07,60.07,East,Medium,Pending,58.66,6174
2185,Sports,123.97,123.97,South,Low,Returned,188.92,5860
2186,Grocery,6.19,6.19,East,Low,Cancelled,21.16,
2187,Books,10.34,10.34,North,High,Completed,10.17,4677
2188,Grocery,8.29,8.29,South,High,Completed,39.7,2249
2189,Books,46.21,46.21,North,Low,Cancelled,141.45,9903
2190,Sports,272.53,272.53,East,High,Completed,1092.03,6352
2191,Toys,85.66,85.66,East,Medium,Pending,369.72,1697
2192,Sports,97.05,97.05,West,Medium,Returned,177.32,6362
2193,Sports,322.52,322.52,West,Low,Cancelled,1307.91,8132
2194,Grocery,23.34,23.34,North,Low,Pending,88.75,3372
2195,Grocery,9.36,9.36,East,Low,Completed,9.28,5144
2196,Furniture,2407.93,2407.93,West,Low,Completed,2837.02,8315
2197,Grocery,82.89,82.89,Central,Low,Cancelled,266.62,3635
2198,Furniture,421.59,421.59,North,High,Returned,1084.94,
2199,Grocery,71.21,71.21,East,High,Pending,218.25,7488
2200,Furniture,,2631.61,North,Medium,Pending,5091.22,4849
2201,Electronics,1873.87,1873.87,South,Medium,Pending,6693.34,2023
2202,Electronics,929.65,929.65,West,High,Returned,3696.66,4721
2203,Grocery,84.7,84.7,South,Low,Returned,307.24,4339
2204,Furniture,2462.22,2462.22,North,Low,Cancelled,8536.51,9885
2205,Sports,96.75,96.75,South,Medium,Cancelled,469.58,2218
2206,Furniture,549.65,549.65,South,High,Pending,2094.7,9856
2207,Furniture,1113.05,1113.05,Central,Low,Completed,3360.4,1324
2208,Sports,476.81,476.81,West,High,Completed,1227.53,7065
2209,Grocery,2.61,2.61,Central,Low,Completed,11.47,5052
2210,Clothing,128.02,128.02,West,Medium,Completed,350.1,2813
2211,Books,58.35,58.35,Central,Low,Pending,179.27,9150
2212,Grocery,,73.97,South,Low,Returned,176.26,7541
2213,Sports,384.22,384.22,East,Low,Completed,530.66,6047
2214,Grocery,35.66,35.66,East,Low,Returned,122.63,
2215,Beauty,112.04,112.04,Central,Low,Completed,299.06,3338
2216,Sports,217.3,217.3,East,High,Returned,697.79,1353
2217,Electronics,1128.83,1128.83,East,Low,Returned,2111.61,5656
2218,Sports,145.14,145.14,South,Low,Cancelled,184.72,5734
2219,Beauty,80.25,80.25,South,Medium,Completed,400.32,9744
2220,Electronics,567.18,567.18,Central,High,Returned,2540.13,3800
2221,Clothing,168.78,168.78,South,Medium,Pending,816.38,
2222,Sports,152.04,152.04,North,High,Pending,294.4,6874
2223,Clothing,,156.33,Central,Low,Pending,699.53,6404
2224,Beauty,49.24,49.24,Central,High,Returned,93.56,2736
2225,Books,27.88,27.88,North,High,Returned,114.61,1774
2226,Electronics,465.07,465.07,West,Low,Returned,570.95,6830
2227,Furniture,150.13,150.13,East,Medium,Cancelled,181.32,4138
2228,Beauty,146.92,146.92,East,Medium,Returned,468.94,8861
2229,Electronics,1324.57,1324.57,South,Medium,Completed,1233.39,4343
2230,Sports,192.46,192.46,North,High,Cancelled,896.77,5129
2231,Grocery,60.94,60.94,West,Medium,Cancelled,219.03,7567
2232,Books,14.07,14.07,West,High,Pending,18.16,8146
2233,Beauty,24.85,24.85,South,High,Pending,32.91,
2234,Furniture,724.82,724.82,East,Medium,Completed,1367.16,7370
2235,Toys,83.47,83.47,East,Medium,Pending,277.39,2579
2236,Furniture,1649.69,1649.69,West,High,Pending,3311.54,4574
2237,Clothing,41.58,41.58,Central,High,Completed,162.67,4028
2238,Clothing,186.8,186.8,West,High,Pending,646.31,3573
2239,Sports,388.48,388.48,Central,Low,Pending,1318.28,6263
2240,Books,14.4,14.4,East,High,Cancelled,19.98,2661
2241,Sports,66.67,66.67,West,Medium,Completed,178.96,1855
2242,Electronics,758.38,758.38,East,Medium,Returned,1585.38,6998
2243,Furniture,1134.2,1134.2,West,Low,Cancelled,1441.53,8557
2244,Clothing,77.72,77.72,Central,Medium,Pending,147.03,4328
2245,Electronics,700.07,700.07,Central,High,Pending,1134.11,7902
2246,Clothing,176.03,176.03,South,High,Pending,456.61,
2247,Beauty,78.37,78.37,Central,High,Cancelled,324.18,8785
2248,Furniture,127.96,127.96,West,High,Cancelled,470.12,3002
2249,Beauty,105.27,105.27,South,Medium,Pending,297.6,9386
2250,Electronics,247.98,247.98,North,Medium,Returned,912.4,5574
2251,Sports,253.32,253.32,West,Low,Returned,1195.86,7512
2252,Clothing,197.52,197.52,West,High,Cancelled,895.23,8045
2253,Toys,145.89,145.89,Central,Low,Completed,539.19,9720
2254,Books,31.38,31.38,Central,High,Cancelled,46.68,9852
2255,Sports,335.15,335.15,East,High,Cancelled,816.9,9431
2256,Toys,94.79,94.79,Central,Low,Returned,307.87,7077
2257,Beauty,52.65,52.65,East,Low,Pending,251.19,1841
2258,Grocery,16.06,16.06,Central,Medium,Completed,68.16,9854
2259,Furniture,1953.96,1953.96,West,High,Returned,1681.25,9669
2260,Toys,137.81,137.81,East,High,Cancelled,570.28,9132
2261,Grocery,53.26,53.26,Central,High,Completed,83.37,1486
2262,Furniture,1631.67,1631.67,West,Low,Completed,6618.89,9055
2263,Clothing,62.27,62.27,Central,High,Completed,242.8,3734
2264,Clothing,94.61,94.61,East,Medium,Pending,298.32,7929
2265,Furniture,740.93,740.93,North,Low,Cancelled,2909.6,1338
2266,Beauty,,144.37,East,High,Pending,523.78,
2267,Clothing,33.15,33.15,Central,High,Completed,61.14,3058
2268,Beauty,49.57,49.57,East,Medium,Completed,90.32,1967
2269,Books,50.45,50.45,Central,Low,Completed,49.41,3222
2270,Toys,35.77,35.77,West,High,Cancelled,168.73,9698
2271,Beauty,34.82,34.82,South,Medium,Completed,59.6,7569
2272,Furniture,706.06,706.06,Central,High,Completed,2423.09,8048
2273,Clothing,79.68,79.68,West,Low,Pending,92.51,7321
2274,Sports,127.31,127.31,South,Medium,Cancelled,524.18,7223
2275,Toys,40.68,40.68,Central,High,Pending,175.78,8725
2276,Beauty,,31.35,South,Low,Returned,156.32,7715
2277,Electronics,719.08,719.08,South,Low,Completed,1716.0,2125
2278,Sports,47.51,47.51,Central,Low,Returned,229.35,4354
2279,Books,34.45,34.45,East,Medium,Cancelled,33.76,3038
2280,Electronics,418.37,418.37,North,High,Returned,2056.93,
2281,Grocery,49.69,49.69,South,Low,Completed,94.7,5433
2282,Beauty,21.83,21.83,South,Low,Cancelled,90.29,7746
2283,Electronics,865.86,865.86,Central,Low,Completed,2764.35,9791
2284,Toys,141.08,141.08,East,Medium,Cancelled,179.16,6384
2285,Beauty,24.69,24.69,West,Medium,Pending,21.96,2963
2286,Clothing,153.94,153.94,East,Low,Completed,254.46,9255
2287,Clothing,106.38,106.38,West,Medium,Cancelled,514.83,4834
2288,Furniture,1273.64,1273.64,West,High,Cancelled,1523.31,1204
2289,Clothing,189.0,189.0,Central,Low,Returned,920.65,3092
2290,Sports,75.29,75.29,South,High,Cancelled,81.68,4811
2291,Clothing,126.13,126.13,East,Medium,Returned,171.86,5579
2292,Clothing,13.74,13.74,West,Low,Cancelled,16.75,5435
2293,Books,59.88,59.88,Central,Low,Completed,62.87,6071
2294,Clothing,191.4,191.4,South,Medium,Returned,175.76,8776
2295,Grocery,74.95,74.95,Central,Medium,Pending,117.67,9126
2296,Toys,120.05,120.05,North,Medium,Pending,182.96,9742
2297,Electronics,119.12,119.12,Central,Medium,Completed,439.28,8780
2298,Electronics,341.15,341.15,South,High,Pending,1389.15,
2299,Books,47.87,47.87,West,Low,Pending,52.39,7705
2300,Electronics,69.45,69.45,Central,Medium,Completed,73.04,3237
2301,Books,57.54,57.54,North,High,Returned,98.28,4104
2302,Electronics,1325.98,1325.98,North,High,Pending,4071.09,1675
2303,Beauty,133.27,133.27,West,High,Pending,173.76,5159
2304,Books,52.86,52.86,East,Low,Returned,218.2,2817
2305,Grocery,55.62,55.62,North,Medium,Completed,150.74,7669
2306,Electronics,1967.34,1967.34,South,Medium,Cancelled,8653.7,3158
2307,Grocery,37.33,37.33,West,High,Pending,83.54,5421
2308,Clothing,36.96,36.96,North,Low,Cancelled,76.93,8773
2309,Grocery,,38.83,South,Medium,Cancelled,82.57,3138
2310,Beauty,64.3,64.3,Central,Medium,Completed,313.54,5429
2311,Books,50.49,50.49,Central,Medium,Completed,121.45,2741
2312,Clothing,70.74,70.74,Central,High,Pending,295.89,7629
2313,Toys,111.21,111.21,West,Medium,Returned,348.67,9416
2314,Sports,72.18,72.18,North,High,Cancelled,152.32,9375
2315,Furniture,1371.13,1371.13,North,Low,Completed,4390.26,3140
2316,Clothing,93.06,93.06,West,Low,Pending,228.07,3094
2317,Furniture,2377.73,2377.73,East,Low,Cancelled,6993.9,1640
2318,Grocery,13.49,13.49,Central,Medium,Cancelled,26.33,1159
2319,Grocery,8.46,8.46,West,Low,Pending,37.55,6387
2320,Electronics,1763.37,1763.37,North,High,Completed,1545.29,5074
2321,Toys,112.85,112.85,West,High,Completed,380.44,
2322,Clothing,33.05,33.05,North,High,Completed,79.81,3494
2323,Furniture,502.7,502.7,West,Low,Returned,1964.58,7360
2324,Electronics,1106.47,1106.47,East,Low,Completed,5266.54,9972
2325,Sports,245.21,245.21,South,High,Completed,219.91,9438
2326,Toys,104.22,104.22,North,High,Pending,500.57,2574
2327,Clothing,70.48,70.48,Central,Low,Cancelled,261.91,3318
2328,Toys,,26.76,East,Low,Completed,29.1,4918
2329,Toys,,64.87,East,Medium,Cancelled,129.1,5478
2330,Sports,221.65,221.65,North,High,Completed,689.83,1262
2331,Grocery,71.22,71.22,North,Low,Pending,332.36,9410
2332,Beauty,91.49,91.49,North,High,Returned,127.27,9205
2333,Clothing,104.41,104.41,South,Medium,Pending,429.82,4156
2334,Sports,162.67,162.67,South,Medium,Returned,142.02,3612
2335,Clothing,198.57,198.57,South,Low,Cancelled,248.25,7859
2336,Clothing,129.38,129.38,East,Medium,Completed,259.39,7513
2337,Clothing,177.84,177.84,Central,High,Pending,183.64,1385
2338,Electronics,216.24,216.24,Central,High,Returned,251.7,3879
2339,Furniture,2952.47,2952.47,West,High,Cancelled,3472.69,
2340,Toys,142.24,142.24,North,Medium,Returned,373.8,5236
2341,Toys,60.37,60.37,East,Low,Pending,274.93,7864
2342,Furniture,2571.18,2571.18,North,High,Completed,5651.88,
2343,Beauty,109.28,109.28,South,Low,Cancelled,313.16,4848
2344,Books,35.71,35.71,West,Medium,Pending,53.04,2663
2345,Grocery,82.95,82.95,South,Medium,Returned,410.17,7853
2346,Sports,468.12,468.12,West,High,Pending,917.26,8240
2347,Sports,427.63,427.63,East,Low,Cancelled,1192.18,3615
2348,Electronics,1296.27,1296.27,North,Medium,Completed,5426.65,8919
2349,Toys,146.17,146.17,East,Medium,Pending,305.78,7869
2350,Sports,278.37,278.37,South,High,Cancelled,1147.06,5141
2351,Books,14.0,14.0,South,High,Returned,50.0,5637
2352,Clothing,155.62,155.62,Central,Medium,Pending,481.82,3404
2353,Beauty,41.12,41.12,West,High,Cancelled,71.81,5710
2354,Grocery,72.95,72.95,East,Low,Returned,222.84,7638
2355,Toys,,130.59,North,High,Completed,204.16,7079
2356,Toys,33.43,33.43,North,Low,Pending,61.44,
2357,Sports,34.97,34.97,Central,Medium,Completed,148.97,3331
2358,Clothing,145.57,145.57,Central,Medium,Completed,720.18,2023
2359,Furniture,404.6,404.6,Central,Low,Completed,459.93,1531
2360,Electronics,459.22,459.22,West,High,Pending,573.63,2620
2361,Beauty,115.48,115.48,North,Low,Completed,521.44,3549
2362,Books,42.61,42.61,North,Low,Cancelled,51.72,8645
2363,Books,52.7,52.7,North,High,Pending,254.25,6532
2364,Grocery,,71.2,South,Low,Returned,213.23,
2365,Grocery,78.38,78.38,North,Low,Pending,216.75,2733
2366,Sports,23.47,23.47,North,Low,Returned,114.98,4322
2367,Sports,133.14,133.14,North,Low,Pending,377.81,1660
2368,Beauty,132.35,132.35,North,High,Pending,549.61,9995
2369,Books,48.14,48.14,Central,High,Completed,72.83,5803
2370,Furniture,2415.37,2415.37,West,High,Pending,11775.33,1623
2371,Sports,305.21,305.21,Central,Medium,Returned,576.92,1326
2372,Sports,402.42,402.42,East,High,Returned,1369.4,6974
2373,Grocery,10.77,10.77,North,Medium,Cancelled,45.86,1072
2374,Beauty,139.52,139.52,East,High,Cancelled,634.78,4471
2375,Clothing,127.8,127.8,Central,High,Cancelled,393.07,2080
2376,Furniture,168.4,168.4,North,Low,Returned,559.57,1253
2377,Books,52.2,52.2,North,Medium,Completed,124.43,7359
2378,Toys,63.62,63.62,South,Low,Cancelled,113.07,2531
2379,Electronics,685.41,685.41,East,Medium,Returned,1295.58,9037
2380,Sports,429.21,429.21,West,High,Cancelled,921.94,2821
2381,Grocery,55.51,55.51,West,Medium,Cancelled,232.6,7096
2382,Beauty,78.47,78.47,East,High,Returned,344.26,8567
2383,Grocery,24.25,24.25,South,Medium,Cancelled,63.72,7058
2384,Toys,66.31,66.31,South,High,Cancelled,71.06,8547
2385,Furniture,277.32,277.32,North,Medium,Returned,1160.07,8875
2386,Furniture,1495.35,1495.35,South,High,Returned,3193.78,9684
2387,Electronics,1563.82,1563.82,East,High,Cancelled,4556.46,8520
2388,Grocery,39.57,39.57,South,Medium,Cancelled,159.72,9652
2389,Sports,490.82,490.82,South,Low,Cancelled,2447.98,8022
2390,Toys,24.74,24.74,West,Low,Pending,34.74,4383
2391,Books,16.45,16.45,West,Medium,Returned,60.94,3054
2392,Furniture,2690.04,2690.04,Central,Medium,Completed,6744.03,1494
2393,Toys,79.97,79.97,West,Low,Pending,123.21,7070
2394,Furniture,853.15,853.15,North,Low,Pending,2381.92,2373
2395,Books,37.79,37.79,East,High,Cancelled,60.68,6270
2396,Sports,230.61,230.61,Central,Low,Returned,668.59,5172
2397,Grocery,44.76,44.76,North,High,Cancelled,63.47,4441
2398,Sports,377.29,377.29,South,High,Completed,1420.84,3412
2399,Beauty,19.98,19.98,West,Medium,Returned,51.73,9057
2400,Clothing,90.36,90.36,East,High,Cancelled,115.56,7621
2401,Furniture,193.91,193.91,North,Medium,Completed,323.98,3935
2402,Grocery,4.9,4.9,West,Low,Completed,5.89,5360
2403,Grocery,68.5,68.5,North,High,Returned,211.99,8382
2404,Beauty,133.11,133.11,South,High,Returned,622.98,1644
2405,Books,42.69,42.69,East,Low,Pending,71.57,8517
2406,Grocery,26.87,26.87,Central,High,Completed,118.89,5565
2407,Beauty,67.82,67.82,Central,High,Pending,327.11,
2408,Sports,380.55,380.55,North,High,Cancelled,1288.65,6325
2409,Clothing,142.79,142.79,Central,High,Pending,391.31,9081
2410,Grocery,55.01,55.01,Central,High,Returned,95.35,5890
2411,Sports,39.15,39.15,West,Medium,Returned,137.52,8432
2412,Grocery,56.19,56.19,South,Low,Returned,107.44,7121
2413,Electronics,,932.65,Central,Medium,Cancelled,3942.75,9112
2414,Books,46.44,46.44,North,High,Completed,143.58,2692
2415,Grocery,60.31,60.31,North,Medium,Cancelled,271.69,1533
2416,Toys,42.56,42.56,North,Low,Pending,65.04,4152
2417,Furniture,,698.24,South,High,Cancelled,755.77,7131
2418,Books,23.92,23.92,North,Low,Pending,118.53,1547
2419,Furniture,2580.42,2580.42,Central,Low,Cancelled,9598.13,4172
2420,Furniture,658.97,658.97,South,Medium,Pending,2165.9,9804
2421,Electronics,726.3,726.3,Central,Low,Pending,954.57,5414
2422,Toys,18.12,18.12,North,Medium,Cancelled,71.68,3193
2423,Electronics,279.91,279.91,West,Medium,Pending,312.4,7089
2424,Toys,28.21,28.21,West,High,Cancelled,98.51,8342
2425,Books,39.22,39.22,Central,High,Pending,96.53,4753
2426,Clothing,101.51,101.51,West,High,Returned,445.72,6218
2427,Grocery,67.44,67.44,West,Medium,Returned,83.09,1416
2428,Sports,69.03,69.03,South,High,Completed,220.8,9733
2429,Toys,50.73,50.73,North,High,Pending,190.83,4772
2430,Books,24.5,24.5,East,High,Pending,29.93,5907
2431,Furniture,2031.95,2031.95,West,Medium,Returned,7067.91,3078
2432,Books,43.08,43.08,South,High,Completed,125.24,5167
2433,Books,43.52,43.52,North,Low,Pending,169.34,5956
2434,Beauty,76.43,76.43,West,Low,Pending,369.84,3787
2435,Sports,183.6,183.6,Central,High,Pending,409.29,5748
2436,Sports,144.72,144.72,East,Low,Cancelled,562.67,9871
2437,Grocery,97.32,97.32,West,Low,Returned,133.03,1294
2438,Toys,62.7,62.7,Central,High,Cancelled,130.52,6224
2439,Books,9.41,9.41,South,Low,Pending,14.35,1141
2440,Clothing,111.32,111.32,West,High,Cancelled,298.15,4091
2441,Toys,132.72,132.72,North,High,Pending,243.13,5709
2442,Grocery,60.21,60.21,Central,Low,Returned,147.91,8264
2443,Electronics,312.04,312.04,East,Medium,Completed,1511.54,4181
2444,Grocery,8.54,8.54,North,High,Pending,28.87,
2445,Clothing,119.23,119.23,South,Low,Pending,162.72,8596
2446,Clothing,26.5,26.5,West,High,Completed,67.93,
2447,Grocery,47.22,47.22,East,Medium,Cancelled,117.15,7848
2448,Electronics,974.3,974.3,South,Medium,Cancelled,1673.1,6799
2449,Electronics,78.71,78.71,West,High,Pending,152.68,7973
2450,Grocery,86.02,86.02,South,High,Returned,110.24,5243
2451,Toys,108.32,108.32,East,High,Pending,412.13,5522
2452,Toys,21.86,21.86,West,High,Returned,60.63,9574
2453,Books,31.21,31.21,North,Medium,Pending,128.53,3950
2454,Electronics,1646.64,1646.64,North,Medium,Cancelled,7253.55,8231
2455,Electronics,1996.11,1996.11,West,Low,Pending,3042.53,1674
2456,Grocery,30.13,30.13,East,Medium,Cancelled,33.95,4588
2457,Toys,55.08,55.08,South,Low,Returned,176.53,1176
2458,Grocery,37.18,37.18,Central,Medium,Pending,88.85,7848
2459,Electronics,597.7,597.7,South,Low,Returned,2320.6,1198
2460,Electronics,1211.46,1211.46,East,Low,Cancelled,3420.17,3857
2461,Clothing,84.25,84.25,East,Low,Completed,362.95,
2462,Furniture,1483.17,1483.17,West,High,Cancelled,4230.98,7726
2463,Clothing,65.78,65.78,Central,Medium,Cancelled,111.27,7146
2464,Clothing,113.02,113.02,East,Medium,Cancelled,515.78,3152
2465,Sports,379.96,379.96,North,Medium,Cancelled,1711.92,7107
2466,Electronics,1879.85,1879.85,West,Low,Pending,6058.44,9470
2467,Toys,53.51,53.51,Central,Medium,Completed,108.0,7748
2468,Sports,26.3,26.3,South,Low,Pending,70.11,9342
2469,Furniture,712.69,712.69,West,Low,Pending,636.76,2970
2470,Grocery,19.94,19.94,West,Medium,Cancelled,80.95,9386
2471,Beauty,78.67,78.67,East,High,Cancelled,286.38,1764
2472,Sports,240.66,240.66,West,High,Cancelled,879.59,9438
2473,Beauty,,148.17,East,Low,Cancelled,646.36,5959
2474,Grocery,15.62,15.62,West,High,Cancelled,55.0,2273
2475,Sports,344.57,344.57,West,Medium,Pending,546.02,2142
2476,Sports,383.87,383.87,North,Medium,Pending,1828.27,3905
2477,Clothing,137.85,137.85,Central,High,Returned,179.76,6289
2478,Furniture,2340.58,2340.58,North,Medium,Completed,7120.87,6045
2479,Toys,29.88,29.88,South,High,Pending,114.01,4840
2480,Clothing,138.17,138.17,East,Medium,Completed,176.09,7857
2481,Beauty,8.88,8.88,South,High,Cancelled,37.67,1032
2482,Books,19.22,19.22,South,Medium,Pending,60.7,5553
2483,Furniture,2454.0,2454.0,North,Medium,Completed,6233.16,1091
2484,Sports,320.67,320.67,East,Low,Pending,1169.41,9645
2485,Electronics,250.76,250.76,East,Low,Pending,1149.8,2526
2486,Books,5.08,5.08,North,High,Returned,5.22,3557
2487,Sports,319.1,319.1,North,High,Completed,943.05,9480
2488,Clothing,96.31,96.31,Central,High,Returned,299.63,5849
2489,Toys,127.15,127.15,North,Low,Completed,346.12,6552
2490,Grocery,64.88,64.88,East,High,Completed,166.07,
2491,Clothing,146.65,146.65,West,High,Pending,609.95,3169
2492,Electronics,1137.07,1137.07,North,High,Completed,3088.75,3870
2493,Sports,105.36,105.36,East,Medium,Cancelled,180.91,7250
2494,Grocery,64.91,64.91,Central,Low,Returned,297.29,1179
2495,Toys,122.52,122.52,South,Medium,Pending,436.42,7681
2496,Electronics,1191.86,1191.86,South,High,Returned,2776.76,
2497,Toys,87.63,87.63,North,High,Returned,308.98,3160
2498,Toys,40.13,40.13,East,High,Cancelled,91.91,7961
2499,Toys,77.68,77.68,Central,Medium,Cancelled,316.26,1266
2500,Furniture,2633.74,2633.74,East,Low,Pending,3421.75,8401
2501,Beauty,41.07,41.07,West,Medium,Pending,205.19,4781
2502,Sports,28.84,28.84,West,Low,Returned,57.44,7108
2503,Toys,87.21,87.21,South,High,Completed,418.22,9592
2504,Sports,100.41,100.41,Central,Low,Pending,85.0,2190
2505,Beauty,142.55,142.55,West,High,Pending,648.41,3528
2506,Furniture,724.48,724.48,West,Medium,Returned,2740.33,4068
2507,Books,55.4,55.4,East,High,Pending,103.61,9573
2508,Toys,134.81,134.81,North,Medium,Pending,449.34,2386
2509,Grocery,99.12,99.12,North,High,Completed,199.85,
2510,Beauty,139.84,139.84,Central,Low,Completed,673.7,4716
2511,Electronics,1747.89,1747.89,Central,High,Pending,3604.46,
2512,Beauty,51.6,51.6,Central,Medium,Pending,48.47,8123
2513,Books,50.81,50.81,South,Low,Pending,104.0,
2514,Grocery,7.45,7.45,East,High,Completed,23.8,7989
2515,Sports,308.23,308.23,Central,Medium,Returned,408.54,9932
2516,Electronics,1315.62,1315.62,West,Low,Pending,5911.42,6971
2517,Furniture,,1921.05,Central,Medium,Returned,2347.75,6459
2518,Beauty,27.18,27.18,East,High,Cancelled,50.04,9040
2519,Toys,22.47,22.47,South,High,Pending,63.48,7630
2520,Clothing,12.42,12.42,West,High,Pending,13.76,6728
2521,Electronics,490.22,490.22,Central,Low,Pending,2381.09,6464
2522,Clothing,122.25,122.25,South,High,Returned,118.5,4012
2523,Toys,128.51,128.51,West,Medium,Completed,523.66,1420
2524,Beauty,113.72,113.72,South,High,Cancelled,562.13,1084
2525,Beauty,64.96,64.96,Central,High,Returned,223.82,6853
2526,Clothing,101.83,101.83,South,Low,Cancelled,115.02,4155
2527,Toys,10.37,10.37,Central,Medium,Completed,23.29,2295
2528,Clothing,70.98,70.98,East,Medium,Returned,256.25,2916
2529,Sports,32.98,32.98,West,High,Completed,65.87,1206
2530,Toys,51.25,51.25,Central,Medium,Completed,255.06,9944
2531,Grocery,19.46,19.46,North,Low,Pending,63.67,3626
2532,Electronics,515.17,515.17,Central,Low,Returned,1893.18,1344
2533,Beauty,,82.46,West,Medium,Pending,276.57,7260
2534,Toys,105.35,105.35,South,High,Pending,235.85,4278
2535,Electronics,1868.45,1868.45,West,Medium,Cancelled,8165.16,9310
2536,Electronics,1536.07,1536.07,West,High,Returned,7631.32,
2537,Grocery,6.02,6.02,North,Low,Completed,18.49,5622
2538,Furniture,328.7,328.7,South,Medium,Returned,401.37,5516
2539,Books,35.85,35.85,West,High,Pending,127.78,7607
2540,Electronics,625.77,625.77,South,High,Completed,1324.67,8706
2541,Electronics,978.3,978.3,East,Low,Cancelled,1999.96,1929
2542,Grocery,92.02,92.02,North,Medium,Completed,185.42,6553
2543,Furniture,1772.08,1772.08,West,Medium,Returned,2402.12,5066
2544,Books,43.67,43.67,North,Medium,Pending,213.99,7297
2545,Clothing,150.57,150.57,South,Medium,Returned,634.56,1097
2546,Furniture,2729.86,2729.86,North,Medium,Completed,6694.05,
2547,Sports,126.97,126.97,East,High,Pending,491.36,2437
2548,Sports,,140.33,Central,Low,Completed,118.72,1717
2549,Clothing,197.8,197.8,South,Low,Completed,277.17,5297
2550,Books,13.69,13.69,West,Medium,Returned,50.98,2836
2551,Grocery,96.98,96.98,Central,Low,Returned,95.1,8593
2552,Books,55.45,55.45,East,Low,Cancelled,104.4,3245
2553,Electronics,672.09,672.09,Central,Medium,Cancelled,3150.8,2483
2554,Clothing,115.91,115.91,North,Low,Returned,262.07,4462
2555,Toys,133.52,133.52,East,Medium,Returned,194.8,7078
2556,Grocery,14.09,14.09,North,Medium,Returned,33.75,7691
2557,Clothing,164.06,164.06,East,Low,Returned,152.25,
2558,Beauty,130.24,130.24,West,Medium,Completed,175.89,2030
2559,Books,,32.72,East,High,Completed,35.5,2477
2560,Sports,253.55,253.55,West,High,Cancelled,763.58,7118
2561,Grocery,19.57,19.57,South,High,Cancelled,40.94,1927
2562,Sports,484.63,484.63,East,High,Completed,1771.83,8660
2563,Electronics,672.67,672.67,Central,Low,Completed,2680.98,9708
2564,Sports,223.02,223.02,East,Low,Returned,722.38,7362
2565,Clothing,115.21,115.21,East,Low,Returned,219.84,8536
2566,Sports,,278.0,West,High,Pending,1355.64,8835
2567,Beauty,121.19,121.19,East,High,Completed,507.06,4041
2568,Grocery,4.5,4.5,West,High,Pending,7.18,8848
2569,Furniture,2379.79,2379.79,Central,Medium,Cancelled,4493.33,3185
2570,Books,18.2,18.2,West,Medium,Returned,61.75,4061
2571,Toys,28.97,28.97,South,Low,Pending,50.41,6540
2572,Grocery,6.58,6.58,South,High,Completed,12.21,2069
2573,Sports,312.26,312.26,South,Low,Cancelled,634.51,5864
2574,Beauty,100.68,100.68,Central,High,Completed,418.7,6260
2575,Clothing,72.37,72.37,East,High,Returned,75.4,6301
2576,Sports,288.51,288.51,North,High,Pending,381.45,
2577,Sports,396.42,396.42,South,Low,Pending,624.0,3466
2578,Grocery,50.29,50.29,South,High,Completed,127.71,1553
2579,Sports,206.89,206.89,West,High,Returned,168.51,1857
2580,Furniture,1197.51,1197.51,Central,Medium,Pending,4095.96,3216
2581,Toys,17.3,17.3,West,Low,Cancelled,66.73,9127
2582,Toys,7.68,7.68,West,Medium,Cancelled,22.48,7885
2583,Grocery,38.38,38.38,West,High,Completed,166.56,7632
2584,Furniture,2434.07,2434.07,East,Low,Returned,10974.64,7744
2585,Clothing,63.72,63.72,East,Low,Returned,223.78,9564
2586,Furniture,2944.73,2944.73,Central,Low,Returned,11613.89,5551
2587,Clothing,58.96,58.96,Central,Medium,Completed,193.09,6160
2588,Books,5.78,5.78,South,High,Returned,23.44,4546
2589,Grocery,14.92,14.92,Central,Medium,Returned,18.29,9979
2590,Clothing,135.5,135.5,East,Low,Cancelled,428.45,5120
2591,Electronics,57.96,57.96,West,Medium,Pending,79.83,9700
2592,Toys,141.16,141.16,South,Medium,Returned,536.91,9055
2593,Clothing,170.98,170.98,Central,High,Pending,284.02,9946
2594,Beauty,13.38,13.38,East,High,Returned,40.05,2262
2595,Furniture,2123.93,2123.93,East,Medium,Cancelled,5869.83,9789
2596,Toys,61.76,61.76,East,Low,Returned,227.53,7337
2597,Furniture,2662.42,2662.42,North,Low,Returned,3853.84,2955
2598,Electronics,1686.85,1686.85,South,Medium,Completed,4071.39,2621
2599,Sports,168.1,168.1,West,Low,Returned,805.96,9564
2600,Sports,168.01,168.01,East,Medium,Cancelled,204.88,5174
2601,Beauty,,67.49,North,Medium,Returned,149.68,7798
2602,Grocery,30.53,30.53,North,Medium,Returned,69.67,3521
2603,Grocery,89.39,89.39,East,High,Returned,421.78,
2604,Furniture,684.61,684.61,Central,Medium,Completed,2021.48,6214
2605,Beauty,130.75,130.75,West,High,Pending,328.77,
2606,Toys,122.43,122.43,South,Low,Returned,129.19,
2607,Books,45.22,45.22,Central,High,Completed,222.89,5554
2608,Clothing,50.39,50.39,North,Low,Returned,175.33,8792
2609,Beauty,130.86,130.86,Central,Medium,Pending,566.75,3504
2610,Toys,20.88,20.88,Central,Medium,Completed,42.91,8602
2611,Furniture,1126.42,1126.42,West,Medium,Completed,3612.15,4649
2612,Toys,103.14,103.14,Central,Low,Completed,143.31,1017
2613,Grocery,72.29,72.29,South,Low,Completed,301.16,6796
2614,Grocery,34.55,34.55,North,Medium,Pending,150.17,4725
2615,Clothing,117.07,117.07,West,Medium,Cancelled,355.53,6985
2616,Clothing,134.7,134.7,West,Low,Cancelled,669.78,3604
2617,Furniture,110.71,110.71,South,Low,Cancelled,454.37,7495
2618,Toys,20.37,20.37,South,Low,Pending,30.7,1510
2619,Books,44.74,44.74,Central,Medium,Pending,122.09,5792
2620,Furniture,386.11,386.11,South,Low,Completed,931.52,4500
2621,Clothing,80.59,80.59,Central,High,Returned,247.55,3403
2622,Sports,413.43,413.43,Central,Medium,Returned,1412.28,1383
2623,Sports,464.65,464.65,West,Low,Pending,801.18,8377
2624,Electronics,1962.36,1962.36,South,Medium,Completed,1865.87,8019
2625,Books,50.32,50.32,Central,Low,Returned,52.01,5596
2626,Beauty,147.74,147.74,East,High,Returned,379.25,4318
2627,Clothing,197.88,197.88,Central,Low,Completed,858.91,8582
2628,Clothing,77.02,77.02,West,Low,Completed,242.06,9354
2629,Sports,92.15,92.15,South,Low,Cancelled,286.78,4364
2630,Electronics,1729.43,1729.43,West,Medium,Completed,2479.9,2782
2631,Grocery,13.22,13.22,Central,High,Cancelled,51.57,9959
2632,Clothing,39.39,39.39,Central,Low,Returned,171.69,2610
2633,Grocery,,81.92,West,High,Returned,199.04,1600
2634,Clothing,18.94,18.94,South,Medium,Pending,62.04,4784
2635,Furniture,897.21,897.21,West,Low,Cancelled,3006.89,1757
2636,Furniture,2170.16,2170.16,West,Medium,Returned,6394.02,9496
2637,Furniture,2989.98,2989.98,East,Low,Returned,2558.62,4868
2638,Clothing,155.53,155.53,South,High,Cancelled,339.51,6214
2639,Beauty,103.04,103.04,South,Low,Completed,309.55,4647
2640,Toys,108.08,108.08,North,Medium,Cancelled,532.16,2714
2641,Clothing,69.16,69.16,West,High,Completed,273.92,6287
2642,Electronics,436.98,436.98,West,High,Cancelled,1501.77,9746
2643,Clothing,151.29,151.29,West,Medium,Returned,462.71,3328
2644,Furniture,1952.55,1952.55,East,Medium,Returned,5763.9,8750
2645,Toys,8.59,8.59,South,Medium,Returned,41.28,2087
2646,Sports,116.79,116.79,East,Medium,Pending,465.43,4412
2647,Clothing,77.46,77.46,East,Medium,Pending,257.63,3413
2648,Beauty,38.86,38.86,Central,Low,Pending,147.08,2453
2649,Books,35.76,35.76,East,Low,Pending,178.19,3868
2650,Toys,18.12,18.12,East,High,Cancelled,62.2,5054
2651,Sports,,400.58,West,High,Cancelled,811.12,8715
2652,Toys,61.37,61.37,East,Low,Cancelled,189.51,8979
2653,Toys,112.4,112.4,Central,High,Returned,119.96,
2654,Electronics,1899.19,1899.19,North,Low,Completed,4745.8,5696
2655,Clothing,53.31,53.31,East,Low,Returned,129.21,5180
2656,Furniture,2112.59,2112.59,East,High,Pending,6938.3,3054
2657,Sports,151.42,151.42,South,High,Completed,637.48,6699
2658,Electronics,1171.52,1171.52,West,Low,Pending,1510.81,7809
2659,Sports,231.69,231.69,West,Medium,Returned,609.14,3286
2660,Books,46.06,46.06,East,High,Completed,62.85,3097
2661,Grocery,68.64,68.64,East,Low,Completed,75.78,8171
2662,Sports,281.33,281.33,West,Medium,Completed,335.88,2182
2663,Books,13.23,13.23,West,High,Cancelled,26.91,4461
2664,Furniture,2352.91,2352.91,West,Medium,Returned,10855.05,6032
2665,Grocery,87.12,87.12,North,High,Returned,159.83,7219
2666,Furniture,292.8,292.8,East,Low,Returned,1333.19,6832
2667,Grocery,64.66,64.66,West,Medium,Cancelled,272.22,1736
2668,Electronics,471.85,471.85,Central,Medium,Completed,2305.35,6480
2669,Books,8.5,8.5,South,Medium,Cancelled,39.84,7542
2670,Beauty,25.4,25.4,Central,High,Completed,52.4,4824
2671,Clothing,58.01,58.01,West,Low,Completed,137.48,4243
2672,Grocery,37.04,37.04,Central,Medium,Returned,121.36,2040
2673,Grocery,,87.74,North,Low,Cancelled,175.37,8134
2674,Sports,56.43,56.43,Central,Medium,Completed,59.31,9780
2675,Beauty,144.93,144.93,South,Low,Completed,313.51,5098
2676,Furniture,1356.09,1356.09,South,Low,Completed,6468.84,
2677,Clothing,114.27,114.27,Central,Low,Returned,394.19,5934
2678,Grocery,34.41,34.41,North,Medium,Completed,48.16,4242
2679,Furniture,2781.04,2781.04,East,Medium,Pending,10479.68,7623
2680,Electronics,152.95,152.95,South,Low,Returned,683.99,6490
2681,Electronics,1366.8,1366.8,South,High,Cancelled,5346.62,3513
2682,Electronics,837.25,837.25,North,Medium,Completed,1570.34,3321
2683,Electronics,236.12,236.12,West,High,Pending,1030.66,3109
2684,Grocery,85.58,85.58,North,Medium,Pending,380.84,4017
2685,Grocery,6.62,6.62,North,High,Completed,28.94,4403
2686,Toys,82.46,82.46,Central,High,Pending,144.87,3974
2687,Sports,478.12,478.12,South,High,Pending,1854.31,7745
2688,Toys,53.32,53.32,South,Low,Returned,109.48,8253
2689,Sports,398.6,398.6,Central,Low,Returned,1037.75,1893
2690,Books,18.61,18.61,West,Low,Pending,36.52,6906
2691,Grocery,62.94,62.94,East,Medium,Completed,138.81,7285
2692,Sports,191.75,191.75,North,Medium,Returned,768.71,3583
2693,Books,48.31,48.31,Central,High,Returned,123.15,8745
2694,Books,17.05,17.05,Central,Low,Cancelled,25.04,5436
2695,Sports,222.81,222.81,South,Medium,Pending,703.41,7680
2696,Grocery,76.67,76.67,Central,Low,Cancelled,302.18,4318
2697,Sports,251.99,251.99,East,High,Cancelled,704.12,8498
2698,Sports,475.94,475.94,Central,High,Cancelled,923.37,5695
2699,Sports,278.78,278.78,West,High,Completed,706.55,9821
2700,Grocery,31.01,31.01,South,Low,Completed,78.89,4679
2701,Clothing,29.29,29.29,Central,Low,Pending,108.89,5011
2702,Electronics,1019.35,1019.35,South,Medium,Completed,2834.23,1066
2703,Clothing,62.04,62.04,West,Low,Completed,194.49,5507
2704,Furniture,441.69,441.69,East,Medium,Pending,1451.85,8242
2705,Sports,100.13,100.13,South,Low,Pending,243.53,6643
2706,Sports,110.51,110.51,Central,High,Returned,152.78,5924
2707,Electronics,469.7,469.7,East,Low,Completed,2335.63,7776
2708,Sports,362.12,362.12,North,Low,Returned,976.38,7745
2709,Furniture,733.51,733.51,North,High,Completed,3531.79,6732
2710,Electronics,271.5,271.5,South,Low,Cancelled,1051.19,
2711,Clothing,46.99,46.99,East,High,Returned,218.7,8897
2712,Furniture,2875.29,2875.29,North,Medium,Completed,12269.45,5346
2713,Clothing,148.39,148.39,West,Medium,Pending,142.21,9919
2714,Clothing,,29.71,East,Low,Completed,120.06,
2715,Toys,100.14,100.14,North,High,Returned,438.96,7622
2716,Electronics,1508.58,1508.58,Central,Low,Completed,2768.37,4286
2717,Toys,77.78,77.78,East,Medium,Cancelled,352.36,4432
2718,Books,15.86,15.86,West,Low,Completed,45.04,2633
2719,Furniture,2770.26,2770.26,North,Medium,Returned,3366.71,2415
2720,Beauty,21.82,21.82,North,Low,Cancelled,102.34,3217
2721,Toys,136.4,136.4,North,High,Completed,274.87,9742
2722,Beauty,128.41,128.41,South,Medium,Completed,519.41,8145
2723,Beauty,128.12,128.12,West,Medium,Returned,203.4,2305
2724,Electronics,1840.04,1840.04,Central,High,Returned,2415.75,5690
2725,Grocery,26.45,26.45,East,Medium,Completed,29.62,6497
2726,Furniture,1061.34,1061.34,West,Low,Pending,2581.02,5149
2727,Books,23.54,23.54,South,Low,Returned,91.95,1033
2728,Grocery,64.03,64.03,North,Low,Returned,208.21,5520
2729,Books,28.43,28.43,Central,Low,Pending,139.9,
2730,Clothing,122.26,122.26,East,Medium,Returned,276.44,7584
2731,Furniture,1160.3,1160.3,East,High,Pending,3112.7,8465
2732,Grocery,40.19,40.19,East,Medium,Cancelled,36.52,1130
2733,Beauty,8.27,8.27,East,Low,Cancelled,10.48,7194
2734,Sports,431.96,431.96,Central,Medium,Completed,1936.56,
2735,Sports,210.5,210.5,East,High,Returned,288.26,8728
2736,Sports,92.57,92.57,North,High,Cancelled,412.38,3293
2737,Furniture,514.19,514.19,South,Low,Pending,1024.48,8717
2738,Books,52.65,52.65,East,Low,Cancelled,49.19,1639
2739,Toys,70.59,70.59,South,Medium,Completed,265.35,6685
2740,Electronics,1660.78,1660.78,East,High,Cancelled,8074.99,3385
2741,Grocery,77.08,77.08,South,High,Returned,155.31,6888
2742,Beauty,85.7,85.7,West,Low,Pending,79.07,1281
2743,Clothing,14.51,14.51,Central,Medium,Cancelled,26.39,6454
2744,Grocery,79.09,79.09,North,Low,Cancelled,158.91,8440
2745,Toys,111.25,111.25,Central,High,Pending,128.72,4658
2746,Electronics,801.78,801.78,West,Low,Completed,2910.05,2890
2747,Grocery,11.54,11.54,Central,Low,Returned,21.38,4924
2748,Sports,,302.17,East,Low,Cancelled,1457.32,7096
2749,Toys,,106.19,East,High,Completed,456.97,8043
2750,Electronics,1394.47,1394.47,South,Low,Returned,1202.1,1794
2751,Sports,172.46,172.46,South,Medium,Cancelled,406.88,2359
2752,Sports,165.99,165.99,North,High,Returned,595.62,1959
2753,Grocery,37.06,37.06,Central,Medium,Pending,104.19,3633
2754,Sports,154.92,154.92,West,High,Cancelled,646.23,9708
2755,Toys,102.92,102.92,South,Medium,Pending,174.23,1522
2756,Toys,16.6,16.6,East,High,Cancelled,37.12,7526
2757,Clothing,72.25,72.25,West,Medium,Completed,174.38,7206
2758,Electronics,366.2,366.2,West,High,Pending,1826.0,3365
2759,Books,42.16,42.16,South,High,Completed,90.77,3282
2760,Sports,120.92,120.92,South,Low,Returned,295.98,2485
2761,Beauty,27.9,27.9,South,Low,Pending,119.49,
2762,Clothing,87.38,87.38,South,High,Cancelled,321.11,7653
2763,Sports,306.02,306.02,North,Medium,Pending,1512.37,1540
2764,Furniture,451.22,451.22,South,Low,Completed,933.44,6870
2765,Electronics,410.65,410.65,North,Low,Completed,511.76,4989
2766,Furniture,1183.65,1183.65,Central,Medium,Completed,3948.13,
2767,Electronics,408.42,408.42,East,Medium,Completed,973.06,6578
2768,Sports,360.62,360.62,West,High,Cancelled,824.51,1040
2769,Beauty,89.01,89.01,South,High,Completed,178.0,4558
2770,Grocery,74.8,74.8,West,Low,Returned,206.07,2236
2771,Toys,53.07,53.07,East,High,Returned,45.32,5844
2772,Books,15.77,15.77,North,High,Returned,77.13,7893
2773,Sports,176.59,176.59,West,Low,Returned,190.89,
2774,Grocery,56.27,56.27,East,Medium,Completed,141.15,1980
2775,Grocery,14.94,14.94,North,Medium,Returned,51.24,8238
2776,Electronics,803.44,803.44,West,High,Cancelled,1473.12,8967
2777,Clothing,112.44,112.44,North,High,Returned,476.6,5660
2778,Books,27.77,27.77,North,High,Cancelled,120.87,4154
2779,Electronics,128.08,128.08,South,Medium,Cancelled,518.24,9812
2780,Grocery,87.62,87.62,North,High,Pending,165.65,9228
2781,Sports,196.19,196.19,West,Low,Cancelled,242.06,4304
2782,Beauty,64.85,64.85,East,High,Pending,63.11,5502
2783,Electronics,1638.32,1638.32,South,Low,Returned,4014.31,8292
2784,Furniture,2627.36,2627.36,South,Medium,Pending,13064.23,6659
2785,Furniture,2890.48,2890.48,West,Medium,Returned,6124.54,8688
2786,Sports,137.49,137.49,East,Low,Returned,202.24,5718
2787,Books,,50.68,West,Low,Pending,107.57,3123
2788,Sports,170.23,170.23,East,High,Pending,721.33,7909
2789,Grocery,75.57,75.57,West,High,Pending,295.23,8222
2790,Furniture,846.46,846.46,South,High,Pending,2723.25,7082
2791,Electronics,412.79,412.79,East,Medium,Returned,1283.96,1102
2792,Toys,137.05,137.05,Central,Medium,Pending,324.68,5772
2793,Electronics,944.96,944.96,Central,Low,Pending,1127.48,3359
2794,Furniture,659.9,659.9,South,Low,Completed,3095.69,5419
2795,Books,8.52,8.52,West,Medium,Returned,7.24,4599
2796,Grocery,85.17,85.17,Central,Medium,Pending,69.69,3266
2797,Grocery,4.65,4.65,North,Low,Cancelled,13.55,7352
2798,Toys,117.12,117.12,South,High,Pending,301.7,7242
2799,Electronics,1896.64,1896.64,Central,Low,Returned,5490.42,2405
2800,Furniture,1205.45,1205.45,East,Low,Cancelled,5473.64,3180
2801,Electronics,1146.47,1146.47,West,Medium,Completed,1464.78,5285
2802,Books,47.0,47.0,Central,High,Cancelled,47.45,1014
2803,Clothing,30.57,30.57,West,High,Returned,68.75,1983
2804,Electronics,472.64,472.64,Central,Low,Completed,945.53,2003
2805,Toys,13.91,13.91,East,Medium,Returned,63.34,4499
2806,Books,15.5,15.5,North,Medium,Pending,43.47,6771
2807,Electronics,434.32,434.32,North,High,Returned,1289.3,5617
2808,Beauty,20.95,20.95,West,Low,Cancelled,19.94,1609
2809,Grocery,89.08,89.08,North,Medium,Pending,252.25,2530
2810,Clothing,79.5,79.5,West,Low,Returned,101.27,8700
2811,Sports,224.88,224.88,Central,High,Pending,330.86,1682
2812,Books,52.57,52.57,Central,High,Cancelled,83.92,9832
2813,Clothing,121.73,121.73,West,Low,Pending,376.25,4922
2814,Furniture,1777.66,1777.66,Central,High,Cancelled,2610.91,3326
2815,Clothing,98.94,98.94,West,Medium,Completed,106.8,5385
2816,Sports,219.6,219.6,South,High,Pending,181.64,6586
2817,Furniture,557.01,557.01,South,Medium,Returned,1451.56,4636
2818,Toys,50.92,50.92,North,High,Cancelled,67.64,5912
2819,Sports,62.18,62.18,Central,Medium,Pending,295.59,
2820,Beauty,23.13,23.13,North,Low,Returned,92.87,3734
2821,Beauty,120.04,120.04,North,High,Cancelled,166.72,8876
2822,Sports,107.23,107.23,North,High,Returned,494.45,1787
2823,Grocery,72.2,72.2,South,Medium,Cancelled,206.0,1849
2824,Books,45.64,45.64,West,Medium,Completed,181.69,7999
2825,Clothing,138.79,138.79,West,High,Returned,323.66,6732
2826,Sports,207.29,207.29,East,High,Returned,622.05,5711
2827,Toys,7.33,7.33,East,High,Pending,34.68,3267
2828,Sports,344.25,344.25,West,Low,Pending,1659.35,2445
2829,Clothing,154.45,154.45,Central,Low,Completed,421.08,5661
2830,Beauty,102.41,102.41,North,Medium,Returned,421.12,2353
2831,Books,7.04,7.04,North,High,Returned,26.59,7865
2832,Electronics,109.92,109.92,West,Medium,Pending,396.99,6509
2833,Beauty,130.21,130.21,South,High,Cancelled,262.23,4391
2834,Books,32.06,32.06,South,High,Cancelled,102.46,2495
2835,Toys,60.74,60.74,Central,Medium,Returned,266.22,4933
2836,Grocery,4.25,4.25,West,Low,Pending,17.99,6977
2837,Grocery,78.31,78.31,West,Low,Cancelled,149.44,3727
2838,Beauty,102.12,102.12,North,High,Pending,90.61,1813
2839,Clothing,67.8,67.8,North,Medium,Completed,222.03,6536
2840,Toys,35.23,35.23,North,Medium,Pending,136.14,4246
2841,Furniture,1028.78,1028.78,South,Medium,Pending,4330.81,1953
2842,Electronics,1458.64,1458.64,Central,Low,Pending,1571.04,2867
2843,Electronics,1628.61,1628.61,Central,High,Pending,4905.79,4778
2844,Books,43.45,43.45,East,Low,Pending,148.82,4770
2845,Electronics,1850.75,1850.75,West,Medium,Returned,2168.68,7453
2846,Grocery,54.31,54.31,Central,High,Pending,268.14,8030
2847,Clothing,76.27,76.27,Central,Medium,Returned,347.44,8503
2848,Electronics,1750.04,1750.04,South,High,Completed,1667.11,9986
2849,Furniture,2055.6,2055.6,North,Low,Returned,5937.02,8337
2850,Toys,146.92,146.92,Central,High,Cancelled,203.88,4813
2851,Beauty,149.81,149.81,East,Low,Completed,596.45,8959
2852,Sports,244.68,244.68,Central,Medium,Returned,604.88,9696
2853,Furniture,1286.58,1286.58,Central,Low,Cancelled,1162.06,7496
2854,Grocery,47.07,47.07,Central,High,Pending,121.7,9433
2855,Electronics,1161.26,1161.26,West,Low,Returned,1346.63,6322
2856,Grocery,20.35,20.35,Central,Low,Completed,55.92,4962
2857,Books,36.11,36.11,East,Medium,Returned,101.73,6287
2858,Beauty,,60.13,South,Low,Cancelled,290.45,6195
2859,Electronics,1852.34,1852.34,East,High,Returned,2332.68,7349
2860,Books,31.56,31.56,Central,High,Pending,103.48,6775
2861,Sports,181.95,181.95,Central,Medium,Completed,640.97,6052
2862,Sports,29.3,29.3,East,High,Completed,111.85,5419
2863,Grocery,53.24,53.24,West,Medium,Returned,264.5,1272
2864,Grocery,,59.79,North,Low,Pending,133.19,
2865,Sports,419.45,419.45,East,High,Completed,1042.88,6646
2866,Grocery,99.56,99.56,South,Medium,Pending,422.88,1256
2867,Sports,92.39,92.39,West,Low,Pending,81.6,5287
2868,Grocery,90.66,90.66,West,High,Cancelled,339.73,6955
2869,Furniture,1461.76,1461.76,East,High,Cancelled,4207.29,2507
2870,Toys,49.24,49.24,Central,Medium,Returned,179.67,5189
2871,Electronics,1454.7,1454.7,West,High,Cancelled,5110.29,7105
2872,Furniture,837.72,837.72,East,Medium,Returned,3823.82,7862
2873,Books,56.01,56.01,East,Low,Pending,229.84,4746
2874,Books,41.02,41.02,South,Medium,Returned,70.0,5910
2875,Books,,18.22,West,Medium,Cancelled,54.71,
2876,Toys,40.34,40.34,West,Low,Pending,143.57,5927
2877,Furniture,2626.68,2626.68,Central,Low,Cancelled,11660.85,
2878,Electronics,1538.16,1538.16,East,High,Cancelled,7655.44,
2879,Grocery,54.14,54.14,South,Low,Completed,54.94,3821
2880,Furniture,1744.72,1744.72,West,High,Returned,8042.01,6156
2881,Toys,97.07,97.07,North,High,Completed,103.52,6753
2882,Clothing,77.33,77.33,North,Medium,Cancelled,69.39,2543
2883,Toys,35.41,35.41,North,High,Returned,117.06,4809
2884,Furniture,2276.73,2276.73,East,High,Completed,9447.17,2647
2885,Clothing,37.02,37.02,Central,High,Cancelled,184.13,6864
2886,Grocery,88.72,88.72,South,Low,Returned,384.16,4001
2887,Books,11.11,11.11,East,Medium,Pending,33.55,6735
2888,Books,21.09,21.09,East,Low,Returned,103.39,2324
2889,Furniture,1040.12,1040.12,East,Medium,Cancelled,2197.97,8434
2890,Electronics,1851.42,1851.42,West,High,Completed,4713.86,8246
2891,Toys,60.86,60.86,South,High,Cancelled,260.96,7933
2892,Grocery,76.58,76.58,North,High,Returned,70.51,2941
2893,Beauty,,61.88,Central,High,Returned,197.91,8069
2894,Furniture,158.52,158.52,Central,Low,Cancelled,759.19,9094
2895,Electronics,655.99,655.99,East,Low,Pending,3053.16,7861
2896,Beauty,38.0,38.0,South,High,Cancelled,155.15,9700
2897,Electronics,651.72,651.72,North,Low,Cancelled,2301.15,7050
2898,Furniture,1262.14,1262.14,South,Low,Pending,5173.28,5035
2899,Toys,24.21,24.21,East,Medium,Returned,66.81,2047
2900,Clothing,146.48,146.48,North,Low,Cancelled,503.98,2393
2901,Furniture,1976.0,1976.0,Central,Medium,Pending,9177.49,1624
2902,Grocery,67.12,67.12,West,High,Completed,144.1,2879
2903,Beauty,92.72,92.72,East,High,Returned,157.37,2827
2904,Sports,79.21,79.21,North,Low,Returned,139.42,3567
2905,Clothing,122.8,122.8,Central,High,Cancelled,326.54,8129
2906,Beauty,,21.52,South,Low,Returned,61.26,5784
2907,Books,51.77,51.77,North,Medium,Pending,53.7,1837
2908,Electronics,1627.29,1627.29,South,Low,Returned,6375.86,9099
2909,Electronics,1779.76,1779.76,East,Low,Cancelled,8005.52,6180
2910,Sports,231.77,231.77,South,Low,Completed,450.39,4370
2911,Toys,64.17,64.17,East,Medium,Completed,195.92,4933
2912,Sports,275.43,275.43,North,High,Pending,736.75,6137
2913,Clothing,56.3,56.3,North,High,Cancelled,82.8,
2914,Furniture,1652.71,1652.71,East,High,Pending,1541.0,4227
2915,Clothing,177.48,177.48,Central,High,Returned,307.66,4892
2916,Clothing,133.22,133.22,South,Low,Returned,442.42,9360
2917,Toys,98.96,98.96,South,High,Completed,88.78,5210
2918,Clothing,158.3,158.3,North,Medium,Completed,414.99,6983
2919,Electronics,1599.19,1599.19,Central,Medium,Completed,2490.38,9668
2920,Books,9.45,9.45,Central,High,Cancelled,39.25,5252
2921,Books,28.12,28.12,Central,Medium,Cancelled,62.47,4048
2922,Beauty,67.03,67.03,West,Medium,Completed,247.34,9199
2923,Sports,377.54,377.54,South,Low,Cancelled,937.56,7581
2924,Sports,462.6,462.6,South,High,Cancelled,1076.25,2612
2925,Furniture,1678.96,1678.96,West,Low,Cancelled,7147.82,
2926,Grocery,23.31,23.31,East,Low,Returned,112.77,7405
2927,Sports,96.2,96.2,South,High,Cancelled,461.37,8488
2928,Sports,391.78,391.78,South,Low,Completed,929.81,4715
2929,Clothing,124.18,124.18,West,High,Returned,235.96,
2930,Toys,61.3,61.3,Central,Medium,Returned,287.7,4790
2931,Electronics,105.2,105.2,West,Low,Pending,261.59,2290
2932,Books,36.72,36.72,South,Low,Completed,131.37,1944
2933,Sports,171.62,171.62,North,High,Cancelled,173.25,3378
2934,Clothing,25.57,25.57,South,Low,Pending,50.61,4155
2935,Electronics,220.63,220.63,Central,Medium,Completed,962.28,8343
2936,Toys,125.73,125.73,East,Low,Returned,430.25,3641
2937,Grocery,12.43,12.43,East,Low,Returned,51.21,6831
2938,Clothing,115.05,115.05,North,High,Returned,129.23,6134
2939,Sports,432.17,432.17,West,High,Completed,650.97,7005
2940,Books,29.67,29.67,West,High,Returned,98.09,4570
2941,Beauty,137.51,137.51,North,Low,Pending,413.54,1877
2942,Sports,269.9,269.9,North,High,Pending,944.81,
2943,Clothing,90.94,90.94,South,Low,Pending,116.65,4186
2944,Sports,461.25,461.25,South,High,Returned,1558.32,5386
2945,Electronics,1520.91,1520.91,Central,High,Pending,4258.75,6853
2946,Toys,58.88,58.88,Central,High,Cancelled,218.94,4840
2947,Clothing,39.1,39.1,South,Low,Pending,55.17,6603
2948,Clothing,93.21,93.21,Central,Low,Pending,200.89,2093
2949,Toys,125.65,125.65,South,High,Pending,473.45,1611
2950,Clothing,142.28,142.28,Central,Low,Cancelled,327.76,4406
2951,Toys,51.16,51.16,West,High,Completed,170.52,
2952,Beauty,91.68,91.68,East,Low,Completed,323.87,6011
2953,Books,53.51,53.51,West,High,Cancelled,248.37,
2954,Grocery,70.86,70.86,South,Medium,Completed,181.25,2090
2955,Furniture,725.8,725.8,South,Medium,Returned,668.38,2982
2956,Beauty,100.25,100.25,North,Low,Pending,208.89,3797
2957,Toys,18.64,18.64,South,High,Returned,67.66,4845
2958,Sports,163.21,163.21,North,Low,Completed,575.32,5398
2959,Grocery,31.06,31.06,East,High,Completed,45.37,7026
2960,Electronics,1410.53,1410.53,West,Medium,Completed,1827.57,7976
2961,Clothing,196.18,196.18,East,High,Cancelled,241.85,4152
2962,Clothing,180.48,180.48,East,Medium,Pending,371.85,2529
2963,Electronics,1041.71,1041.71,West,High,Completed,952.2,7280
2964,Books,38.91,38.91,Central,Low,Pending,36.89,4962
2965,Beauty,60.42,60.42,Central,Low,Returned,200.58,6684
2966,Furniture,771.97,771.97,Central,Medium,Completed,3324.11,9876
2967,Furniture,,1865.61,Central,High,Cancelled,2486.17,3437
2968,Toys,5.32,5.32,South,Low,Pending,10.29,5913
2969,Furniture,2861.59,2861.59,West,Medium,Completed,13575.66,7246
2970,Sports,452.24,452.24,North,Low,Returned,1835.82,5718
2971,Grocery,29.86,29.86,South,Medium,Pending,93.43,8368
2972,Toys,34.61,34.61,North,Low,Cancelled,51.39,9569
2973,Books,38.48,38.48,West,Low,Completed,70.98,7913
2974,Toys,52.38,52.38,North,Medium,Returned,114.09,3041
2975,Furniture,113.14,113.14,Central,Medium,Cancelled,155.32,8460
2976,Furniture,2810.23,2810.23,Central,Low,Returned,10120.31,8104
2977,Sports,230.49,230.49,Central,Medium,Returned,200.27,8496
2978,Electronics,1750.76,1750.76,West,Low,Completed,2025.66,8214
2979,Clothing,25.35,25.35,South,Low,Cancelled,105.04,8340
2980,Clothing,73.98,73.98,East,Medium,Returned,285.35,
2981,Books,9.21,9.21,West,High,Completed,22.24,5272
2982,Grocery,22.03,22.03,East,Low,Returned,70.87,5558
2983,Books,,46.77,East,Medium,Returned,205.73,4757
2984,Beauty,54.76,54.76,East,High,Returned,60.39,9799
2985,Grocery,90.15,90.15,North,Medium,Completed,391.87,4943
2986,Books,52.92,52.92,West,Low,Pending,210.27,5929
2987,Clothing,129.55,129.55,South,Low,Cancelled,415.4,7671
2988,Electronics,1358.79,1358.79,Central,Medium,Pending,1195.15,1356
2989,Clothing,171.53,171.53,Central,Low,Returned,570.26,4414
2990,Electronics,1530.23,1530.23,Central,Medium,Pending,7050.56,9023
2991,Beauty,55.79,55.79,West,High,Pending,135.38,1845
2992,Furniture,2267.34,2267.34,East,Low,Cancelled,3825.9,7602
2993,Sports,376.13,376.13,South,High,Completed,1366.07,4642
2994,Books,29.19,29.19,West,Low,Completed,78.34,3032
2995,Beauty,48.71,48.71,West,Medium,Returned,74.37,3226
2996,Sports,130.05,130.05,Central,Medium,Completed,382.3,9001
2997,Beauty,43.42,43.42,East,Low,Cancelled,159.5,5673
2998,Books,12.61,12.61,South,Medium,Returned,51.78,1450
2999,Furniture,1480.97,1480.97,Central,Medium,Cancelled,1340.42,1369
3000,Beauty,66.08,66.08,East,Low,Returned,150.2,2245
3001,Books,46.49,46.49,South,High,Completed,191.2,1762
3002,Toys,112.08,112.08,East,Medium,Cancelled,431.41,5759
3003,Toys,54.79,54.79,East,Low,Returned,127.93,3953
3004,Furniture,2608.27,2608.27,West,Medium,Completed,9002.32,1220
3005,Electronics,,557.45,Central,Low,Completed,610.18,6040
3006,Books,50.35,50.35,Central,Low,Returned,216.55,2421
3007,Clothing,139.74,139.74,South,Low,Returned,574.01,7985
3008,Clothing,69.27,69.27,West,Medium,Completed,204.0,7690
3009,Beauty,101.99,101.99,West,Low,Returned,252.89,7281
3010,Grocery,,71.4,East,Low,Pending,167.73,7142
3011,Electronics,1077.17,1077.17,East,Low,Pending,4034.88,1059
3012,Grocery,58.28,58.28,West,Medium,Completed,123.86,4964
3013,Sports,95.62,95.62,East,High,Cancelled,103.5,9715
3014,Sports,194.29,194.29,East,Medium,Pending,329.42,2479
3015,Toys,70.8,70.8,East,High,Cancelled,192.0,3100
3016,Electronics,416.56,416.56,East,High,Completed,1960.37,3727
3017,Furniture,2370.96,2370.96,South,Medium,Completed,7246.93,7656
3018,Sports,161.95,161.95,West,Medium,Cancelled,194.53,4335
3019,Books,9.2,9.2,North,High,Cancelled,27.23,7855
3020,Books,34.4,34.4,South,Low,Cancelled,119.65,9011
3021,Books,23.9,23.9,Central,High,Cancelled,89.98,2244
3022,Grocery,97.17,97.17,West,Medium,Cancelled,407.35,2812
3023,Sports,235.75,235.75,South,High,Pending,1121.78,4610
3024,Toys,82.21,82.21,North,Low,Completed,318.63,9730
3025,Clothing,165.63,165.63,South,Medium,Pending,621.94,3835
3026,Toys,137.64,137.64,Central,Medium,Returned,540.53,1852
3027,Clothing,42.94,42.94,South,Medium,Pending,87.59,5845
3028,Sports,53.18,53.18,East,Low,Cancelled,123.5,2028
3029,Books,17.29,17.29,East,Medium,Completed,46.49,2635
3030,Electronics,1252.45,1252.45,West,Medium,Cancelled,4492.92,8481
3031,Sports,373.3,373.3,South,Low,Cancelled,809.04,2960
3032,Grocery,60.57,60.57,West,Low,Cancelled,135.27,6026
3033,Clothing,187.64,187.64,North,High,Returned,915.9,7265
3034,Sports,348.11,348.11,North,Low,Pending,512.47,3023
3035,Sports,272.42,272.42,Central,High,Pending,1003.99,9179
3036,Books,56.03,56.03,West,Low,Returned,269.47,
3037,Furniture,1931.14,1931.14,North,Low,Completed,1635.12,3279
3038,Books,32.08,32.08,Central,Low,Returned,32.29,3388
3039,Electronics,140.92,140.92,West,Medium,Cancelled,477.14,5162
3040,Furniture,1713.85,1713.85,South,Low,Cancelled,2007.2,1732
3041,Books,42.23,42.23,North,Low,Pending,195.81,7544
3042,Electronics,1621.73,1621.73,Central,High,Pending,6687.1,5295
3043,Electronics,866.09,866.09,East,Medium,Cancelled,2333.98,6588
3044,Electronics,,1450.13,North,Low,Cancelled,3813.46,5253
3045,Furniture,202.3,202.3,East,Low,Cancelled,528.4,9434
3046,Beauty,81.97,81.97,West,Low,Returned,185.24,4893
3047,Clothing,49.14,49.14,North,Medium,Pending,221.98,1377
3048,Clothing,198.54,198.54,South,Low,Returned,166.44,5539
3049,Beauty,135.87,135.87,Central,Low,Completed,231.0,
3050,Books,11.67,11.67,East,Low,Cancelled,45.11,5748
3051,Toys,15.65,15.65,North,Medium,Returned,65.69,6925
3052,Furniture,992.11,992.11,South,Low,Cancelled,4471.8,7698
3053,Beauty,36.18,36.18,Central,Medium,Pending,48.1,9084
3054,Electronics,1625.27,1625.27,Central,Low,Returned,6861.42,7780
3055,Books,25.9,25.9,Central,High,Cancelled,104.95,9762
3056,Grocery,87.52,87.52,South,Low,Completed,349.43,4577
3057,Grocery,26.06,26.06,West,Low,Cancelled,67.59,7920
3058,Beauty,136.46,136.46,Central,High,Returned,268.81,4584
3059,Beauty,146.17,146.17,Central,Medium,Returned,322.43,6855
3060,Furniture,335.37,335.37,East,Low,Cancelled,1113.01,9240
3061,Beauty,44.81,44.81,East,High,Completed,168.67,9627
3062,Sports,345.11,345.11,South,Medium,Returned,744.6,2930
3063,Beauty,66.54,66.54,East,Low,Returned,152.61,6868
3064,Sports,162.23,162.23,West,Medium,Returned,291.66,1816
3065,Furniture,1117.79,1117.79,South,High,Completed,2753.35,1616
3066,Clothing,154.13,154.13,West,Low,Pending,235.0,3068
3067,Toys,115.1,115.1,South,Medium,Pending,323.93,1799
3068,Toys,68.2,68.2,North,Low,Completed,133.21,4220
3069,Toys,85.26,85.26,East,High,Returned,335.97,9634
3070,Sports,206.12,206.12,North,Medium,Cancelled,391.03,1258
3071,Books,18.48,18.48,West,High,Returned,52.39,7601
3072,Grocery,50.59,50.59,East,Low,Pending,124.42,5897
3073,Clothing,30.35,30.35,Central,Medium,Returned,80.93,3515
3074,Books,45.58,45.58,North,Medium,Cancelled,174.81,4563
3075,Furniture,2596.6,2596.6,West,Medium,Cancelled,8064.77,3600
3076,Sports,99.37,99.37,Central,Medium,Returned,278.86,5727
3077,Sports,11.24,11.24,North,Medium,Cancelled,12.87,2639
3078,Clothing,96.66,96.66,North,High,Cancelled,198.69,3706
3079,Books,16.33,16.33,East,Low,Pending,48.73,5006
3080,Books,41.46,41.46,West,Medium,Returned,94.2,1601
3081,Beauty,7.72,7.72,Central,Medium,Pending,26.88,8076
3082,Beauty,100.3,100.3,West,Low,Pending,480.75,5352
3083,Electronics,999.41,999.41,South,Medium,Completed,2250.92,8599
3084,Beauty,23.12,23.12,North,High,Completed,110.72,8575
3085,Beauty,129.53,129.53,Central,Medium,Pending,464.43,5299
3086,Beauty,24.36,24.36,East,Medium,Cancelled,60.54,6613
3087,Toys,98.98,98.98,West,Medium,Completed,242.77,7129
3088,Beauty,36.03,36.03,South,High,Pending,110.0,6726
3089,Electronics,1676.28,1676.28,Central,Medium,Returned,6599.04,8992
3090,Books,56.04,56.04,West,Medium,Completed,81.4,9698
3091,Toys,96.07,96.07,South,Medium,Pending,173.02,5947
3092,Beauty,,5.27,North,Medium,Returned,22.08,8284
3093,Clothing,58.35,58.35,Central,Medium,Pending,285.43,6722
3094,Books,36.45,36.45,Central,Low,Pending,105.6,7593
3095,Electronics,,289.19,Central,Medium,Completed,254.79,1511
3096,Electronics,1528.06,1528.06,North,Medium,Returned,4898.46,1547
3097,Beauty,83.73,83.73,South,Low,Cancelled,177.34,3557
3098,Clothing,152.36,152.36,South,Low,Returned,406.76,6782
3099,Furniture,2392.7,2392.7,South,Medium,Cancelled,8981.17,1745
3100,Beauty,13.38,13.38,Central,Low,Pending,25.88,4500
3101,Furniture,2422.45,2422.45,South,Low,Completed,2695.04,8669
3102,Toys,28.92,28.92,Central,High,Returned,72.35,4686
3103,Books,31.39,31.39,Central,Medium,Returned,126.45,5391
3104,Electronics,432.23,432.23,North,Low,Completed,2005.34,4740
3105,Books,47.58,47.58,East,Low,Pending,115.97,
3106,Grocery,97.48,97.48,West,High,Returned,409.52,2119
3107,Grocery,88.86,88.86,Central,Medium,Returned,421.52,3068
3108,Grocery,95.78,95.78,South,High,Cancelled,328.7,3606
3109,Sports,50.48,50.48,West,Low,Pending,219.09,6015
3110,Sports,488.61,488.61,West,Medium,Cancelled,1165.67,4518
3111,Grocery,38.73,38.73,East,Medium,Completed,48.78,9721
3112,Books,9.69,9.69,West,High,Completed,35.72,4376
3113,Clothing,141.1,141.1,West,Low,Cancelled,575.31,5578
3114,Beauty,141.17,141.17,South,High,Completed,673.9,9556
3115,Furniture,675.15,675.15,North,High,Completed,1063.53,4392
3116,Sports,,15.59,West,Medium,Cancelled,43.16,1173
3117,Sports,334.09,334.09,North,Low,Pending,1355.41,7114
3118,Electronics,992.21,992.21,North,Low,Returned,1566.97,3413
3119,Electronics,599.78,599.78,Central,Medium,Completed,2134.28,7388
3120,Furniture,229.68,229.68,South,Medium,Cancelled,814.96,5205
3121,Sports,238.96,238.96,Central,High,Returned,228.31,4779
3122,Electronics,804.46,804.46,Central,High,Returned,2823.43,3141
3123,Books,49.79,49.79,Central,Medium,Completed,65.63,7123
3124,Clothing,45.69,45.69,South,Low,Returned,125.7,
3125,Toys,30.4,30.4,South,High,Pending,105.73,3269
3126,Books,57.39,57.39,North,High,Pending,73.17,1410
3127,Beauty,58.19,58.19,North,High,Pending,95.18,9933
3128,Furniture,2292.42,2292.42,South,Low,Completed,1874.97,4920
3129,Books,51.82,51.82,East,Medium,Returned,166.36,6655
3130,Clothing,14.94,14.94,North,Medium,Completed,68.89,3466
3131,Furniture,649.26,649.26,East,Low,Returned,2063.54,
3132,Furniture,1082.74,1082.74,Central,Medium,Completed,3107.12,8961
3133,Electronics,424.88,424.88,Central,Medium,Completed,1933.91,3122
3134,Toys,136.96,136.96,North,Medium,Completed,663.62,4798
3135,Books,16.49,16.49,Central,Medium,Completed,65.55,7614
3136,Beauty,72.39,72.39,North,High,Returned,142.99,8455
3137,Furniture,2544.0,2544.0,West,High,Completed,4467.56,7884
3138,Beauty,53.33,53.33,West,Medium,Cancelled,68.72,
3139,Toys,135.05,135.05,Central,Medium,Returned,519.47,2918
3140,Clothing,198.26,198.26,East,Medium,Pending,561.34,6896
3141,Toys,121.4,121.4,North,High,Completed,123.24,8744
3142,Sports,160.27,160.27,East,Low,Cancelled,409.81,9384
3143,Beauty,27.0,27.0,Central,High,Cancelled,79.08,1405
3144,Furniture,1781.91,1781.91,East,Low,Returned,5380.27,7829
3145,Electronics,1693.56,1693.56,Central,Low,Pending,7914.19,7680
3146,Clothing,51.51,51.51,West,Low,Returned,48.51,8255
3147,Beauty,134.1,134.1,East,Medium,Completed,533.56,7656
3148,Grocery,38.87,38.87,Central,High,Returned,42.48,1903
3149,Beauty,115.1,115.1,North,High,Returned,175.42,1532
3150,Sports,274.42,274.42,South,Medium,Pending,408.51,4962
3151,Electronics,1586.2,1586.2,Central,High,Cancelled,3133.82,
3152,Sports,409.05,409.05,West,Low,Cancelled,1543.11,1037
3153,Sports,309.87,309.87,South,Medium,Returned,947.67,3303
3154,Toys,18.1,18.1,South,Medium,Completed,16.99,5340
3155,Toys,82.0,82.0,East,Medium,Returned,334.19,2747
3156,Clothing,192.75,192.75,Central,High,Cancelled,289.17,6095
3157,Grocery,,53.88,South,Medium,Returned,215.12,3162
3158,Books,,23.32,Central,Medium,Returned,71.97,
3159,Grocery,6.12,6.12,South,High,Completed,11.3,8873
3160,Electronics,1808.83,1808.83,East,Low,Returned,8774.13,3158
3161,Beauty,87.05,87.05,South,Low,Returned,143.85,2249
3162,Toys,121.21,121.21,Central,Medium,Returned,185.39,8764
3163,Sports,161.76,161.76,North,High,Pending,645.91,9299
3164,Electronics,,968.46,North,Low,Completed,1502.03,6545
3165,Clothing,,38.51,South,Low,Completed,44.11,6912
3166,Toys,58.15,58.15,West,Medium,Returned,197.82,2116
3167,Electronics,1743.47,1743.47,West,High,Returned,3734.62,2600
3168,Books,14.41,14.41,Central,Medium,Cancelled,28.22,4765
3169,Sports,37.15,37.15,East,Medium,Pending,61.19,7102
3170,Beauty,25.56,25.56,Central,High,Returned,77.87,7983
3171,Electronics,1601.46,1601.46,East,Medium,Pending,2822.26,2236
3172,Toys,112.52,112.52,Central,Low,Completed,383.47,2567
3173,Books,7.44,7.44,West,Medium,Returned,26.87,
3174,Grocery,36.34,36.34,North,High,Pending,112.97,3069
3175,Furniture,757.85,757.85,Central,Medium,Completed,3252.41,4239
3176,Beauty,89.9,89.9,Central,High,Cancelled,274.12,7094
3177,Books,49.58,49.58,South,Low,Returned,57.01,1317
3178,Beauty,53.47,53.47,East,Low,Completed,266.21,4006
3179,Toys,86.39,86.39,South,Low,Returned,126.6,2306
3180,Furniture,2109.99,2109.99,Central,Medium,Returned,3776.17,8114
3181,Beauty,74.6,74.6,East,Medium,Pending,258.75,6613
3182,Toys,95.28,95.28,West,High,Returned,221.05,7653
3183,Toys,37.31,37.31,North,High,Completed,149.4,9748
3184,Electronics,1299.38,1299.38,West,Low,Returned,6284.11,1816
3185,Toys,6.38,6.38,East,Medium,Pending,17.91,3749
3186,Sports,197.15,197.15,South,High,Cancelled,374.41,1541
3187,Furniture,1296.52,1296.52,North,Low,Completed,4946.09,1960
3188,Clothing,138.97,138.97,South,High,Completed,550.18,3986
3189,Sports,162.26,162.26,West,Medium,Returned,519.33,1188
3190,Clothing,109.12,109.12,Central,High,Pending,535.93,5471
3191,Beauty,121.16,121.16,Central,Low,Pending,521.36,6292
3192,Sports,345.35,345.35,West,Medium,Completed,1702.0,1325
3193,Grocery,18.28,18.28,South,Low,Cancelled,50.32,7597
3194,Books,5.58,5.58,South,Low,Completed,17.93,1910
3195,Sports,157.3,157.3,North,Low,Cancelled,324.77,9009
3196,Furniture,2541.9,2541.9,East,Medium,Completed,9660.43,5072
3197,Clothing,86.1,86.1,South,Low,Completed,334.56,6958
3198,Toys,142.18,142.18,South,Medium,Pending,522.14,1314
3199,Toys,51.32,51.32,Central,High,Cancelled,78.67,4644
3200,Books,30.12,30.12,Central,High,Pending,55.25,4808
3201,Toys,54.36,54.36,South,High,Pending,268.55,2662
3202,Grocery,16.95,16.95,East,High,Cancelled,27.15,3576
3203,Electronics,521.37,521.37,East,High,Returned,522.64,3163
3204,Books,,10.27,North,Medium,Cancelled,22.2,1887
3205,Toys,96.94,96.94,East,High,Pending,442.1,5901
3206,Books,26.63,26.63,Central,Low,Pending,62.84,2435
3207,Grocery,33.43,33.43,North,Medium,Completed,109.08,6656
3208,Electronics,731.13,731.13,East,Low,Cancelled,3445.61,8707
3209,Clothing,73.3,73.3,East,Medium,Returned,350.92,7427
3210,Sports,400.8,400.8,Central,Low,Pending,1971.45,1285
3211,Sports,68.96,68.96,North,Low,Cancelled,313.46,4890
3212,Books,12.23,12.23,North,Medium,Returned,58.04,5737
3213,Grocery,7.36,7.36,West,Low,Cancelled,26.53,8297
3214,Beauty,132.2,132.2,South,Low,Returned,119.07,1688
3215,Electronics,263.14,263.14,East,Medium,Completed,1149.46,3437
3216,Beauty,125.5,125.5,Central,High,Pending,120.57,7401
3217,Clothing,83.32,83.32,Central,High,Returned,405.01,9776
3218,Books,9.87,9.87,East,Medium,Completed,49.06,7255
3219,Books,59.63,59.63,Central,High,Returned,167.58,1197
3220,Beauty,142.64,142.64,South,High,Completed,517.44,5757
3221,Beauty,27.38,27.38,South,Medium,Returned,54.42,4658
3222,Electronics,1920.88,1920.88,West,Low,Returned,9219.57,7082
3223,Clothing,131.89,131.89,East,Low,Pending,333.54,5263
3224,Sports,245.59,245.59,West,Medium,Returned,660.06,6531
3225,Beauty,134.52,134.52,East,Medium,Returned,133.29,6987
3226,Sports,111.54,111.54,North,Low,Completed,518.4,4432
3227,Grocery,3.59,3.59,East,Low,Cancelled,9.33,4504
3228,Furniture,2334.54,2334.54,West,High,Completed,8505.73,9112
3229,Beauty,20.7,20.7,West,High,Cancelled,41.18,3518
3230,Electronics,1711.62,1711.62,North,High,Cancelled,8236.8,6263
3231,Electronics,1333.46,1333.46,East,Low,Completed,3907.81,1597
3232,Furniture,1747.28,1747.28,West,High,Returned,2389.3,7418
3233,Furniture,138.25,138.25,East,High,Pending,559.12,1490
3234,Clothing,65.3,65.3,Central,Medium,Pending,322.64,5554
3235,Clothing,93.16,93.16,West,Medium,Cancelled,236.25,9388
3236,Beauty,105.51,105.51,Central,Low,Returned,153.88,8411
3237,Books,39.75,39.75,South,High,Pending,38.04,5701
3238,Electronics,775.95,775.95,West,High,Pending,1792.12,9497
3239,Electronics,1660.83,1660.83,Central,Low,Pending,6715.15,1196
3240,Books,8.82,8.82,North,Low,Completed,38.54,3082
3241,Beauty,81.44,81.44,East,Medium,Completed,264.81,4173
3242,Sports,50.62,50.62,West,Low,Cancelled,216.77,5617
3243,Toys,,48.92,South,Medium,Pending,90.72,7437
3244,Furniture,2200.14,2200.14,West,High,Returned,2469.88,4708
3245,Clothing,169.14,169.14,Central,High,Pending,405.44,2995
3246,Toys,119.26,119.26,South,Low,Returned,98.61,5320
3247,Beauty,139.95,139.95,Central,Low,Completed,600.31,3051
3248,Books,51.58,51.58,Central,High,Cancelled,198.6,4463
3249,Toys,14.19,14.19,East,High,Cancelled,16.91,9448
3250,Clothing,31.06,31.06,Central,Low,Completed,65.56,6600
3251,Clothing,142.51,142.51,East,Low,Completed,380.32,1036
3252,Toys,50.21,50.21,East,Medium,Completed,160.9,1782
3253,Sports,232.09,232.09,Central,Medium,Pending,253.14,5303
3254,Books,46.96,46.96,East,Medium,Pending,224.22,6375
3255,Beauty,91.95,91.95,West,Low,Cancelled,84.11,8368
3256,Toys,42.45,42.45,Central,Low,Returned,34.62,5045
3257,Clothing,144.52,144.52,Central,Medium,Completed,228.41,5922
3258,Clothing,10.82,10.82,South,High,Returned,43.15,4829
3259,Clothing,143.54,143.54,East,Medium,Returned,260.39,1593
3260,Clothing,15.08,15.08,West,Low,Cancelled,30.77,3715
3261,Books,17.42,17.42,East,High,Completed,34.49,9536
3262,Sports,237.3,237.3,Central,Medium,Cancelled,696.91,8656
3263,Electronics,1801.46,1801.46,North,High,Completed,8412.25,8676
3264,Electronics,1519.31,1519.31,South,Low,Returned,3214.0,4232
3265,Furniture,2466.03,2466.03,West,Low,Completed,3118.84,8247
3266,Clothing,119.01,119.01,North,High,Cancelled,403.15,2520
3267,Toys,46.56,46.56,East,Medium,Returned,124.8,4822
3268,Toys,101.22,101.22,East,Medium,Pending,178.25,8865
3269,Electronics,1646.16,1646.16,East,High,Completed,7376.48,6097
3270,Grocery,39.7,39.7,East,High,Returned,151.42,8825
3271,Beauty,39.13,39.13,South,Low,Cancelled,156.76,3535
3272,Toys,78.45,78.45,South,High,Cancelled,341.44,6399
3273,Furniture,2523.22,2523.22,West,Low,Returned,7883.33,5272
3274,Clothing,198.3,198.3,East,Low,Pending,817.46,8890
3275,Sports,225.76,225.76,North,Medium,Cancelled,710.85,4751
3276,Books,30.44,30.44,North,Medium,Pending,67.69,4079
3277,Books,46.26,46.26,West,High,Returned,40.03,6368
3278,Books,31.73,31.73,South,Low,Pending,58.77,2622
3279,Sports,204.79,204.79,South,Medium,Cancelled,272.33,1897
3280,Books,6.31,6.31,West,High,Completed,6.32,2820
3281,Electronics,212.17,212.17,North,Medium,Completed,923.7,5225
3282,Toys,145.35,145.35,Central,High,Pending,694.74,1019
3283,Electronics,1361.54,1361.54,South,Low,Pending,4124.91,7151
3284,Electronics,1540.12,1540.12,Central,Medium,Returned,2059.14,4572
3285,Clothing,21.66,21.66,Central,High,Returned,78.85,8638
3286,Furniture,1921.58,1921.58,East,Medium,Returned,2103.88,2176
3287,Grocery,,88.12,South,High,Returned,374.7,7298
3288,Clothing,131.23,131.23,South,High,Pending,209.48,2906
3289,Sports,307.7,307.7,South,Medium,Completed,780.97,5487
3290,Electronics,1681.37,1681.37,Central,Low,Completed,6380.25,3943
3291,Books,12.7,12.7,South,Low,Returned,53.1,3864
3292,Sports,445.15,445.15,Central,Medium,Cancelled,1937.19,4055
3293,Books,15.18,15.18,East,Medium,Cancelled,55.74,5068
3294,Sports,385.7,385.7,West,Low,Completed,1721.32,2218
3295,Toys,118.56,118.56,North,Medium,Cancelled,106.95,1401
3296,Books,35.91,35.91,East,Medium,Cancelled,118.29,1914
3297,Sports,352.31,352.31,West,Low,Returned,1656.6,6838
3298,Clothing,,140.74,East,Medium,Pending,389.21,3925
3299,Sports,,203.68,South,High,Cancelled,598.13,1109
3300,Grocery,63.0,63.0,Central,Low,Returned,174.34,8460
3301,Furniture,1844.77,1844.77,West,Low,Cancelled,7392.53,3392
3302,Toys,109.37,109.37,North,High,Completed,307.75,7414
3303,Beauty,6.72,6.72,West,High,Cancelled,16.47,8062
3304,Clothing,29.65,29.65,Central,Medium,Pending,49.28,
3305,Electronics,1108.93,1108.93,South,High,Pending,3579.35,5140
3306,Grocery,52.11,52.11,South,High,Completed,236.03,9547
3307,Furniture,341.35,341.35,South,Low,Returned,1680.36,5761
3308,Books,,13.21,South,High,Completed,44.81,5832
3309,Grocery,55.39,55.39,North,Medium,Pending,158.32,4429
3310,Sports,169.86,169.86,East,Medium,Cancelled,201.08,1300
3311,Books,53.68,53.68,North,Low,Cancelled,198.2,3111
3312,Grocery,44.07,44.07,North,High,Pending,112.69,3205
3313,Grocery,25.58,25.58,Central,High,Completed,96.25,5451
3314,Grocery,87.96,87.96,South,Medium,Cancelled,368.45,8122
3315,Grocery,85.24,85.24,Central,High,Returned,322.19,7914
3316,Sports,309.99,309.99,West,Low,Cancelled,260.03,1023
3317,Toys,59.2,59.2,North,High,Returned,72.12,8607
3318,Electronics,109.72,109.72,East,Low,Cancelled,342.3,2556
3319,Beauty,64.05,64.05,West,Low,Pending,189.98,5845
3320,Clothing,,32.61,North,Low,Returned,110.36,7810
3321,Clothing,148.85,148.85,North,Medium,Pending,561.92,5006
3322,Grocery,15.05,15.05,Central,High,Cancelled,43.85,8471
3323,Beauty,97.21,97.21,East,Low,Completed,467.53,6014
3324,Beauty,149.28,149.28,East,Low,Pending,492.99,
3325,Clothing,26.52,26.52,South,Medium,Cancelled,77.64,3974
3326,Beauty,69.57,69.57,Central,High,Returned,67.45,8293
3327,Toys,,82.07,South,High,Cancelled,378.8,9743
3328,Electronics,1428.06,1428.06,North,Low,Returned,1546.75,6070
3329,Grocery,19.45,19.45,South,Medium,Cancelled,93.95,6971
3330,Grocery,6.43,6.43,East,Low,Returned,17.11,2446
3331,Clothing,139.32,139.32,Central,Low,Pending,122.18,6428
3332,Beauty,64.69,64.69,East,Medium,Completed,75.6,6843
3333,Beauty,137.18,137.18,North,Medium,Pending,214.34,4300
3334,Sports,357.57,357.57,West,High,Completed,1660.82,8512
3335,Sports,343.57,343.57,Central,Low,Pending,285.0,9123
3336,Toys,61.61,61.61,North,Low,Pending,238.32,8850
3337,Grocery,47.72,47.72,East,Low,Returned,225.58,4609
3338,Furniture,1610.52,1610.52,Central,Low,Cancelled,7257.91,6988
3339,Sports,261.14,261.14,East,High,Returned,643.16,1140
3340,Electronics,967.01,967.01,East,Low,Cancelled,3948.98,5139
3341,Toys,45.18,45.18,North,Medium,Returned,146.49,7980
3342,Grocery,39.79,39.79,East,Medium,Pending,81.59,6810
3343,Clothing,140.98,140.98,East,High,Cancelled,456.06,4429
3344,Books,57.51,57.51,Central,Low,Completed,157.62,8031
3345,Books,32.85,32.85,Central,High,Returned,71.79,2180
3346,Sports,243.71,243.71,South,Medium,Completed,695.3,4449
3347,Electronics,1992.35,1992.35,North,Low,Returned,5490.73,4167
3348,Books,41.17,41.17,North,Medium,Pending,100.01,4125
3349,Furniture,2174.94,2174.94,East,High,Pending,9999.5,6571
3350,Grocery,95.49,95.49,North,Low,Pending,166.31,3264
3351,Sports,164.38,164.38,South,Medium,Cancelled,689.94,8380
3352,Grocery,27.72,27.72,South,High,Pending,50.78,2226
3353,Toys,66.46,66.46,North,Low,Pending,251.45,6647
3354,Beauty,148.07,148.07,South,High,Completed,374.1,2206
3355,Furniture,1312.48,1312.48,East,Low,Cancelled,5456.17,2821
3356,Grocery,12.56,12.56,Central,High,Pending,35.24,1233
3357,Sports,169.21,169.21,West,High,Pending,255.37,9864
3358,Furniture,2003.02,2003.02,East,Medium,Cancelled,3985.59,6778
3359,Furniture,2046.47,2046.47,East,Medium,Cancelled,8610.26,6455
3360,Electronics,295.84,295.84,East,Medium,Completed,857.59,9829
3361,Toys,138.83,138.83,South,Medium,Returned,611.25,2011
3362,Toys,103.36,103.36,North,Low,Pending,384.08,7558
3363,Sports,363.23,363.23,South,Medium,Completed,570.89,3452
3364,Electronics,1150.26,1150.26,East,Low,Completed,2854.63,1608
3365,Sports,325.22,325.22,North,Low,Completed,1566.25,3828
3366,Electronics,158.84,158.84,South,Medium,Cancelled,535.09,8792
3367,Grocery,91.41,91.41,North,Low,Pending,336.45,4788
3368,Clothing,150.72,150.72,West,Low,Pending,191.78,4675
3369,Electronics,986.75,986.75,West,High,Completed,4509.85,3380
3370,Furniture,1991.87,1991.87,East,High,Returned,8113.87,6310
3371,Beauty,111.62,111.62,West,High,Pending,118.43,3601
3372,Electronics,1921.97,1921.97,South,Medium,Completed,8815.03,7866
3373,Books,32.68,32.68,East,Medium,Returned,27.95,1318
3374,Sports,444.2,444.2,West,High,Cancelled,2065.81,3898
3375,Books,30.36,30.36,West,Low,Cancelled,84.13,9787
3376,Toys,,7.04,Central,Medium,Returned,15.04,1866
3377,Sports,52.34,52.34,Central,Low,Returned,251.48,6018
3378,Grocery,41.09,41.09,Central,High,Pending,187.08,2166
3379,Sports,136.01,136.01,North,Medium,Pending,603.32,9453
3380,Sports,26.3,26.3,West,Low,Completed,108.84,7576
3381,Sports,159.75,159.75,Central,Medium,Completed,224.65,4127
3382,Clothing,177.22,177.22,East,High,Cancelled,319.09,5424
3383,Clothing,169.31,169.31,North,Low,Completed,830.27,5287
3384,Electronics,,1068.48,North,Medium,Completed,3960.84,7559
3385,Beauty,131.47,131.47,South,High,Returned,363.23,1898
3386,Beauty,124.92,124.92,South,High,Returned,611.51,8252
3387,Sports,231.98,231.98,East,Medium,Completed,838.07,2103
3388,Clothing,16.65,16.65,North,High,Returned,16.89,6932
3389,Electronics,,1466.7,North,High,Cancelled,5270.62,3678
3390,Furniture,2139.66,2139.66,North,High,Completed,10606.25,8711
3391,Books,54.75,54.75,West,Medium,Returned,198.89,6468
3392,Furniture,2617.65,2617.65,Central,Low,Returned,10319.56,3736
3393,Books,13.32,13.32,Central,Low,Cancelled,48.08,5608
3394,Clothing,86.85,86.85,South,Medium,Cancelled,83.83,7002
3395,Clothing,181.09,181.09,South,Medium,Pending,805.36,7479
3396,Beauty,60.0,60.0,West,High,Cancelled,134.56,8500
3397,Toys,91.81,91.81,East,Low,Cancelled,310.74,9341
3398,Clothing,62.26,62.26,North,Low,Completed,105.1,6528
3399,Sports,93.75,93.75,East,Medium,Cancelled,179.55,
3400,Sports,112.46,112.46,South,Medium,Pending,550.03,2790
3401,Clothing,181.26,181.26,North,Low,Cancelled,754.56,9752
3402,Toys,64.5,64.5,Central,Low,Cancelled,213.18,2251
3403,Furniture,1135.2,1135.2,North,Low,Pending,1157.59,4253
3404,Toys,105.51,105.51,North,High,Pending,149.9,5336
3405,Grocery,35.92,35.92,West,Low,Pending,30.04,5857
3406,Grocery,82.62,82.62,West,Low,Completed,315.34,2052
3407,Toys,73.22,73.22,Central,Low,Cancelled,196.0,5828
3408,Grocery,59.22,59.22,North,Medium,Cancelled,217.05,3953
3409,Clothing,59.83,59.83,South,Medium,Cancelled,182.39,6638
3410,Grocery,62.91,62.91,West,Medium,Returned,214.06,8454
3411,Beauty,141.4,141.4,East,Medium,Cancelled,637.8,2134
3412,Furniture,905.14,905.14,Central,High,Pending,2305.38,1053
3413,Books,57.94,57.94,West,Medium,Completed,286.75,5115
3414,Sports,448.95,448.95,North,High,Pending,1943.61,9650
3415,Toys,119.21,119.21,South,Medium,Cancelled,299.21,2145
3416,Books,27.53,27.53,South,Low,Pending,103.1,2017
3417,Beauty,9.09,9.09,Central,Medium,Completed,40.35,2673
3418,Sports,27.21,27.21,West,Low,Cancelled,49.34,8208
3419,Grocery,81.23,81.23,West,High,Returned,281.88,5886
3420,Beauty,131.47,131.47,South,High,Completed,176.99,9906
3421,Electronics,1008.51,1008.51,Central,Medium,Completed,4645.11,6225
3422,Toys,55.27,55.27,East,Low,Returned,131.66,6342
3423,Toys,16.59,16.59,South,Low,Pending,36.86,3807
3424,Sports,222.07,222.07,East,Low,Cancelled,541.51,9617
3425,Toys,30.46,30.46,South,Low,Cancelled,81.81,
3426,Grocery,6.36,6.36,South,Low,Pending,26.84,8541
3427,Clothing,160.61,160.61,South,High,Pending,747.71,8087
3428,Sports,266.25,266.25,South,Medium,Returned,822.6,9873
3429,Books,15.24,15.24,West,Low,Returned,75.02,3450
3430,Electronics,1036.35,1036.35,West,Low,Pending,4446.85,2310
3431,Electronics,843.06,843.06,South,High,Cancelled,2932.54,7033
3432,Beauty,40.19,40.19,South,High,Pending,177.11,8420
3433,Beauty,98.43,98.43,North,Medium,Cancelled,166.79,8697
3434,Furniture,276.6,276.6,West,High,Pending,419.02,8342
3435,Electronics,658.74,658.74,East,High,Pending,1442.96,7726
3436,Furniture,2945.2,2945.2,West,Low,Completed,5982.65,8809
3437,Clothing,78.34,78.34,East,Medium,Returned,139.29,6624
3438,Sports,308.27,308.27,East,Low,Cancelled,1212.65,4739
3439,Furniture,643.5,643.5,North,Low,Pending,1280.81,6771
3440,Beauty,138.11,138.11,North,Low,Returned,627.42,5288
3441,Books,37.05,37.05,East,High,Returned,72.37,1393
3442,Books,16.35,16.35,North,High,Pending,52.63,
3443,Clothing,55.85,55.85,West,High,Returned,78.41,6830
3444,Sports,279.36,279.36,Central,High,Completed,858.06,
3445,Clothing,79.54,79.54,West,Medium,Pending,172.56,3118
3446,Beauty,76.2,76.2,West,High,Cancelled,357.32,8069
3447,Books,30.45,30.45,East,Medium,Returned,67.92,7076
3448,Books,6.4,6.4,South,Low,Returned,8.72,2359
3449,Beauty,21.64,21.64,East,High,Pending,74.05,6127
3450,Grocery,74.43,74.43,East,High,Completed,354.15,9676
3451,Grocery,77.93,77.93,East,High,Completed,262.09,2516
3452,Toys,125.67,125.67,East,Low,Cancelled,269.26,4350
3453,Electronics,1589.51,1589.51,West,Low,Returned,6378.93,8589
3454,Furniture,174.59,174.59,Central,High,Cancelled,837.07,6937
3455,Furniture,599.68,599.68,South,Low,Cancelled,2691.26,3832
3456,Furniture,2996.14,2996.14,East,Low,Completed,9643.59,2450
3457,Electronics,755.31,755.31,South,Medium,Returned,2417.77,2001
3458,Electronics,600.51,600.51,Central,Medium,Completed,824.16,4877
3459,Grocery,33.84,33.84,North,Low,Completed,162.78,4341
3460,Toys,112.45,112.45,South,Medium,Cancelled,313.35,8084
3461,Grocery,89.46,89.46,West,High,Pending,257.02,3104
3462,Clothing,155.92,155.92,South,Low,Completed,702.88,9232
3463,Clothing,198.85,198.85,East,Low,Cancelled,627.18,9612
3464,Electronics,1134.31,1134.31,North,Low,Returned,4134.78,6905
3465,Grocery,20.45,20.45,North,Low,Completed,60.43,4554
3466,Furniture,1030.71,1030.71,South,High,Returned,4976.5,8062
3467,Sports,249.64,249.64,North,Medium,Completed,211.61,9976
3468,Clothing,127.49,127.49,West,Medium,Completed,273.91,2835
3469,Furniture,2194.31,2194.31,North,High,Cancelled,10535.49,7027
3470,Sports,23.63,23.63,East,Low,Returned,95.32,9125
3471,Beauty,55.28,55.28,East,Low,Returned,79.52,7182
3472,Furniture,,441.25,South,Low,Returned,2131.53,2258
3473,Clothing,133.94,133.94,North,Medium,Returned,656.51,4079
3474,Sports,431.26,431.26,West,Medium,Returned,386.14,5602
3475,Sports,457.86,457.86,West,Medium,Pending,2022.57,5060
3476,Furniture,2101.06,2101.06,West,High,Cancelled,6295.29,
3477,Electronics,1181.0,1181.0,North,Medium,Completed,3719.7,3991
3478,Furniture,964.91,964.91,West,Medium,Returned,1959.96,9875
3479,Furniture,1906.85,1906.85,South,Medium,Cancelled,6328.97,
3480,Beauty,32.04,32.04,East,Low,Pending,117.93,6532
3481,Toys,56.63,56.63,North,High,Completed,257.98,1392
3482,Furniture,2766.08,2766.08,South,High,Returned,7970.62,4378
3483,Beauty,33.34,33.34,South,High,Pending,101.15,
3484,Furniture,1292.46,1292.46,Central,Medium,Returned,3319.79,9474
3485,Sports,371.65,371.65,East,High,Returned,657.72,3134
3486,Electronics,830.63,830.63,East,Medium,Pending,2670.78,1611
3487,Clothing,59.43,59.43,North,Low,Completed,75.23,5146
3488,Clothing,80.28,80.28,North,Low,Cancelled,304.07,2121
3489,Clothing,88.67,88.67,North,Medium,Returned,412.6,7144
3490,Clothing,26.97,26.97,West,Low,Completed,110.23,5417
3491,Sports,485.96,485.96,South,Low,Returned,1410.87,9299
3492,Toys,139.11,139.11,South,Medium,Returned,163.58,1447
3493,Furniture,941.2,941.2,East,Low,Cancelled,1863.01,6802
3494,Sports,,396.09,South,High,Completed,471.11,3255
3495,Grocery,50.66,50.66,South,Low,Returned,210.72,5375
3496,Grocery,69.67,69.67,West,Low,Pending,170.02,9766
3497,Books,41.2,41.2,Central,Medium,Returned,36.68,4173
3498,Toys,9.26,9.26,Central,High,Returned,33.97,1543
3499,Clothing,23.23,23.23,East,High,Pending,45.42,5126
3500,Toys,32.38,32.38,West,Medium,Completed,28.02,8979
3501,Books,44.19,44.19,North,Medium,Pending,145.58,5670
3502,Sports,219.6,219.6,South,High,Returned,952.8,6795
3503,Sports,73.91,73.91,Central,High,Completed,93.97,2095
3504,Beauty,34.68,34.68,Central,Low,Cancelled,129.28,4016
3505,Furniture,1007.83,1007.83,West,Low,Pending,3137.75,7923
3506,Toys,136.87,136.87,West,Low,Completed,504.34,1756
3507,Electronics,,226.47,Central,High,Pending,830.91,6535
3508,Beauty,63.73,63.73,South,High,Cancelled,284.91,5943
3509,Toys,18.03,18.03,East,High,Pending,38.15,3453
3510,Furniture,1955.73,1955.73,Central,Medium,Cancelled,8624.12,3042
3511,Furniture,240.01,240.01,East,Medium,Cancelled,834.35,8739
3512,Clothing,167.31,167.31,Central,High,Completed,721.16,8679
3513,Electronics,1366.51,1366.51,Central,Medium,Completed,6444.34,8989
3514,Clothing,32.04,32.04,North,Medium,Returned,60.32,2338
3515,Clothing,199.88,199.88,South,High,Returned,464.84,5947
3516,Beauty,35.87,35.87,Central,Low,Cancelled,174.84,9143
3517,Beauty,145.72,145.72,West,Medium,Completed,151.16,2982
3518,Grocery,35.38,35.38,North,High,Completed,139.89,1504
3519,Grocery,75.99,75.99,Central,Low,Completed,256.92,7749
3520,Electronics,339.38,339.38,South,Low,Pending,1453.08,6914
3521,Beauty,14.16,14.16,Central,High,Completed,57.03,
3522,Electronics,418.38,418.38,West,High,Completed,1120.2,8985
3523,Electronics,1079.07,1079.07,West,Low,Returned,4268.94,4683
3524,Grocery,5.59,5.59,North,Low,Pending,10.88,3532
3525,Sports,250.94,250.94,West,Medium,Pending,849.66,8778
3526,Toys,102.61,102.61,East,Medium,Cancelled,272.42,7474
3527,Books,42.23,42.23,Central,Low,Pending,122.85,5447
3528,Beauty,74.11,74.11,North,High,Cancelled,163.2,3443
3529,Electronics,412.51,412.51,West,Low,Pending,431.1,7372
3530,Toys,55.07,55.07,East,Medium,Pending,99.92,1540
3531,Beauty,114.26,114.26,North,Low,Returned,200.39,9436
3532,Books,13.07,13.07,West,Medium,Returned,30.66,4278
3533,Beauty,115.21,115.21,North,High,Cancelled,498.9,7544
3534,Sports,304.23,304.23,South,Medium,Returned,537.97,3122
3535,Grocery,54.21,54.21,West,High,Pending,149.32,4589
3536,Beauty,102.75,102.75,Central,High,Completed,97.45,8725
3537,Electronics,63.47,63.47,East,High,Pending,117.68,4349
3538,Beauty,6.62,6.62,South,High,Completed,22.88,9431
3539,Furniture,1646.79,1646.79,North,High,Cancelled,5783.22,1207
3540,Toys,72.39,72.39,Central,Low,Cancelled,286.77,2862
3541,Beauty,142.67,142.67,West,Low,Completed,649.62,7326
3542,Toys,58.58,58.58,East,Medium,Pending,70.45,9837
3543,Furniture,1444.35,1444.35,West,Medium,Completed,3116.15,8377
3544,Furniture,1978.31,1978.31,Central,Medium,Cancelled,6707.08,3175
3545,Furniture,1943.41,1943.41,South,Low,Returned,6563.2,9484
3546,Furniture,2065.39,2065.39,East,High,Pending,3083.46,7129
3547,Sports,482.34,482.34,North,Low,Completed,644.71,
3548,Sports,222.86,222.86,Central,Medium,Completed,555.76,5876
3549,Beauty,65.54,65.54,East,Low,Returned,120.32,6871
3550,Clothing,,179.21,Central,Medium,Pending,377.02,7244
3551,Grocery,16.96,16.96,Central,Medium,Pending,78.21,4373
3552,Sports,121.65,121.65,Central,Medium,Cancelled,101.01,6699
3553,Books,48.33,48.33,East,Medium,Cancelled,78.93,9413
3554,Beauty,36.49,36.49,North,High,Pending,142.04,4342
3555,Sports,339.03,339.03,South,Medium,Returned,1206.48,4045
3556,Grocery,94.81,94.81,Central,Medium,Cancelled,300.55,2070
3557,Sports,,337.09,North,Low,Completed,316.94,
3558,Sports,204.2,204.2,North,Low,Returned,341.64,3527
3559,Sports,161.68,161.68,West,Low,Pending,580.56,6948
3560,Toys,18.25,18.25,North,Low,Completed,60.55,7796
3561,Toys,137.72,137.72,East,Low,Completed,118.55,9041
3562,Furniture,2175.74,2175.74,Central,Medium,Cancelled,10094.34,4830
3563,Beauty,116.38,116.38,East,High,Completed,415.31,6648
3564,Clothing,115.09,115.09,East,Low,Returned,305.99,9843
3565,Furniture,2932.33,2932.33,East,Medium,Completed,9812.07,6225
3566,Furniture,1559.76,1559.76,East,High,Pending,2818.37,7388
3567,Toys,62.03,62.03,South,Medium,Pending,127.31,6870
3568,Toys,81.62,81.62,South,High,Pending,346.48,7371
3569,Electronics,1653.96,1653.96,North,High,Completed,2779.02,7874
3570,Toys,,60.36,East,Low,Completed,102.02,8230
3571,Toys,71.64,71.64,Central,High,Completed,185.5,2897
3572,Books,7.44,7.44,Central,Low,Returned,27.79,7697
3573,Clothing,131.31,131.31,North,High,Cancelled,172.67,4630
3574,Furniture,728.36,728.36,Central,Medium,Returned,586.57,9447
3575,Books,,22.36,North,High,Cancelled,91.65,9497
3576,Electronics,256.56,256.56,North,High,Pending,1127.17,8629
3577,Clothing,192.99,192.99,East,Low,Completed,466.27,2484
3578,Toys,93.1,93.1,North,High,Returned,319.05,1592
3579,Books,23.48,23.48,Central,High,Returned,71.27,8095
3580,Beauty,,16.14,North,Low,Cancelled,54.28,4342
3581,Grocery,75.62,75.62,Central,Low,Cancelled,65.98,2661
3582,Sports,51.03,51.03,South,High,Pending,56.73,6783
3583,Grocery,96.25,96.25,East,High,Completed,458.48,8831
3584,Clothing,187.77,187.77,East,Low,Cancelled,454.12,5176
3585,Electronics,807.89,807.89,South,Medium,Pending,3092.14,1975
3586,Sports,300.04,300.04,North,Medium,Cancelled,858.0,2804
3587,Clothing,115.33,115.33,North,Low,Completed,527.83,3158
3588,Furniture,2636.92,2636.92,Central,High,Pending,2766.15,9322
3589,Beauty,89.22,89.22,North,Medium,Pending,154.25,6584
3590,Sports,281.94,281.94,Central,High,Completed,1269.35,2765
3591,Sports,431.49,431.49,East,Medium,Completed,968.21,3309
3592,Electronics,1692.97,1692.97,North,Low,Completed,4233.75,2691
3593,Electronics,543.69,543.69,West,High,Completed,2014.66,2674
3594,Toys,10.53,10.53,South,Medium,Returned,33.36,6773
3595,Electronics,,1649.44,East,Low,Completed,4187.4,8483
3596,Toys,54.37,54.37,Central,High,Cancelled,174.0,
3597,Toys,25.54,25.54,North,Medium,Pending,91.78,5757
3598,Books,29.99,29.99,West,Medium,Pending,63.82,9743
3599,Toys,70.85,70.85,Central,High,Cancelled,114.78,5680
3600,Beauty,25.15,25.15,West,High,Returned,124.61,7149
3601,Books,,37.03,West,High,Returned,178.51,7393
3602,Sports,77.18,77.18,West,Medium,Completed,310.69,9553
3603,Grocery,28.47,28.47,Central,Low,Returned,80.54,
3604,Sports,191.09,191.09,West,Low,Returned,812.21,3590
3605,Clothing,180.4,180.4,West,High,Pending,210.04,6280
3606,Grocery,28.8,28.8,East,High,Cancelled,123.17,1554
3607,Electronics,1065.95,1065.95,Central,Low,Cancelled,3539.86,8415
3608,Grocery,12.58,12.58,North,Medium,Pending,10.5,4730
3609,Books,15.96,15.96,North,Low,Cancelled,37.67,6396
3610,Furniture,935.65,935.65,South,High,Completed,774.57,3406
3611,Toys,137.88,137.88,South,Low,Completed,569.43,2230
3612,Toys,130.01,130.01,Central,Medium,Pending,248.84,4224
3613,Beauty,132.01,132.01,Central,High,Cancelled,130.63,2880
3614,Sports,465.97,465.97,North,High,Returned,1591.46,9471
3615,Clothing,105.43,105.43,North,Low,Returned,151.03,7691
3616,Books,59.64,59.64,Central,Medium,Pending,217.86,8757
3617,Beauty,146.0,146.0,East,High,Returned,247.54,9229
3618,Grocery,21.15,21.15,West,Low,Pending,44.86,4042
3619,Grocery,64.66,64.66,North,High,Returned,315.15,4056
3620,Electronics,695.68,695.68,East,Medium,Cancelled,1229.74,4058
3621,Beauty,28.03,28.03,West,Medium,Returned,73.65,1725
3622,Grocery,54.95,54.95,East,Medium,Returned,62.2,1911
3623,Beauty,50.44,50.44,South,Low,Returned,158.02,2683
3624,Books,47.74,47.74,West,High,Completed,169.86,
3625,Toys,108.22,108.22,East,Medium,Pending,88.3,1249
3626,Sports,49.99,49.99,East,High,Returned,235.54,8558
3627,Toys,44.33,44.33,North,Low,Returned,53.47,6937
3628,Furniture,758.54,758.54,East,Low,Returned,1131.31,8657
3629,Electronics,229.86,229.86,South,Low,Cancelled,402.35,9131
3630,Books,45.64,45.64,East,Low,Returned,156.68,9576
3631,Clothing,169.2,169.2,West,High,Pending,217.51,3514
3632,Beauty,93.02,93.02,West,High,Pending,266.26,1737
3633,Furniture,721.72,721.72,South,High,Cancelled,1377.74,
3634,Beauty,7.0,7.0,North,Medium,Pending,29.05,6073
3635,Beauty,73.38,73.38,East,High,Returned,64.25,7735
3636,Books,,27.12,West,Medium,Pending,40.15,3533
3637,Clothing,174.44,174.44,Central,High,Completed,565.24,9248
3638,Sports,433.95,433.95,West,Low,Cancelled,1736.99,5283
3639,Furniture,1836.22,1836.22,North,Medium,Cancelled,6434.4,8059
3640,Grocery,66.9,66.9,West,Medium,Returned,62.64,6772
3641,Furniture,374.05,374.05,East,High,Cancelled,1117.82,2500
3642,Clothing,193.65,193.65,West,Medium,Completed,280.19,2939
3643,Electronics,1752.19,1752.19,West,Low,Completed,4888.83,6028
3644,Furniture,2388.93,2388.93,Central,High,Completed,8827.21,6728
3645,Books,45.6,45.6,East,Low,Cancelled,68.45,9186
3646,Furniture,2772.05,2772.05,West,High,Returned,6134.84,9009
3647,Sports,236.0,236.0,West,Medium,Cancelled,751.76,7965
3648,Clothing,49.64,49.64,North,Medium,Cancelled,247.87,6669
3649,Furniture,2345.85,2345.85,North,Low,Cancelled,3641.83,3134
3650,Furniture,681.4,681.4,West,Medium,Completed,1584.9,
3651,Clothing,24.25,24.25,North,Medium,Cancelled,72.94,
3652,Toys,31.6,31.6,East,Medium,Pending,125.9,1209
3653,Clothing,10.48,10.48,West,High,Returned,42.6,5097
3654,Beauty,,107.09,Central,Low,Completed,239.78,4672
3655,Electronics,793.77,793.77,Central,Medium,Returned,2856.37,3973
3656,Electronics,1188.86,1188.86,North,High,Pending,3238.32,4665
3657,Grocery,7.6,7.6,West,Low,Returned,37.39,6948
3658,Beauty,20.02,20.02,East,Medium,Returned,67.99,9010
3659,Beauty,6.03,6.03,East,Medium,Completed,25.93,9177
3660,Furniture,1913.52,1913.52,West,High,Returned,5613.31,9782
3661,Sports,379.62,379.62,Central,Medium,Returned,623.32,7201
3662,Beauty,129.99,129.99,Central,Medium,Pending,622.05,7729
3663,Toys,44.37,44.37,South,Medium,Pending,63.52,9073
3664,Sports,443.66,443.66,East,Low,Returned,1861.42,6485
3665,Beauty,100.09,100.09,Central,Medium,Cancelled,488.87,6715
3666,Books,51.31,51.31,South,Medium,Returned,236.54,1591
3667,Grocery,26.81,26.81,South,Medium,Returned,40.55,5471
3668,Sports,164.26,164.26,Central,Medium,Cancelled,736.81,6724
3669,Toys,85.33,85.33,West,Low,Completed,202.51,4255
3670,Books,55.87,55.87,South,Low,Completed,102.81,5963
3671,Electronics,1408.42,1408.42,North,Medium,Pending,3839.51,5502
3672,Clothing,76.83,76.83,West,High,Pending,323.1,1480
3673,Books,10.68,10.68,South,Medium,Cancelled,31.71,8404
3674,Sports,110.93,110.93,West,Medium,Cancelled,390.52,7456
3675,Sports,375.33,375.33,South,Medium,Pending,1596.43,8774
3676,Toys,21.16,21.16,North,Low,Cancelled,89.64,2454
3677,Electronics,399.13,399.13,North,Medium,Completed,1462.68,2883
3678,Sports,156.52,156.52,Central,Medium,Returned,497.15,9492
3679,Furniture,2987.95,2987.95,North,Medium,Completed,5698.2,6266
3680,Beauty,130.02,130.02,West,Low,Pending,570.92,
3681,Books,41.78,41.78,South,Medium,Completed,66.02,7610
3682,Beauty,53.45,53.45,North,Medium,Completed,185.65,9876
3683,Clothing,188.87,188.87,South,Low,Returned,882.83,2798
3684,Grocery,20.39,20.39,East,Low,Cancelled,98.52,4393
3685,Furniture,1544.87,1544.87,West,High,Cancelled,7183.64,1191
3686,Beauty,88.92,88.92,West,Low,Cancelled,115.62,
3687,Sports,140.99,140.99,West,Low,Pending,563.63,5937
3688,Beauty,81.98,81.98,South,High,Pending,153.15,6755
3689,Beauty,35.89,35.89,East,Low,Cancelled,132.74,
3690,Toys,132.26,132.26,West,High,Completed,447.07,8400
3691,Furniture,2396.4,2396.4,East,High,Completed,6225.12,6334
3692,Toys,142.48,142.48,North,Low,Cancelled,710.31,1392
3693,Furniture,2987.96,2987.96,North,Medium,Cancelled,7858.33,6607
3694,Grocery,43.49,43.49,North,High,Cancelled,63.83,1618
3695,Grocery,61.49,61.49,Central,Medium,Returned,99.77,
3696,Grocery,91.2,91.2,West,Medium,Cancelled,444.15,1480
3697,Beauty,91.6,91.6,East,Medium,Completed,382.71,4415
3698,Grocery,4.52,4.52,Central,Medium,Pending,5.39,6347
3699,Electronics,92.88,92.88,North,Low,Pending,347.29,7299
3700,Grocery,81.16,81.16,Central,High,Completed,258.07,1916
3701,Books,21.35,21.35,West,High,Cancelled,56.85,8324
3702,Furniture,1802.05,1802.05,South,Medium,Cancelled,6271.05,9622
3703,Clothing,81.2,81.2,South,Medium,Pending,358.11,9441
3704,Grocery,44.79,44.79,South,Low,Cancelled,199.13,6624
3705,Grocery,87.34,87.34,West,Low,Returned,353.8,2298
3706,Books,54.79,54.79,South,High,Completed,176.19,6379
3707,Toys,42.96,42.96,West,High,Cancelled,37.06,5819
3708,Toys,89.85,89.85,East,Low,Completed,264.5,5182
3709,Toys,64.05,64.05,South,Medium,Completed,170.58,6916
3710,Books,48.11,48.11,South,Medium,Cancelled,141.2,2015
3711,Grocery,67.08,67.08,East,Medium,Returned,269.94,9137
3712,Beauty,44.37,44.37,South,Medium,Cancelled,199.37,4552
3713,Beauty,26.52,26.52,Central,High,Returned,87.62,1278
3714,Beauty,14.01,14.01,East,Medium,Cancelled,43.42,7816
3715,Beauty,134.98,134.98,North,Medium,Returned,183.14,6585
3716,Sports,332.91,332.91,South,Medium,Cancelled,1085.86,1489
3717,Grocery,78.1,78.1,East,Low,Completed,185.69,3537
3718,Grocery,50.1,50.1,West,Medium,Pending,209.52,7026
3719,Clothing,141.75,141.75,North,Medium,Completed,146.67,6972
3720,Books,35.56,35.56,East,Medium,Cancelled,161.03,8129
3721,Grocery,95.91,95.91,Central,Low,Pending,158.72,8924
3722,Sports,213.23,213.23,Central,Medium,Completed,440.62,2501
3723,Electronics,1030.35,1030.35,North,Medium,Pending,1168.13,6400
3724,Beauty,86.08,86.08,North,Low,Returned,279.67,7286
3725,Electronics,1567.95,1567.95,South,High,Returned,1491.74,9481
3726,Books,,40.54,North,High,Cancelled,95.74,4226
3727,Clothing,27.64,27.64,South,High,Completed,40.89,1540
3728,Furniture,2089.32,2089.32,South,Low,Returned,3803.76,4030
3729,Electronics,1348.09,1348.09,Central,Low,Returned,4015.68,2028
3730,Furniture,1631.82,1631.82,West,Low,Completed,6464.13,8418
3731,Sports,208.05,208.05,East,High,Completed,641.51,2518
3732,Grocery,30.81,30.81,West,Medium,Cancelled,86.86,7767
3733,Toys,,44.85,West,Low,Pending,180.26,9108
3734,Sports,209.17,209.17,East,Low,Completed,767.45,8268
3735,Toys,44.53,44.53,East,Medium,Returned,159.76,5214
3736,Sports,409.57,409.57,Central,Low,Cancelled,756.54,6411
3737,Sports,207.65,207.65,South,Low,Cancelled,175.05,7207
3738,Electronics,1701.44,1701.44,West,Medium,Returned,4151.49,9509
3739,Clothing,192.16,192.16,Central,High,Pending,619.04,4981
3740,Grocery,28.1,28.1,South,High,Completed,49.22,8962
3741,Toys,12.72,12.72,North,High,Returned,36.46,9533
3742,Books,32.27,32.27,East,Medium,Cancelled,104.98,6333
3743,Beauty,101.08,101.08,East,Medium,Returned,319.29,
3744,Books,23.55,23.55,South,Medium,Returned,83.3,5185
3745,Toys,36.15,36.15,South,High,Returned,34.45,5183
3746,Sports,184.01,184.01,East,High,Completed,194.7,9357
3747,Sports,227.11,227.11,North,Medium,Pending,230.06,2518
3748,Books,41.89,41.89,East,Medium,Cancelled,143.89,6187
3749,Books,7.73,7.73,East,High,Pending,33.23,9203
3750,Beauty,135.36,135.36,South,High,Returned,490.11,1780
3751,Toys,23.68,23.68,North,High,Returned,22.98,9280
3752,Clothing,149.97,149.97,North,Medium,Pending,199.91,5378
3753,Books,30.25,30.25,East,Low,Returned,70.17,6468
3754,Grocery,48.36,48.36,East,Low,Returned,58.12,5750
3755,Furniture,1017.94,1017.94,South,High,Cancelled,4842.48,
3756,Beauty,74.47,74.47,East,High,Pending,72.13,3509
3757,Grocery,12.66,12.66,West,Medium,Cancelled,52.86,8535
3758,Clothing,63.68,63.68,South,High,Cancelled,116.69,8265
3759,Toys,41.09,41.09,West,Medium,Returned,93.51,3875
3760,Furniture,683.61,683.61,West,Medium,Cancelled,2011.73,3384
3761,Toys,70.78,70.78,South,Medium,Returned,336.12,4964
3762,Sports,318.24,318.24,North,High,Returned,1222.33,1126
3763,Books,54.69,54.69,West,Low,Returned,53.32,6229
3764,Beauty,143.76,143.76,South,High,Completed,627.86,4319
3765,Grocery,97.24,97.24,South,Low,Pending,388.28,1273
3766,Books,20.0,20.0,Central,Low,Cancelled,97.34,7858
3767,Books,31.02,31.02,West,Low,Cancelled,49.35,9650
3768,Furniture,192.99,192.99,West,Low,Cancelled,488.56,6477
3769,Books,45.66,45.66,South,Low,Completed,94.94,2061
3770,Books,44.06,44.06,North,Medium,Completed,44.48,5660
3771,Sports,389.6,389.6,South,Medium,Pending,1561.75,
3772,Beauty,107.76,107.76,East,High,Returned,403.27,9851
3773,Toys,22.33,22.33,East,High,Returned,105.0,
3774,Grocery,11.4,11.4,East,Medium,Completed,14.45,3779
3775,Furniture,2601.56,2601.56,Central,Low,Returned,3092.33,9832
3776,Books,25.94,25.94,West,Low,Returned,61.6,2546
3777,Beauty,143.02,143.02,Central,High,Completed,573.02,1937
3778,Books,44.66,44.66,Central,High,Returned,149.5,5052
3779,Clothing,102.74,102.74,West,Medium,Returned,94.24,5222
3780,Toys,11.26,11.26,East,Medium,Pending,55.31,4319
3781,Books,30.69,30.69,West,Medium,Completed,98.87,1202
3782,Beauty,83.01,83.01,West,High,Pending,223.36,3623
3783,Sports,22.77,22.77,West,Low,Completed,29.81,1327
3784,Clothing,15.01,15.01,South,Medium,Completed,49.05,5560
3785,Electronics,1638.43,1638.43,West,High,Completed,7313.79,9185
3786,Sports,336.72,336.72,East,Low,Returned,926.9,9122
3787,Electronics,215.02,215.02,West,High,Returned,629.45,2647
3788,Clothing,117.0,117.0,Central,Medium,Cancelled,306.87,8366
3789,Furniture,1943.65,1943.65,East,Medium,Completed,9640.61,3446
3790,Electronics,740.5,740.5,North,High,Cancelled,1840.38,8529
3791,Toys,110.94,110.94,Central,High,Cancelled,109.67,2734
3792,Sports,238.82,238.82,Central,Medium,Returned,380.77,3141
3793,Clothing,103.11,103.11,Central,Medium,Cancelled,298.64,7124
3794,Books,41.0,41.0,Central,High,Cancelled,99.38,8695
3795,Clothing,43.71,43.71,North,High,Pending,46.27,5164
3796,Sports,323.8,323.8,West,Medium,Completed,1044.19,4099
3797,Furniture,1171.73,1171.73,South,Low,Completed,2144.65,4551
3798,Electronics,675.83,675.83,South,Low,Returned,1602.01,6431
3799,Grocery,43.51,43.51,South,Low,Cancelled,176.53,5154
3800,Beauty,78.11,78.11,Central,High,Returned,256.34,4227
3801,Toys,113.17,113.17,South,Low,Pending,471.09,4621
3802,Clothing,93.69,93.69,West,Medium,Completed,387.08,5536
3803,Beauty,59.16,59.16,North,Medium,Cancelled,287.21,9109
3804,Beauty,118.24,118.24,West,Medium,Pending,131.42,5935
3805,Furniture,975.25,975.25,East,High,Completed,1061.64,6762
3806,Electronics,1721.25,1721.25,West,High,Completed,5851.19,4081
3807,Sports,299.85,299.85,West,Low,Cancelled,1488.94,5203
3808,Furniture,678.46,678.46,Central,Medium,Returned,3325.28,9799
3809,Books,22.85,22.85,East,High,Cancelled,43.81,2105
3810,Electronics,634.69,634.69,Central,Medium,Cancelled,2166.44,3461
3811,Clothing,,184.96,Central,High,Returned,622.84,2861
3812,Furniture,2882.22,2882.22,Central,High,Cancelled,7732.57,4442
3813,Toys,120.5,120.5,North,High,Completed,260.86,4090
3814,Toys,71.42,71.42,North,Medium,Cancelled,309.57,3643
3815,Sports,101.81,101.81,East,Medium,Cancelled,259.43,3914
3816,Clothing,167.8,167.8,East,Medium,Pending,235.79,5661
3817,Electronics,1005.87,1005.87,West,High,Cancelled,1772.45,2016
3818,Books,50.83,50.83,North,Low,Completed,129.71,5093
3819,Clothing,19.78,19.78,East,High,Returned,31.6,5255
3820,Clothing,,150.64,South,High,Cancelled,521.07,7543
3821,Clothing,82.76,82.76,Central,Medium,Returned,154.18,9663
3822,Books,19.84,19.84,South,Medium,Returned,45.84,3301
3823,Books,58.93,58.93,North,Medium,Returned,219.57,2909
3824,Beauty,98.79,98.79,East,Low,Returned,306.74,6393
3825,Grocery,74.3,74.3,South,High,Completed,313.59,2681
3826,Toys,28.2,28.2,Central,Medium,Completed,56.93,2377
3827,Furniture,2465.15,2465.15,West,Low,Pending,7982.28,3759
3828,Sports,,167.51,North,High,Completed,210.04,1703
3829,Grocery,7.06,7.06,East,Low,Cancelled,18.57,9413
3830,Sports,207.59,207.59,Central,High,Pending,570.06,3041
3831,Furniture,2020.02,2020.02,East,Low,Completed,9363.18,5474
3832,Clothing,199.27,199.27,South,High,Completed,627.89,
3833,Clothing,28.69,28.69,East,High,Pending,35.28,9742
3834,Grocery,88.95,88.95,South,Low,Cancelled,420.13,3054
3835,Grocery,88.38,88.38,East,Medium,Pending,420.62,2338
3836,Furniture,2997.31,2997.31,South,Medium,Pending,14197.16,5147
3837,Grocery,25.69,25.69,North,Medium,Returned,62.08,3205
3838,Furniture,1990.26,1990.26,Central,Low,Returned,6940.29,7989
3839,Sports,455.88,455.88,Central,Low,Returned,1296.77,1650
3840,Beauty,99.29,99.29,East,Low,Completed,87.97,1586
3841,Books,,52.0,Central,Low,Returned,252.69,8568
3842,Grocery,35.78,35.78,East,Medium,Completed,94.27,9713
3843,Furniture,1821.23,1821.23,West,Low,Pending,5900.61,4035
3844,Furniture,1711.1,1711.1,Central,High,Pending,7893.15,3726
3845,Beauty,84.65,84.65,North,Medium,Completed,165.21,4805
3846,Books,54.71,54.71,South,High,Cancelled,176.77,2321
3847,Sports,344.03,344.03,North,Low,Pending,735.79,8660
3848,Electronics,725.05,725.05,North,Medium,Returned,1721.86,5874
3849,Toys,100.5,100.5,West,High,Cancelled,272.91,7792
3850,Grocery,77.33,77.33,North,Medium,Cancelled,85.56,5214
3851,Toys,112.28,112.28,South,High,Cancelled,364.61,4213
3852,Furniture,2153.15,2153.15,Central,High,Cancelled,4382.54,4410
3853,Books,11.04,11.04,North,High,Returned,31.92,4774
3854,Sports,122.4,122.4,Central,High,Cancelled,475.24,9048
3855,Furniture,1540.22,1540.22,South,High,Pending,2919.37,8976
3856,Beauty,130.91,130.91,South,Low,Pending,223.75,2835
3857,Grocery,52.56,52.56,Central,Low,Pending,120.04,8260
3858,Books,53.25,53.25,North,High,Pending,141.28,7932
3859,Furniture,2296.52,2296.52,South,High,Completed,4786.9,4372
3860,Furniture,2972.54,2972.54,North,Low,Returned,4400.22,8077
3861,Books,47.98,47.98,East,Low,Completed,43.77,9725
3862,Clothing,,106.79,West,Medium,Cancelled,406.24,1729
3863,Grocery,8.64,8.64,North,Low,Cancelled,7.77,1746
3864,Grocery,52.74,52.74,North,Medium,Returned,160.25,4138
3865,Grocery,76.43,76.43,Central,Low,Returned,337.81,4434
3866,Grocery,96.34,96.34,East,Low,Returned,180.58,6026
3867,Toys,23.81,23.81,East,High,Completed,99.53,7473
3868,Electronics,177.99,177.99,North,High,Completed,317.63,8458
3869,Toys,24.31,24.31,South,Low,Pending,88.78,6854
3870,Sports,379.96,379.96,West,High,Completed,1084.52,2257
3871,Beauty,108.72,108.72,West,Medium,Returned,304.38,7079
3872,Clothing,51.37,51.37,North,High,Pending,171.94,4657
3873,Beauty,98.27,98.27,North,Medium,Returned,171.41,2915
3874,Toys,51.27,51.27,West,Low,Completed,179.95,4659
3875,Toys,21.45,21.45,North,Medium,Returned,87.33,1656
3876,Furniture,1916.5,1916.5,East,Medium,Cancelled,5638.33,2737
3877,Books,18.11,18.11,South,High,Cancelled,82.98,4132
3878,Furniture,1792.23,1792.23,Central,Medium,Cancelled,1667.86,9463
3879,Books,51.61,51.61,North,High,Completed,201.45,2223
3880,Books,15.85,15.85,East,High,Completed,58.4,6705
3881,Books,46.57,46.57,East,Medium,Completed,125.31,9456
3882,Sports,233.46,233.46,Central,Low,Pending,818.57,3218
3883,Clothing,154.83,154.83,North,Medium,Pending,565.5,
3884,Toys,8.14,8.14,East,Medium,Completed,40.26,5834
3885,Sports,61.77,61.77,West,Low,Completed,280.96,1376
3886,Toys,85.03,85.03,North,Low,Returned,159.85,8100
3887,Grocery,77.42,77.42,West,High,Cancelled,244.99,2346
3888,Clothing,162.99,162.99,Central,Medium,Returned,663.38,3572
3889,Books,30.48,30.48,East,Low,Cancelled,53.08,8595
3890,Furniture,490.35,490.35,West,Low,Returned,1745.9,1980
3891,Furniture,1953.35,1953.35,South,Low,Completed,8148.9,9195
3892,Grocery,27.59,27.59,South,Medium,Returned,24.66,2985
3893,Clothing,186.53,186.53,North,High,Returned,750.74,3226
3894,Furniture,342.84,342.84,East,Low,Returned,1448.66,3043
3895,Grocery,47.44,47.44,West,High,Completed,86.91,8541
3896,Toys,33.68,33.68,East,Medium,Returned,68.82,6416
3897,Furniture,1201.83,1201.83,South,High,Completed,1330.14,2789
3898,Clothing,31.57,31.57,North,Low,Pending,28.94,
3899,Clothing,57.09,57.09,Central,High,Completed,233.67,3106
3900,Grocery,9.39,9.39,East,High,Returned,38.44,5003
3901,Books,49.9,49.9,South,Medium,Returned,65.05,2780
3902,Books,41.74,41.74,Central,Medium,Cancelled,162.17,2397
3903,Toys,128.4,128.4,South,Medium,Cancelled,391.4,9682
3904,Grocery,72.54,72.54,North,Low,Completed,140.2,6094
3905,Electronics,406.8,406.8,South,Medium,Cancelled,1338.89,9375
3906,Electronics,1402.65,1402.65,East,Low,Pending,4114.72,
3907,Electronics,1855.81,1855.81,North,Medium,Completed,6051.46,8390
3908,Furniture,1146.07,1146.07,East,High,Cancelled,1787.3,8755
3909,Beauty,75.86,75.86,East,Low,Returned,144.97,1555
3910,Toys,66.94,66.94,North,Medium,Completed,162.22,9372
3911,Grocery,40.24,40.24,South,Low,Returned,93.74,4406
3912,Beauty,72.08,72.08,Central,Medium,Cancelled,255.42,2649
3913,Grocery,13.89,13.89,East,High,Returned,20.28,6803
3914,Furniture,1848.85,1848.85,West,High,Pending,2576.57,5143
3915,Beauty,9.51,9.51,West,High,Cancelled,34.31,2706
3916,Beauty,48.01,48.01,West,High,Pending,64.96,4786
3917,Toys,40.75,40.75,Central,Low,Cancelled,194.8,8535
3918,Books,13.54,13.54,West,High,Returned,44.47,7785
3919,Toys,53.74,53.74,Central,Low,Cancelled,203.53,8477
3920,Clothing,42.93,42.93,North,Medium,Cancelled,157.14,3354
3921,Beauty,110.76,110.76,South,High,Cancelled,508.32,4418
3922,Sports,432.62,432.62,West,Medium,Completed,1184.95,5433
3923,Electronics,1544.57,1544.57,North,Medium,Returned,3417.67,2323
3924,Grocery,56.14,56.14,North,High,Completed,127.49,3150
3925,Grocery,5.71,5.71,East,Low,Cancelled,18.66,9616
3926,Grocery,45.35,45.35,West,Medium,Returned,187.63,4443
3927,Books,43.46,43.46,South,Low,Returned,70.09,8216
3928,Furniture,1862.94,1862.94,Central,High,Completed,7944.44,1672
3929,Electronics,,319.01,West,High,Completed,600.16,5118
3930,Sports,478.64,478.64,West,Medium,Pending,2141.08,6840
3931,Beauty,41.05,41.05,East,High,Completed,129.44,2073
3932,Beauty,37.19,37.19,Central,Medium,Completed,104.15,4816
3933,Beauty,70.15,70.15,South,High,Pending,236.52,5508
3934,Clothing,150.99,150.99,North,High,Returned,545.58,1439
3935,Grocery,42.37,42.37,North,Low,Completed,117.9,8824
3936,Clothing,175.57,175.57,North,Low,Cancelled,396.46,6297
3937,Sports,388.49,388.49,South,High,Cancelled,1633.56,9455
3938,Beauty,142.18,142.18,East,Medium,Completed,231.8,9614
3939,Electronics,1599.01,1599.01,Central,Medium,Completed,4401.11,
3940,Toys,22.66,22.66,North,High,Returned,66.97,9087
3941,Books,33.36,33.36,East,Medium,Cancelled,159.72,
3942,Books,36.63,36.63,East,High,Cancelled,124.48,3883
3943,Furniture,1233.4,1233.4,West,High,Returned,1908.71,6556
3944,Clothing,112.63,112.63,South,High,Cancelled,465.34,5430
3945,Books,55.23,55.23,East,Medium,Pending,68.78,5272
3946,Furniture,2794.29,2794.29,South,Low,Cancelled,3486.72,7187
3947,Beauty,42.18,42.18,Central,Low,Returned,133.6,6896
3948,Books,29.56,29.56,North,High,Returned,103.8,8499
3949,Grocery,97.88,97.88,North,Low,Returned,335.16,8373
3950,Books,16.91,16.91,North,High,Cancelled,54.37,2794
3951,Sports,372.86,372.86,Central,Low,Pending,1748.89,5044
3952,Beauty,84.25,84.25,North,Medium,Completed,238.12,7373
3953,Books,8.75,8.75,West,Medium,Returned,35.9,8079
3954,Grocery,76.17,76.17,South,Low,Pending,211.17,6608
3955,Beauty,22.08,22.08,West,High,Completed,31.97,1440
3956,Books,30.18,30.18,Central,Medium,Completed,70.72,5996
3957,Grocery,35.36,35.36,North,High,Completed,158.3,9046
3958,Furniture,1281.07,1281.07,South,High,Pending,5877.38,5028
3959,Sports,175.81,175.81,Central,Low,Cancelled,460.88,5373
3960,Beauty,130.53,130.53,North,Low,Returned,543.7,1407
3961,Beauty,44.49,44.49,East,High,Pending,198.51,
3962,Electronics,1578.67,1578.67,North,Low,Returned,7839.2,5648
3963,Furniture,1223.81,1223.81,West,High,Returned,3223.5,6861
3964,Beauty,107.64,107.64,North,Low,Cancelled,201.38,9218
3965,Sports,220.25,220.25,East,Low,Returned,460.75,9012
3966,Books,53.53,53.53,East,High,Returned,81.75,5230
3967,Grocery,10.05,10.05,South,Low,Pending,32.36,9587
3968,Grocery,14.02,14.02,North,High,Returned,52.36,3271
3969,Electronics,614.46,614.46,Central,Medium,Cancelled,1575.24,8913
3970,Clothing,79.04,79.04,East,High,Returned,278.98,1115
3971,Toys,50.77,50.77,South,Low,Completed,230.81,6080
3972,Books,29.21,29.21,West,Medium,Cancelled,123.53,7305
3973,Sports,432.05,432.05,West,High,Cancelled,573.78,6603
3974,Grocery,59.44,59.44,East,High,Completed,170.13,9802
3975,Beauty,81.74,81.74,Central,Medium,Pending,226.07,5519
3976,Grocery,18.33,18.33,Central,Medium,Completed,46.55,9785
3977,Beauty,118.63,118.63,Central,Medium,Cancelled,112.19,8847
3978,Grocery,31.92,31.92,West,High,Completed,58.48,2437
3979,Toys,40.84,40.84,Central,Low,Pending,204.17,4916
3980,Furniture,2480.31,2480.31,North,High,Cancelled,8949.09,5122
3981,Books,23.87,23.87,East,High,Cancelled,54.73,2709
3982,Books,9.12,9.12,Central,Medium,Cancelled,20.57,9573
3983,Furniture,1020.41,1020.41,Central,Low,Pending,3602.76,2458
3984,Furniture,1051.72,1051.72,West,Low,Returned,5141.0,4331
3985,Books,44.08,44.08,West,Low,Cancelled,47.91,3307
3986,Books,56.95,56.95,North,Low,Completed,189.08,2816
3987,Sports,73.17,73.17,Central,Medium,Returned,187.89,4210
3988,Sports,402.84,402.84,Central,Medium,Pending,1052.53,2915
3989,Beauty,145.08,145.08,West,Medium,Completed,171.18,3148
3990,Beauty,122.91,122.91,North,Low,Cancelled,540.25,3084
3991,Electronics,416.35,416.35,West,High,Completed,1933.3,6985
3992,Clothing,118.7,118.7,East,Low,Returned,180.47,5434
3993,Sports,347.43,347.43,North,Medium,Cancelled,898.14,4863
3994,Furniture,2957.69,2957.69,Central,High,Cancelled,4709.13,3100
3995,Books,18.23,18.23,East,High,Pending,18.69,6134
3996,Toys,14.5,14.5,South,High,Pending,65.44,4106
3997,Books,7.71,7.71,North,Low,Pending,30.05,4016
3998,Electronics,1717.19,1717.19,Central,Low,Returned,1550.04,1064
3999,Toys,139.54,139.54,North,Low,Completed,385.95,3849
4000,Furniture,2065.27,2065.27,South,High,Returned,5769.96,9020
4001,Sports,183.75,183.75,West,High,Returned,245.22,4690
4002,Books,22.63,22.63,North,Medium,Returned,107.22,7383
4003,Sports,219.72,219.72,South,Low,Pending,912.78,3089
4004,Toys,30.99,30.99,South,High,Cancelled,32.45,4402
4005,Toys,125.42,125.42,South,Low,Completed,330.35,9840
4006,Books,32.73,32.73,West,Medium,Pending,55.77,2144
4007,Grocery,61.1,61.1,North,High,Returned,284.7,2796
4008,Grocery,98.67,98.67,South,Low,Cancelled,209.5,2434
4009,Toys,121.3,121.3,North,Medium,Pending,597.85,
4010,Sports,429.62,429.62,East,Low,Completed,426.44,5119
4011,Furniture,1242.23,1242.23,West,Medium,Cancelled,2303.24,7855
4012,Clothing,58.05,58.05,North,Low,Completed,159.42,8232
4013,Sports,361.72,361.72,South,Medium,Completed,1576.43,8307
4014,Books,41.78,41.78,Central,High,Pending,128.25,1647
4015,Electronics,135.02,135.02,North,Low,Returned,228.07,6605
4016,Sports,326.24,326.24,West,Medium,Cancelled,812.48,2975
4017,Beauty,29.03,29.03,West,Low,Completed,52.65,7900
4018,Furniture,738.64,738.64,West,Medium,Returned,3245.45,2065
4019,Books,21.32,21.32,South,Medium,Completed,58.74,6137
4020,Clothing,165.35,165.35,North,Low,Returned,407.21,6881
4021,Books,55.22,55.22,West,High,Completed,226.39,4746
4022,Furniture,1398.34,1398.34,South,Low,Returned,5445.7,3288
4023,Clothing,11.65,11.65,South,Medium,Completed,45.15,8863
4024,Books,51.15,51.15,South,High,Returned,126.1,
4025,Clothing,64.1,64.1,East,High,Completed,101.05,1757
4026,Clothing,51.93,51.93,South,Low,Pending,68.12,4281
4027,Books,40.11,40.11,South,Low,Pending,60.09,1539
4028,Clothing,146.1,146.1,East,Low,Returned,667.77,1419
4029,Beauty,121.76,121.76,Central,Medium,Pending,406.01,8665
4030,Furniture,2011.77,2011.77,West,Medium,Returned,7414.5,
4031,Beauty,78.34,78.34,West,Medium,Returned,186.81,4636
4032,Sports,465.35,465.35,Central,Low,Cancelled,783.43,3601
4033,Books,,54.8,East,Medium,Pending,120.76,3706
4034,Beauty,119.95,119.95,Central,High,Pending,502.62,6364
4035,Beauty,111.49,111.49,South,Low,Cancelled,425.33,9852
4036,Grocery,48.41,48.41,East,Medium,Pending,77.85,4947
4037,Toys,97.51,97.51,West,Medium,Returned,121.16,5886
4038,Sports,52.6,52.6,West,Low,Returned,79.37,7326
4039,Beauty,141.68,141.68,South,Medium,Cancelled,472.8,1311
4040,Furniture,2072.52,2072.52,Central,Medium,Completed,6185.63,6308
4041,Sports,402.0,402.0,East,Medium,Completed,1756.9,4733
4042,Furniture,2619.6,2619.6,Central,High,Completed,6442.06,5388
4043,Beauty,66.02,66.02,South,Low,Pending,189.78,5058
4044,Electronics,227.56,227.56,South,High,Completed,255.43,9211
4045,Books,,14.92,South,High,Completed,34.73,4192
4046,Furniture,2459.7,2459.7,South,Low,Completed,4974.92,
4047,Grocery,9.8,9.8,South,High,Completed,30.45,8928
4048,Grocery,5.43,5.43,Central,Medium,Completed,24.81,2600
4049,Beauty,75.46,75.46,Central,Low,Completed,62.84,
4050,Clothing,134.67,134.67,North,Medium,Returned,599.15,4482
4051,Grocery,94.02,94.02,Central,High,Cancelled,466.62,9360
4052,Beauty,21.49,21.49,East,Medium,Returned,44.67,2860
4053,Beauty,146.57,146.57,Central,Medium,Completed,199.36,4053
4054,Electronics,1695.34,1695.34,Central,High,Completed,7487.3,4311
4055,Toys,95.93,95.93,North,High,Pending,144.32,1206
4056,Electronics,780.58,780.58,South,High,Cancelled,2912.46,3274
4057,Books,15.28,15.28,South,Medium,Pending,54.29,
4058,Grocery,10.65,10.65,West,Medium,Cancelled,40.97,4524
4059,Grocery,89.27,89.27,North,High,Completed,221.72,2850
4060,Sports,493.74,493.74,Central,Medium,Pending,2371.41,
4061,Books,10.27,10.27,West,Medium,Pending,26.86,1257
4062,Grocery,18.77,18.77,East,High,Returned,69.08,6537
4063,Furniture,,1958.08,North,Medium,Pending,2204.67,2216
4064,Electronics,,1346.25,East,Medium,Completed,4060.28,3683
4065,Toys,64.86,64.86,North,High,Returned,189.24,9063
4066,Electronics,1480.98,1480.98,South,High,Returned,3627.44,1660
4067,Books,56.36,56.36,East,Low,Completed,65.02,8239
4068,Grocery,46.55,46.55,West,High,Pending,144.48,2930
4069,Furniture,478.26,478.26,North,High,Completed,2042.63,7998
4070,Furniture,2564.51,2564.51,North,Low,Completed,5970.9,1679
4071,Sports,164.25,164.25,West,Low,Cancelled,721.82,2272
4072,Clothing,97.57,97.57,East,Low,Cancelled,462.92,8137
4073,Sports,476.54,476.54,North,High,Cancelled,2041.37,1413
4074,Toys,97.03,97.03,North,High,Completed,312.99,2635
4075,Toys,124.04,124.04,West,Medium,Returned,341.34,2166
4076,Books,12.11,12.11,North,High,Returned,11.67,2549
4077,Beauty,66.21,66.21,West,Medium,Completed,88.82,4369
4078,Electronics,540.59,540.59,South,Medium,Returned,1578.61,8543
4079,Grocery,33.61,33.61,South,High,Cancelled,116.68,3991
4080,Toys,81.0,81.0,South,Medium,Returned,124.22,3808
4081,Furniture,723.38,723.38,West,Low,Completed,1075.17,1491
4082,Furniture,1768.45,1768.45,West,High,Cancelled,7102.66,5685
4083,Toys,24.62,24.62,Central,Low,Pending,52.69,6682
4084,Grocery,71.59,71.59,Central,Low,Returned,256.17,3548
4085,Beauty,41.09,41.09,South,High,Cancelled,187.32,3589
4086,Electronics,1711.59,1711.59,South,High,Cancelled,6973.17,3182
4087,Clothing,81.14,81.14,East,Low,Cancelled,125.25,4469
4088,Sports,93.95,93.95,Central,Medium,Pending,425.12,8526
4089,Electronics,602.46,602.46,East,Low,Completed,2354.91,6021
4090,Furniture,885.6,885.6,South,High,Completed,1099.97,5341
4091,Toys,148.79,148.79,East,High,Completed,513.84,5903
4092,Grocery,85.92,85.92,West,High,Completed,393.24,2822
4093,Clothing,195.95,195.95,West,Low,Pending,899.16,5723
4094,Grocery,59.49,59.49,West,High,Cancelled,157.76,4512
4095,Beauty,59.33,59.33,North,Medium,Pending,260.29,6178
4096,Clothing,59.61,59.61,North,Low,Pending,262.16,3906
4097,Furniture,241.28,241.28,Central,High,Cancelled,521.64,2248
4098,Electronics,1462.23,1462.23,East,Medium,Cancelled,6722.13,8838
4099,Sports,470.49,470.49,North,Low,Completed,2196.18,1217
4100,Sports,216.15,216.15,West,High,Completed,515.73,7770
4101,Furniture,2274.86,2274.86,Central,High,Pending,9453.67,9501
4102,Beauty,91.67,91.67,North,Medium,Cancelled,76.78,5362
4103,Beauty,17.11,17.11,North,High,Pending,36.57,4129
4104,Clothing,,88.91,East,High,Pending,411.08,9865
4105,Sports,396.71,396.71,Central,High,Pending,505.35,7407
4106,Clothing,60.21,60.21,Central,Medium,Pending,142.22,7472
4107,Sports,312.76,312.76,West,Low,Cancelled,465.54,2105
4108,Toys,17.29,17.29,South,Medium,Returned,14.84,9000
4109,Grocery,26.18,26.18,West,High,Cancelled,84.59,6276
4110,Toys,71.26,71.26,West,Low,Returned,120.86,9024
4111,Grocery,,60.12,East,Medium,Returned,193.23,9759
4112,Furniture,1230.86,1230.86,West,Medium,Completed,1193.34,5466
4113,Clothing,70.13,70.13,South,Low,Completed,343.36,8104
4114,Electronics,1755.42,1755.42,Central,Low,Returned,5967.87,7971
4115,Electronics,1716.46,1716.46,East,Medium,Returned,7913.31,8965
4116,Books,51.49,51.49,North,High,Completed,149.41,3706
4117,Grocery,39.21,39.21,East,High,Completed,175.7,5545
4118,Books,37.03,37.03,East,Low,Pending,79.65,6511
4119,Grocery,80.51,80.51,West,Medium,Cancelled,77.28,7837
4120,Books,47.54,47.54,South,Medium,Cancelled,149.87,6777
4121,Grocery,34.37,34.37,East,Low,Cancelled,88.02,1841
4122,Clothing,135.34,135.34,South,High,Returned,443.07,3869
4123,Toys,86.58,86.58,West,Medium,Pending,145.27,9132
4124,Toys,103.4,103.4,Central,Low,Completed,144.48,9470
4125,Books,19.81,19.81,North,Low,Cancelled,79.05,2345
4126,Grocery,29.72,29.72,East,Medium,Cancelled,51.41,6582
4127,Clothing,144.36,144.36,Central,Medium,Returned,543.2,5658
4128,Sports,44.46,44.46,West,Low,Pending,39.63,6802
4129,Grocery,4.2,4.2,South,Medium,Returned,4.7,9162
4130,Beauty,32.38,32.38,South,Low,Returned,148.56,4089
4131,Furniture,2105.48,2105.48,North,Low,Completed,5937.55,7301
4132,Electronics,1985.15,1985.15,South,High,Cancelled,4021.67,5937
4133,Furniture,1316.95,1316.95,West,High,Pending,4798.08,4263
4134,Clothing,52.28,52.28,Central,High,Pending,192.05,4936
4135,Sports,247.91,247.91,West,Medium,Returned,1013.73,7816
4136,Books,47.09,47.09,East,Medium,Cancelled,96.77,1953
4137,Furniture,825.56,825.56,North,Low,Cancelled,3454.87,4310
4138,Books,47.43,47.43,North,High,Pending,114.0,6163
4139,Books,16.3,16.3,Central,Low,Pending,26.19,2347
4140,Furniture,1159.15,1159.15,North,Medium,Cancelled,2564.87,8610
4141,Electronics,329.35,329.35,West,High,Returned,283.13,2738
4142,Books,39.77,39.77,East,Medium,Returned,104.81,7882
4143,Toys,86.56,86.56,East,Low,Pending,234.0,8431
4144,Furniture,258.14,258.14,North,Medium,Cancelled,1101.02,6650
4145,Grocery,67.34,67.34,East,Low,Pending,182.26,3634
4146,Books,35.04,35.04,Central,Low,Completed,115.12,5917
4147,Books,57.34,57.34,East,Low,Completed,226.29,5526
4148,Books,50.99,50.99,East,Medium,Returned,94.64,4903
4149,Electronics,108.84,108.84,East,High,Cancelled,486.15,9623
4150,Sports,252.8,252.8,East,Medium,Completed,1038.34,8699
4151,Beauty,91.87,91.87,North,High,Cancelled,218.48,4743
4152,Sports,250.15,250.15,East,High,Pending,1153.66,1938
4153,Toys,101.57,101.57,North,Low,Returned,184.2,7936
4154,Electronics,1362.2,1362.2,North,High,Cancelled,1161.72,3089
4155,Clothing,83.21,83.21,West,Medium,Pending,237.04,3935
4156,Furniture,2620.69,2620.69,West,Medium,Cancelled,12227.59,1855
4157,Sports,454.56,454.56,Central,High,Cancelled,1048.22,6326
4158,Books,50.97,50.97,North,Medium,Returned,160.59,5940
4159,Electronics,1153.06,1153.06,South,Medium,Cancelled,2895.1,
4160,Books,22.25,22.25,North,High,Pending,37.15,4078
4161,Grocery,14.91,14.91,North,Low,Pending,35.3,2103
4162,Grocery,9.99,9.99,West,Low,Returned,43.47,7354
4163,Beauty,85.25,85.25,Central,Low,Returned,332.99,7960
4164,Furniture,269.52,269.52,North,Medium,Pending,655.6,4001
4165,Grocery,76.67,76.67,North,Medium,Cancelled,104.21,
4166,Clothing,35.49,35.49,Central,Low,Completed,44.88,2768
4167,Clothing,118.43,118.43,West,High,Returned,590.26,9587
4168,Books,41.7,41.7,West,High,Returned,171.39,1197
4169,Sports,102.4,102.4,South,Low,Cancelled,292.8,5740
4170,Grocery,77.1,77.1,North,High,Cancelled,346.6,1578
4171,Furniture,2579.92,2579.92,South,High,Pending,10216.66,9581
4172,Grocery,71.53,71.53,West,High,Cancelled,95.48,6595
4173,Sports,49.62,49.62,South,High,Pending,213.67,8033
4174,Books,32.81,32.81,South,Low,Completed,103.72,2049
4175,Clothing,27.84,27.84,Central,High,Returned,78.92,4425
4176,Sports,217.71,217.71,West,Low,Cancelled,613.22,5034
4177,Grocery,42.59,42.59,Central,Low,Cancelled,94.23,9050
4178,Electronics,1448.39,1448.39,Central,Medium,Completed,6223.63,4583
4179,Books,39.81,39.81,North,Low,Pending,57.81,6618
4180,Grocery,84.85,84.85,East,Medium,Returned,363.83,6608
4181,Electronics,1635.92,1635.92,South,High,Cancelled,4076.38,2009
4182,Beauty,119.5,119.5,West,Medium,Pending,238.16,5785
4183,Clothing,105.09,105.09,Central,Low,Pending,308.15,1065
4184,Clothing,72.32,72.32,West,Medium,Returned,183.5,5031
4185,Sports,365.68,365.68,East,Medium,Returned,1581.35,3728
4186,Grocery,70.91,70.91,West,High,Cancelled,252.26,1388
4187,Grocery,57.15,57.15,East,Low,Cancelled,91.26,5194
4188,Books,30.19,30.19,West,Medium,Completed,115.68,9885
4189,Sports,178.2,178.2,North,Low,Completed,664.55,7558
4190,Beauty,79.76,79.76,South,Low,Cancelled,385.16,4084
4191,Sports,405.46,405.46,Central,Medium,Completed,587.02,7800
4192,Sports,61.98,61.98,South,Medium,Completed,233.23,1681
4193,Beauty,24.69,24.69,North,High,Pending,76.85,2092
4194,Grocery,3.12,3.12,Central,Medium,Returned,13.67,4601
4195,Beauty,,28.76,West,High,Cancelled,116.54,7149
4196,Books,,28.13,North,Low,Completed,63.56,6340
4197,Beauty,121.8,121.8,South,Low,Returned,347.65,
4198,Toys,61.71,61.71,Central,High,Completed,151.09,1092
4199,Books,19.88,19.88,Central,Low,Returned,78.21,1820
4200,Books,33.46,33.46,Central,High,Completed,146.2,2548
4201,Grocery,96.83,96.83,West,Medium,Pending,206.07,9329
4202,Electronics,1388.52,1388.52,Central,High,Cancelled,1193.21,5814
4203,Sports,69.85,69.85,West,Low,Completed,67.87,1910
4204,Electronics,928.95,928.95,East,Medium,Returned,2463.87,4797
4205,Toys,110.63,110.63,West,Low,Pending,469.64,1531
4206,Toys,20.17,20.17,Central,Medium,Returned,58.31,3350
4207,Clothing,,48.21,East,High,Cancelled,171.14,6873
4208,Clothing,29.68,29.68,Central,Low,Completed,48.22,5918
4209,Electronics,1176.76,1176.76,Central,Medium,Completed,5022.3,8347
4210,Electronics,1470.96,1470.96,South,High,Returned,5374.01,7376
4211,Sports,27.77,27.77,South,Low,Cancelled,126.75,4309
4212,Toys,7.42,7.42,Central,Medium,Pending,22.57,4185
4213,Electronics,1079.69,1079.69,West,High,Pending,3995.33,4350
4214,Beauty,107.32,107.32,West,High,Pending,481.36,6705
4215,Toys,86.09,86.09,North,High,Pending,367.14,8698
4216,Sports,37.68,37.68,West,Medium,Returned,108.21,3208
4217,Electronics,1755.42,1755.42,South,Low,Returned,3760.6,1548
4218,Books,32.69,32.69,South,High,Completed,54.88,
4219,Beauty,75.88,75.88,Central,Low,Pending,145.57,3866
4220,Sports,168.58,168.58,West,High,Pending,788.68,7786
4221,Beauty,142.46,142.46,North,Low,Cancelled,303.25,3911
4222,Books,29.39,29.39,East,Low,Pending,144.86,7869
4223,Electronics,1429.03,1429.03,East,High,Completed,6058.41,8090
4224,Beauty,134.51,134.51,Central,Medium,Completed,288.26,7888
4225,Beauty,149.01,149.01,North,Low,Returned,589.16,9717
4226,Electronics,1942.58,1942.58,Central,Low,Pending,9651.62,4659
4227,Toys,67.92,67.92,South,Medium,Cancelled,199.58,5073
4228,Toys,113.25,113.25,West,High,Pending,496.86,3469
4229,Furniture,971.89,971.89,East,High,Cancelled,3917.77,6554
4230,Clothing,70.19,70.19,East,Low,Returned,307.68,3186
4231,Sports,104.27,104.27,South,High,Cancelled,519.32,3381
4232,Beauty,17.86,17.86,Central,Low,Returned,72.26,9376
4233,Sports,294.2,294.2,East,Medium,Returned,1129.15,4532
4234,Beauty,8.56,8.56,East,Low,Cancelled,23.73,4037
4235,Sports,268.04,268.04,South,High,Pending,415.78,5596
4236,Clothing,156.66,156.66,South,Low,Pending,217.11,1015
4237,Sports,100.86,100.86,Central,Medium,Completed,466.78,6598
4238,Books,20.3,20.3,Central,High,Cancelled,62.18,4916
4239,Clothing,,59.64,South,Medium,Returned,103.99,3597
4240,Grocery,44.25,44.25,East,Low,Completed,92.71,9956
4241,Sports,186.54,186.54,Central,Low,Returned,661.81,3420
4242,Books,8.28,8.28,Central,Medium,Cancelled,20.05,4445
4243,Toys,68.55,68.55,Central,Low,Pending,115.56,6922
4244,Beauty,30.68,30.68,East,Medium,Returned,144.75,7437
4245,Furniture,326.3,326.3,North,Low,Cancelled,792.02,3583
4246,Sports,484.05,484.05,North,High,Pending,1812.38,1804
4247,Toys,118.52,118.52,East,Low,Completed,409.26,4924
4248,Toys,128.72,128.72,North,High,Completed,135.99,2604
4249,Sports,211.9,211.9,West,High,Pending,636.01,6212
4250,Toys,15.49,15.49,Central,Low,Cancelled,41.91,7199
4251,Grocery,17.96,17.96,North,High,Completed,52.95,2307
4252,Electronics,796.17,796.17,West,Low,Completed,3110.67,3992
4253,Sports,446.59,446.59,Central,High,Completed,1186.69,6496
4254,Furniture,1582.23,1582.23,North,Low,Returned,7188.19,6116
4255,Toys,,15.53,West,Low,Returned,48.02,8710
4256,Furniture,2560.27,2560.27,North,Medium,Cancelled,2650.16,5486
4257,Grocery,89.9,89.9,Central,High,Cancelled,172.39,1229
4258,Beauty,16.06,16.06,North,Low,Returned,63.84,7141
4259,Electronics,379.41,379.41,North,Medium,Completed,1642.94,2544
4260,Toys,83.43,83.43,South,Low,Pending,338.73,2320
4261,Toys,70.99,70.99,East,Medium,Completed,107.69,3717
4262,Toys,114.29,114.29,South,High,Pending,335.11,9992
4263,Clothing,77.74,77.74,North,Low,Cancelled,107.48,7430
4264,Electronics,284.39,284.39,West,Low,Returned,426.08,6367
4265,Electronics,980.59,980.59,South,Medium,Completed,1738.66,4909
4266,Electronics,531.78,531.78,South,Medium,Completed,2082.37,5105
4267,Sports,408.9,408.9,South,Low,Pending,1195.82,1774
4268,Furniture,1497.31,1497.31,East,High,Cancelled,2168.57,6838
4269,Electronics,422.6,422.6,Central,Medium,Cancelled,1795.52,7741
4270,Furniture,2505.52,2505.52,North,Low,Cancelled,10550.7,1937
4271,Toys,140.92,140.92,West,Low,Completed,310.76,
4272,Books,11.49,11.49,South,Medium,Returned,17.41,1851
4273,Beauty,41.7,41.7,Central,Low,Pending,132.84,8727
4274,Clothing,102.04,102.04,North,High,Pending,385.93,9648
4275,Toys,137.73,137.73,East,Low,Returned,546.53,5556
4276,Sports,208.38,208.38,West,High,Pending,511.32,5787
4277,Beauty,43.18,43.18,Central,High,Completed,69.54,4452
4278,Grocery,36.85,36.85,Central,Low,Cancelled,30.21,5047
4279,Books,,11.43,West,Low,Cancelled,32.34,3169
4280,Sports,215.18,215.18,Central,High,Pending,774.44,4216
4281,Sports,240.24,240.24,East,High,Cancelled,1033.93,5071
4282,Books,18.43,18.43,East,High,Pending,73.25,4427
4283,Books,18.22,18.22,West,High,Cancelled,28.98,8667
4284,Furniture,941.81,941.81,North,High,Cancelled,3203.55,5990
4285,Beauty,146.85,146.85,West,High,Returned,645.57,
4286,Electronics,1173.05,1173.05,Central,High,Cancelled,2734.73,6511
4287,Beauty,142.14,142.14,West,High,Completed,509.71,5109
4288,Electronics,719.09,719.09,West,Low,Completed,3361.43,1330
4289,Toys,122.5,122.5,West,Medium,Returned,419.51,4515
4290,Electronics,973.91,973.91,South,High,Returned,3485.99,7952
4291,Clothing,83.57,83.57,South,High,Returned,153.64,2945
4292,Electronics,564.2,564.2,West,Low,Returned,1515.93,3382
4293,Sports,170.57,170.57,South,Low,Completed,532.78,2927
4294,Grocery,85.25,85.25,Central,Low,Cancelled,394.67,2048
4295,Sports,22.66,22.66,North,Low,Cancelled,82.6,6484
4296,Books,15.63,15.63,North,Low,Cancelled,26.59,4329
4297,Clothing,110.63,110.63,West,Medium,Completed,317.6,5185
4298,Toys,84.38,84.38,North,Medium,Cancelled,68.31,5452
4299,Electronics,1579.47,1579.47,North,High,Pending,6399.61,1834
4300,Sports,163.05,163.05,West,Low,Returned,239.26,3643
4301,Grocery,73.83,73.83,East,Low,Cancelled,106.78,5380
4302,Toys,149.26,149.26,Central,Low,Pending,681.18,8871
4303,Furniture,2456.1,2456.1,East,Medium,Returned,9523.8,8560
4304,Furniture,2868.77,2868.77,North,High,Cancelled,4554.34,3340
4305,Books,40.62,40.62,West,Low,Returned,110.9,4195
4306,Sports,10.99,10.99,West,Medium,Pending,41.13,3585
4307,Books,25.74,25.74,North,Medium,Completed,42.32,7501
4308,Beauty,72.4,72.4,North,Medium,Completed,359.15,8679
4309,Clothing,93.42,93.42,East,High,Returned,417.41,3923
4310,Beauty,27.81,27.81,North,Low,Cancelled,46.85,2649
4311,Beauty,136.72,136.72,West,High,Pending,596.42,3356
4312,Books,22.16,22.16,West,Low,Pending,71.2,6062
4313,Sports,143.63,143.63,East,Medium,Completed,613.28,8657
4314,Grocery,98.15,98.15,South,Medium,Completed,239.61,6247
4315,Books,6.8,6.8,West,High,Pending,12.79,8721
4316,Furniture,371.43,371.43,North,Low,Returned,896.0,6291
4317,Toys,100.12,100.12,South,Medium,Pending,343.84,7748
4318,Toys,37.08,37.08,South,Low,Returned,171.93,1197
4319,Books,35.47,35.47,Central,High,Cancelled,95.87,4663
4320,Sports,390.13,390.13,Central,Low,Returned,798.12,7099
4321,Grocery,42.06,42.06,North,Medium,Completed,209.05,6986
4322,Beauty,6.22,6.22,South,Low,Cancelled,5.92,9072
4323,Toys,46.95,46.95,South,Medium,Returned,166.88,6209
4324,Sports,302.38,302.38,South,Medium,Returned,273.6,4065
4325,Books,41.6,41.6,North,Medium,Returned,154.67,4289
4326,Beauty,132.24,132.24,East,High,Completed,569.62,4242
4327,Toys,115.96,115.96,East,Low,Completed,418.61,9069
4328,Sports,346.98,346.98,East,Medium,Completed,855.72,2260
4329,Books,13.18,13.18,West,Medium,Pending,18.91,5287
4330,Beauty,10.67,10.67,North,High,Completed,20.63,3749
4331,Beauty,15.48,15.48,East,High,Cancelled,28.39,5948
4332,Clothing,163.8,163.8,Central,High,Returned,649.81,1135
4333,Electronics,,1066.33,Central,Low,Completed,2329.66,9320
4334,Electronics,1115.69,1115.69,South,High,Cancelled,4230.78,
4335,Electronics,1128.09,1128.09,North,Medium,Returned,5550.09,6591
4336,Sports,407.08,407.08,North,Low,Pending,1969.46,2122
4337,Clothing,88.08,88.08,East,Medium,Completed,399.6,2230
4338,Grocery,91.43,91.43,West,Medium,Returned,371.05,2880
4339,Grocery,71.15,71.15,East,Low,Pending,175.42,8488
4340,Toys,95.17,95.17,East,Low,Cancelled,315.49,7369
4341,Electronics,1730.86,1730.86,South,High,Completed,6647.84,8089
4342,Books,27.95,27.95,West,Low,Completed,111.46,9044
4343,Clothing,50.11,50.11,Central,Low,Cancelled,218.85,9213
4344,Sports,152.44,152.44,East,Medium,Completed,460.24,6291
4345,Furniture,2403.49,2403.49,South,High,Completed,6685.09,5443
4346,Beauty,60.9,60.9,South,Medium,Completed,277.03,6964
4347,Books,31.95,31.95,West,High,Completed,117.86,4278
4348,Furniture,1005.65,1005.65,Central,High,Cancelled,1950.4,5575
4349,Grocery,68.18,68.18,Central,Medium,Completed,223.35,
4350,Sports,192.72,192.72,South,Medium,Returned,810.0,8136
4351,Grocery,15.61,15.61,South,High,Pending,43.3,5166
4352,Clothing,111.16,111.16,Central,Low,Cancelled,539.58,8705
4353,Electronics,363.95,363.95,South,Low,Completed,425.57,2321
4354,Electronics,869.96,869.96,East,High,Pending,3432.32,5690
4355,Toys,70.95,70.95,South,Medium,Completed,352.96,5618
4356,Furniture,1901.73,1901.73,South,High,Pending,7399.66,9660
4357,Sports,420.61,420.61,West,Low,Completed,1905.96,8968
4358,Toys,73.25,73.25,South,High,Completed,83.05,5837
4359,Electronics,1125.04,1125.04,South,Low,Returned,4898.4,1292
4360,Clothing,132.06,132.06,West,Low,Cancelled,463.04,5628
4361,Grocery,15.06,15.06,South,Low,Pending,20.52,9069
4362,Beauty,70.4,70.4,West,Medium,Cancelled,188.16,3700
4363,Clothing,135.09,135.09,East,High,Completed,164.7,9623
4364,Toys,67.64,67.64,West,High,Pending,219.58,9752
4365,Beauty,83.59,83.59,East,High,Completed,333.03,5675
4366,Beauty,53.03,53.03,Central,Low,Pending,124.5,6096
4367,Beauty,114.16,114.16,West,Low,Pending,418.55,6576
4368,Furniture,479.33,479.33,South,Medium,Cancelled,1203.44,8769
4369,Toys,64.67,64.67,West,Low,Completed,192.93,9466
4370,Sports,115.47,115.47,North,High,Cancelled,392.28,6374
4371,Grocery,71.02,71.02,Central,Medium,Returned,108.39,6442
4372,Electronics,220.4,220.4,South,Medium,Returned,704.83,4222
4373,Sports,442.84,442.84,Central,Low,Returned,1617.1,8842
4374,Grocery,81.39,81.39,North,High,Completed,73.06,
4375,Toys,30.8,30.8,West,Low,Completed,75.75,6272
4376,Beauty,51.89,51.89,East,Low,Completed,164.66,2608
4377,Electronics,,1344.41,East,Low,Cancelled,3982.61,4004
4378,Toys,27.71,27.71,East,Low,Returned,71.46,3105
4379,Toys,123.34,123.34,North,Medium,Completed,335.22,3544
4380,Books,8.52,8.52,East,High,Pending,18.54,8590
4381,Books,42.15,42.15,West,Medium,Pending,78.1,3131
4382,Sports,401.59,401.59,Central,Medium,Cancelled,402.38,1148
4383,Toys,107.78,107.78,Central,High,Cancelled,86.68,2229
4384,Grocery,,87.01,West,High,Completed,245.52,7460
4385,Sports,444.82,444.82,Central,Medium,Cancelled,1242.46,2476
4386,Beauty,22.36,22.36,East,High,Cancelled,54.52,5013
4387,Electronics,475.15,475.15,South,Medium,Cancelled,1807.25,6339
4388,Beauty,110.51,110.51,West,High,Cancelled,426.9,2533
4389,Electronics,1339.31,1339.31,South,Low,Cancelled,5637.3,5391
4390,Sports,377.09,377.09,North,High,Returned,441.31,4352
4391,Sports,338.39,338.39,Central,Medium,Pending,1493.88,6468
4392,Sports,352.04,352.04,Central,High,Cancelled,375.72,6519
4393,Sports,445.45,445.45,North,High,Returned,732.13,2935
4394,Electronics,749.47,749.47,East,High,Returned,2206.26,1908
4395,Toys,126.69,126.69,North,High,Cancelled,508.49,4201
4396,Beauty,113.55,113.55,South,Low,Returned,264.86,3673
4397,Books,36.94,36.94,West,Medium,Returned,137.69,5885
4398,Electronics,974.7,974.7,Central,Low,Returned,3272.78,2574
4399,Books,21.08,21.08,West,High,Completed,75.02,4553
4400,Clothing,50.31,50.31,Central,Low,Pending,139.76,1322
4401,Grocery,8.31,8.31,Central,Low,Cancelled,9.29,2369
4402,Grocery,74.7,74.7,Central,Medium,Pending,279.5,2034
4403,Books,48.81,48.81,West,Medium,Cancelled,107.93,3541
4404,Furniture,2108.89,2108.89,South,Low,Cancelled,6615.09,8162
4405,Furniture,116.65,116.65,South,Low,Pending,391.37,4859
4406,Books,57.28,57.28,West,Low,Returned,70.81,4176
4407,Books,49.16,49.16,West,Medium,Returned,234.08,6075
4408,Beauty,43.58,43.58,East,Medium,Completed,118.12,9518
4409,Furniture,,397.85,North,Low,Cancelled,1531.36,
4410,Electronics,1872.53,1872.53,West,Low,Cancelled,7937.77,1418
4411,Books,34.86,34.86,East,Low,Completed,43.83,7888
4412,Beauty,91.21,91.21,East,Medium,Returned,239.7,8316
4413,Sports,194.69,194.69,East,Medium,Cancelled,353.83,5920
4414,Beauty,69.19,69.19,West,High,Pending,332.2,3423
4415,Grocery,79.73,79.73,West,High,Completed,270.11,1008
4416,Grocery,23.42,23.42,Central,Low,Returned,42.82,1823
4417,Books,58.0,58.0,East,High,Cancelled,267.66,
4418,Beauty,23.93,23.93,Central,Medium,Returned,35.61,6822
4419,Beauty,70.38,70.38,West,Medium,Completed,225.43,6195
4420,Clothing,125.23,125.23,East,Medium,Pending,304.71,8228
4421,Books,33.82,33.82,Central,Low,Cancelled,155.34,8416
4422,Clothing,56.5,56.5,Central,Low,Cancelled,272.82,7394
4423,Clothing,184.58,184.58,Central,Medium,Pending,410.43,8810
4424,Beauty,45.26,45.26,South,High,Pending,78.46,8456
4425,Beauty,58.53,58.53,North,Low,Completed,274.89,9505
4426,Beauty,53.16,53.16,Central,High,Pending,205.62,1663
4427,Electronics,1840.38,1840.38,North,Medium,Cancelled,4182.92,4770
4428,Sports,167.82,167.82,North,Medium,Completed,537.18,4029
4429,Toys,64.27,64.27,West,High,Pending,102.28,1906
4430,Sports,174.76,174.76,South,Low,Cancelled,589.4,9875
4431,Electronics,1162.13,1162.13,South,Low,Pending,4493.95,7608
4432,Electronics,1074.43,1074.43,East,Low,Returned,3135.01,3396
4433,Beauty,147.71,147.71,West,High,Completed,482.95,4596
4434,Furniture,2616.15,2616.15,West,High,Returned,9315.73,9245
4435,Books,56.15,56.15,North,Low,Cancelled,110.35,1759
4436,Beauty,107.12,107.12,South,Low,Completed,394.45,
4437,Beauty,93.76,93.76,South,Medium,Cancelled,133.18,6662
4438,Toys,,60.94,Central,Medium,Completed,237.6,2983
4439,Clothing,97.17,97.17,Central,Low,Returned,144.91,6172
4440,Clothing,146.17,146.17,Central,Medium,Completed,719.93,5983
4441,Electronics,1014.95,1014.95,South,Low,Completed,2366.03,6549
4442,Beauty,25.58,25.58,Central,Medium,Completed,103.13,1393
4443,Books,9.51,9.51,North,Medium,Returned,25.52,3105
4444,Clothing,70.34,70.34,Central,Medium,Completed,300.87,9531
4445,Books,17.34,17.34,Central,High,Completed,34.9,3795
4446,Toys,17.25,17.25,West,High,Completed,76.89,4149
4447,Electronics,1666.31,1666.31,Central,High,Completed,4188.42,9222
4448,Furniture,2935.55,2935.55,Central,High,Returned,7810.88,7466
4449,Sports,174.63,174.63,West,Medium,Returned,412.1,6828
4450,Beauty,118.78,118.78,East,Medium,Completed,499.55,8240
4451,Beauty,135.53,135.53,North,Medium,Completed,210.22,9735
4452,Clothing,14.9,14.9,East,Medium,Returned,21.39,9255
4453,Toys,114.63,114.63,South,High,Completed,165.32,1268
4454,Toys,17.42,17.42,West,Low,Cancelled,56.36,7209
4455,Electronics,1069.84,1069.84,North,High,Cancelled,3710.09,8155
4456,Clothing,53.88,53.88,East,Medium,Cancelled,53.3,
4457,Toys,53.68,53.68,Central,Low,Pending,72.28,7654
4458,Electronics,1857.36,1857.36,Central,Medium,Pending,4076.05,9293
4459,Electronics,1844.61,1844.61,West,High,Pending,4601.36,3699
4460,Toys,57.61,57.61,North,Medium,Completed,172.87,6725
4461,Clothing,158.65,158.65,South,Medium,Cancelled,557.97,7667
4462,Sports,354.15,354.15,North,High,Completed,669.83,9991
4463,Electronics,582.79,582.79,Central,Low,Returned,1679.85,6180
4464,Clothing,67.3,67.3,West,High,Returned,68.24,8337
4465,Furniture,313.2,313.2,Central,Low,Completed,1418.07,9737
4466,Clothing,,52.35,Central,Medium,Returned,174.4,2571
4467,Books,8.01,8.01,East,Medium,Returned,19.36,8195
4468,Furniture,423.94,423.94,South,Medium,Completed,565.69,9201
4469,Beauty,62.23,62.23,South,Low,Cancelled,292.3,6063
4470,Beauty,45.61,45.61,North,Low,Returned,59.42,4612
4471,Clothing,154.1,154.1,North,Medium,Completed,701.77,2351
4472,Toys,125.97,125.97,West,High,Returned,276.94,5300
4473,Clothing,80.3,80.3,East,Medium,Pending,266.46,5682
4474,Books,19.13,19.13,Central,High,Pending,90.19,1729
4475,Toys,91.27,91.27,West,High,Completed,304.14,4151
4476,Beauty,40.75,40.75,East,Low,Pending,86.08,8786
4477,Sports,11.19,11.19,East,Low,Completed,23.57,5427
4478,Electronics,1603.68,1603.68,North,High,Cancelled,2571.31,6787
4479,Books,26.2,26.2,South,Medium,Pending,112.42,5191
4480,Clothing,173.99,173.99,North,High,Cancelled,338.81,6931
4481,Grocery,86.89,86.89,East,Medium,Completed,255.83,9611
4482,Grocery,70.32,70.32,West,High,Pending,171.82,1534
4483,Grocery,66.34,66.34,Central,High,Pending,95.27,8394
4484,Furniture,807.14,807.14,South,Medium,Returned,3750.57,5774
4485,Sports,442.22,442.22,Central,Low,Completed,1432.2,7304
4486,Beauty,97.82,97.82,East,Low,Pending,479.09,4176
4487,Clothing,48.24,48.24,West,High,Returned,121.43,1074
4488,Books,17.65,17.65,West,Low,Pending,70.7,
4489,Clothing,85.4,85.4,South,High,Returned,229.79,
4490,Furniture,976.98,976.98,Central,Low,Pending,1558.8,6224
4491,Clothing,107.3,107.3,West,Medium,Completed,156.83,9810
4492,Electronics,1743.99,1743.99,South,Low,Cancelled,8390.6,6793
4493,Toys,117.36,117.36,South,Low,Returned,362.12,8941
4494,Furniture,854.26,854.26,East,Low,Completed,760.51,7984
4495,Electronics,1025.21,1025.21,South,Low,Returned,2341.08,1620
4496,Grocery,42.22,42.22,South,High,Cancelled,186.78,3159
4497,Grocery,93.44,93.44,North,Low,Pending,415.72,2626
4498,Furniture,1078.32,1078.32,South,High,Completed,3260.13,
4499,Books,52.65,52.65,Central,Medium,Completed,129.4,9576
4500,Clothing,17.06,17.06,West,Low,Cancelled,26.83,9699
4501,Sports,215.02,215.02,Central,High,Returned,670.83,3686
4502,Clothing,65.27,65.27,South,Medium,Pending,67.0,8428
4503,Clothing,185.47,185.47,Central,High,Pending,630.66,3540
4504,Electronics,1831.15,1831.15,West,High,Returned,7587.52,3904
4505,Toys,76.4,76.4,East,Low,Returned,261.25,9677
4506,Grocery,8.18,8.18,South,Low,Completed,37.11,3501
4507,Furniture,601.47,601.47,South,Medium,Cancelled,575.08,5076
4508,Toys,75.95,75.95,East,High,Completed,222.12,6100
4509,Books,38.01,38.01,North,High,Returned,160.36,3845
4510,Toys,114.26,114.26,West,Low,Pending,320.82,6988
4511,Electronics,596.28,596.28,Central,High,Returned,1380.78,
4512,Beauty,113.41,113.41,Central,Low,Completed,439.27,3372
4513,Clothing,129.73,129.73,South,Medium,Completed,257.85,2802
4514,Books,42.03,42.03,East,High,Completed,42.23,1507
4515,Clothing,178.46,178.46,South,Medium,Pending,148.12,3725
4516,Grocery,81.33,81.33,Central,High,Completed,403.13,3137
4517,Sports,205.32,205.32,South,High,Returned,245.74,3558
4518,Furniture,405.67,405.67,North,Low,Returned,530.83,5834
4519,Books,30.58,30.58,North,Medium,Completed,102.0,6930
4520,Electronics,1130.46,1130.46,North,High,Cancelled,2865.59,4813
4521,Books,13.65,13.65,South,Medium,Cancelled,15.91,4909
4522,Books,15.02,15.02,North,High,Pending,62.88,7166
4523,Beauty,149.17,149.17,West,Medium,Returned,132.93,3746
4524,Furniture,1162.36,1162.36,West,Medium,Completed,4172.91,7016
4525,Beauty,17.39,17.39,South,High,Returned,77.0,9080
4526,Books,13.98,13.98,East,Low,Returned,66.6,9586
4527,Clothing,86.2,86.2,South,High,Returned,420.43,2856
4528,Clothing,22.67,22.67,East,High,Pending,46.01,6107
4529,Books,53.78,53.78,West,High,Completed,249.77,8269
4530,Clothing,185.39,185.39,East,High,Completed,679.65,6262
4531,Toys,136.18,136.18,North,Low,Cancelled,380.96,4146
4532,Toys,6.08,6.08,North,Medium,Returned,27.41,1473
4533,Sports,61.09,61.09,North,High,Completed,221.32,9720
4534,Furniture,2585.55,2585.55,Central,Low,Completed,7010.26,
4535,Furniture,2897.95,2897.95,West,Medium,Returned,5477.18,
4536,Clothing,136.48,136.48,East,Medium,Pending,556.95,8171
4537,Grocery,85.48,85.48,West,Medium,Pending,165.76,5963
4538,Clothing,168.88,168.88,West,Medium,Cancelled,602.44,3367
4539,Toys,136.89,136.89,South,High,Completed,479.9,5814
4540,Grocery,74.75,74.75,West,Low,Cancelled,185.48,6696
4541,Clothing,129.3,129.3,South,High,Cancelled,602.7,6219
4542,Grocery,8.33,8.33,East,Medium,Cancelled,18.03,4827
4543,Clothing,189.85,189.85,East,Low,Cancelled,159.49,
4544,Books,40.51,40.51,North,Low,Pending,113.36,2707
4545,Furniture,1961.4,1961.4,West,Low,Pending,6781.53,1194
4546,Beauty,83.78,83.78,North,Low,Returned,255.46,6263
4547,Beauty,113.42,113.42,Central,Low,Pending,559.44,6287
4548,Toys,97.62,97.62,West,High,Pending,187.76,8680
4549,Furniture,1352.86,1352.86,North,High,Returned,3934.45,6944
4550,Furniture,321.86,321.86,West,Medium,Completed,601.0,
4551,Furniture,1473.93,1473.93,North,Low,Cancelled,5025.79,8334
4552,Toys,98.42,98.42,East,High,Completed,214.13,6804
4553,Electronics,1217.98,1217.98,Central,High,Completed,3688.87,3511
4554,Sports,205.13,205.13,South,Low,Pending,412.25,2554
4555,Clothing,123.4,123.4,North,Low,Returned,190.72,1424
4556,Electronics,817.82,817.82,North,High,Pending,3951.8,8542
4557,Books,38.15,38.15,South,High,Pending,69.2,6395
4558,Sports,248.16,248.16,North,Low,Pending,739.57,8027
4559,Clothing,90.68,90.68,North,Medium,Completed,144.71,9139
4560,Beauty,32.35,32.35,West,High,Returned,143.12,2658
4561,Toys,,109.75,East,High,Completed,290.29,8883
4562,Toys,21.23,21.23,West,High,Cancelled,29.78,6395
4563,Grocery,66.98,66.98,East,High,Completed,296.5,6880
4564,Beauty,76.68,76.68,Central,High,Returned,156.47,9004
4565,Furniture,1434.96,1434.96,South,High,Completed,3692.95,2170
4566,Grocery,59.13,59.13,East,High,Completed,211.14,4921
4567,Furniture,,247.1,East,High,Cancelled,1178.98,3918
4568,Toys,63.73,63.73,Central,Medium,Completed,96.63,3066
4569,Grocery,24.36,24.36,North,Low,Returned,99.84,6271
4570,Beauty,13.59,13.59,Central,Medium,Pending,44.25,5072
4571,Beauty,6.73,6.73,East,Low,Returned,32.49,3776
4572,Clothing,52.79,52.79,West,Low,Pending,73.4,9451
4573,Electronics,1253.68,1253.68,South,Medium,Completed,2963.68,2220
4574,Beauty,127.16,127.16,Central,Low,Pending,390.29,5559
4575,Beauty,133.75,133.75,Central,High,Completed,232.46,2002
4576,Toys,88.36,88.36,East,Medium,Cancelled,185.21,8999
4577,Electronics,80.25,80.25,East,Medium,Pending,352.06,2656
4578,Clothing,,158.02,Central,High,Pending,469.86,3232
4579,Toys,76.36,76.36,Central,High,Cancelled,226.4,4591
4580,Beauty,15.17,15.17,East,High,Cancelled,68.48,4847
4581,Furniture,2256.16,2256.16,North,Medium,Returned,5747.77,1997
4582,Sports,114.45,114.45,North,High,Completed,437.0,2709
4583,Books,23.53,23.53,Central,High,Returned,39.14,4118
4584,Toys,104.35,104.35,West,Low,Completed,509.71,
4585,Furniture,1508.37,1508.37,South,High,Returned,1824.52,3246
4586,Electronics,1797.5,1797.5,East,Low,Pending,1778.36,2581
4587,Sports,99.43,99.43,East,High,Cancelled,259.78,8834
4588,Furniture,527.55,527.55,East,High,Returned,2515.94,1394
4589,Books,44.41,44.41,West,Low,Completed,59.66,3603
4590,Electronics,1261.73,1261.73,Central,High,Pending,2672.17,6256
4591,Electronics,1844.77,1844.77,Central,Low,Returned,5656.71,5309
4592,Toys,51.67,51.67,West,Low,Completed,220.24,5823
4593,Grocery,5.29,5.29,North,Low,Cancelled,24.32,7060
4594,Books,28.09,28.09,East,High,Pending,28.19,9166
4595,Books,38.08,38.08,South,High,Completed,41.91,2285
4596,Toys,131.6,131.6,Central,High,Returned,453.54,
4597,Clothing,170.15,170.15,East,Medium,Cancelled,357.18,1803
4598,Electronics,128.39,128.39,North,Medium,Returned,240.15,8568
4599,Sports,268.93,268.93,Central,Medium,Cancelled,407.61,5621
4600,Grocery,86.25,86.25,South,Medium,Returned,221.89,4152
4601,Electronics,1408.53,1408.53,North,High,Completed,2136.29,7292
4602,Books,14.73,14.73,North,Low,Completed,34.56,1368
4603,Toys,39.84,39.84,North,Medium,Completed,161.7,8091
4604,Toys,74.75,74.75,West,High,Completed,256.28,4747
4605,Grocery,70.66,70.66,West,Medium,Returned,73.71,7156
4606,Clothing,88.53,88.53,East,Medium,Returned,291.58,9275
4607,Grocery,26.63,26.63,Central,High,Pending,78.18,2442
4608,Furniture,2605.45,2605.45,East,Low,Cancelled,10482.19,3574
4609,Beauty,113.48,113.48,Central,High,Cancelled,527.1,9687
4610,Toys,,7.9,East,Medium,Cancelled,34.55,5179
4611,Sports,124.97,124.97,Central,High,Cancelled,394.09,9243
4612,Beauty,86.22,86.22,West,High,Returned,212.85,8820
4613,Sports,403.37,403.37,West,High,Returned,1222.51,5492
4614,Grocery,36.36,36.36,Central,Medium,Completed,93.75,8313
4615,Toys,69.02,69.02,West,Medium,Returned,273.66,2337
4616,Clothing,124.26,124.26,South,Medium,Cancelled,165.26,4450
4617,Clothing,95.18,95.18,West,High,Cancelled,244.23,6219
4618,Clothing,14.97,14.97,West,Low,Pending,62.06,7810
4619,Beauty,11.73,11.73,East,Medium,Returned,56.97,2818
4620,Toys,9.94,9.94,West,High,Pending,48.42,1299
4621,Clothing,78.4,78.4,East,Low,Cancelled,74.5,9818
4622,Books,30.21,30.21,East,Medium,Pending,86.42,5376
4623,Toys,56.76,56.76,West,Medium,Returned,95.59,5448
4624,Grocery,2.32,2.32,East,High,Cancelled,11.13,8361
4625,Grocery,48.1,48.1,South,Low,Pending,134.4,9315
4626,Beauty,13.73,13.73,Central,Medium,Pending,53.39,7985
4627,Sports,21.2,21.2,West,Low,Completed,87.12,8613
4628,Sports,343.86,343.86,Central,High,Cancelled,558.94,1927
4629,Beauty,92.46,92.46,North,Medium,Cancelled,160.93,8651
4630,Toys,25.24,25.24,West,Medium,Completed,82.36,8017
4631,Books,6.19,6.19,West,High,Cancelled,20.74,2623
4632,Sports,307.15,307.15,Central,Medium,Completed,865.4,4410
4633,Electronics,982.59,982.59,Central,High,Pending,1676.48,6044
4634,Electronics,325.77,325.77,West,Medium,Pending,503.96,3876
4635,Toys,95.41,95.41,North,High,Returned,345.91,2930
4636,Clothing,132.52,132.52,East,Medium,Cancelled,127.96,2752
4637,Grocery,56.22,56.22,North,Medium,Returned,260.99,2571
4638,Clothing,,134.17,South,High,Completed,666.78,7304
4639,Sports,343.19,343.19,East,High,Pending,1101.85,4094
4640,Furniture,2190.93,2190.93,East,High,Cancelled,5294.62,8853
4641,Furniture,988.82,988.82,East,High,Pending,831.46,3937
4642,Beauty,73.86,73.86,North,Medium,Pending,311.61,6861
4643,Electronics,1900.14,1900.14,South,High,Returned,5059.62,5553
4644,Toys,102.96,102.96,South,Low,Returned,144.46,8559
4645,Beauty,90.43,90.43,Central,Low,Cancelled,399.21,3809
4646,Sports,226.8,226.8,West,Medium,Returned,932.49,2367
4647,Electronics,624.4,624.4,South,Low,Returned,2771.11,7240
4648,Books,15.05,15.05,North,Low,Cancelled,42.76,9417
4649,Electronics,324.41,324.41,East,High,Completed,886.55,2131
4650,Grocery,60.32,60.32,South,Low,Pending,163.88,3949
4651,Sports,188.56,188.56,North,Medium,Returned,326.68,1490
4652,Clothing,120.66,120.66,North,Low,Completed,111.91,6296
4653,Toys,58.56,58.56,South,High,Pending,164.2,2074
4654,Beauty,44.91,44.91,West,Medium,Returned,215.42,4821
4655,Electronics,410.53,410.53,West,High,Returned,695.81,8881
4656,Electronics,212.68,212.68,North,High,Cancelled,675.44,2257
4657,Grocery,92.1,92.1,East,High,Completed,234.57,7246
4658,Books,19.85,19.85,West,Medium,Completed,30.14,2392
4659,Toys,41.18,41.18,North,Medium,Returned,47.38,1506
4660,Electronics,1915.87,1915.87,North,Medium,Pending,8957.54,6373
4661,Sports,38.48,38.48,West,Medium,Pending,159.89,5489
4662,Beauty,149.52,149.52,West,High,Cancelled,280.8,6444
4663,Sports,83.34,83.34,North,Medium,Pending,129.49,5275
4664,Electronics,804.24,804.24,Central,Medium,Completed,3279.3,6529
4665,Toys,132.57,132.57,South,Medium,Returned,166.95,2591
4666,Sports,37.2,37.2,North,High,Returned,134.62,6801
4667,Beauty,11.1,11.1,West,Low,Returned,48.52,1764
4668,Toys,44.27,44.27,East,Medium,Pending,151.46,3374
4669,Sports,251.91,251.91,Central,Low,Completed,942.12,2061
4670,Books,50.05,50.05,Central,Low,Returned,245.93,7729
4671,Toys,132.28,132.28,West,High,Cancelled,185.26,9272
4672,Clothing,66.01,66.01,North,Medium,Returned,235.64,1173
4673,Electronics,886.89,886.89,East,High,Returned,2050.29,4696
4674,Beauty,61.76,61.76,North,Medium,Cancelled,80.92,2368
4675,Books,7.08,7.08,West,High,Completed,26.12,6699
4676,Clothing,144.97,144.97,North,High,Returned,671.63,3933
4677,Toys,146.22,146.22,West,High,Returned,682.57,1749
4678,Sports,219.66,219.66,North,Low,Pending,912.29,4810
4679,Toys,90.0,90.0,South,High,Pending,113.86,3895
4680,Books,39.22,39.22,South,Medium,Returned,181.54,1891
4681,Clothing,42.41,42.41,East,Low,Cancelled,177.87,7407
4682,Electronics,226.68,226.68,South,Medium,Returned,940.7,4541
4683,Sports,,57.06,Central,Low,Completed,81.29,1630
4684,Clothing,171.48,171.48,South,Low,Completed,666.7,4947
4685,Beauty,14.03,14.03,East,Low,Cancelled,63.37,6210
4686,Clothing,84.37,84.37,North,Medium,Returned,121.24,6688
4687,Sports,462.61,462.61,West,High,Pending,1886.66,7155
4688,Beauty,32.26,32.26,North,Low,Pending,49.9,6891
4689,Electronics,1619.89,1619.89,North,Medium,Cancelled,1420.7,8587
4690,Furniture,2484.83,2484.83,Central,Medium,Completed,10516.65,4278
4691,Toys,134.34,134.34,North,Low,Completed,354.05,5798
4692,Toys,148.88,148.88,South,Low,Pending,716.05,5532
4693,Sports,40.37,40.37,East,Low,Returned,32.52,9134
4694,Electronics,798.44,798.44,South,Medium,Cancelled,2730.7,
4695,Toys,72.78,72.78,North,Low,Cancelled,286.74,1945
4696,Toys,73.13,73.13,Central,Low,Completed,107.59,5307
4697,Books,11.25,11.25,North,Medium,Completed,51.39,9936
4698,Books,55.36,55.36,West,High,Completed,170.3,6037
4699,Electronics,796.48,796.48,Central,Medium,Completed,2123.84,4665
4700,Grocery,3.29,3.29,Central,Medium,Completed,7.05,1918
4701,Clothing,45.82,45.82,West,High,Completed,190.8,8765
4702,Books,5.74,5.74,South,Low,Completed,25.74,2438
4703,Electronics,749.77,749.77,East,High,Pending,669.3,1053
4704,Beauty,42.45,42.45,East,Low,Cancelled,46.04,4487
4705,Furniture,2426.43,2426.43,West,Low,Pending,9936.94,5345
4706,Beauty,37.79,37.79,Central,High,Completed,120.28,7056
4707,Grocery,85.38,85.38,West,High,Cancelled,216.32,1743
4708,Beauty,16.74,16.74,North,High,Returned,27.82,2418
4709,Grocery,65.23,65.23,North,Low,Pending,297.0,5704
4710,Furniture,1348.97,1348.97,West,Medium,Pending,1555.31,6162
4711,Toys,59.06,59.06,North,Medium,Completed,234.32,2783
4712,Toys,60.31,60.31,North,Low,Returned,204.63,7731
4713,Furniture,795.58,795.58,North,High,Pending,662.64,4443
4714,Furniture,2457.52,2457.52,Central,Low,Pending,3035.79,1066
4715,Grocery,33.79,33.79,South,Medium,Completed,63.72,
4716,Toys,40.55,40.55,West,Medium,Returned,120.17,9186
4717,Grocery,40.09,40.09,West,Medium,Returned,155.61,7989
4718,Furniture,,1298.65,South,Medium,Pending,3929.26,9615
4719,Grocery,21.72,21.72,North,Low,Returned,20.07,9880
4720,Grocery,30.87,30.87,West,Medium,Completed,92.59,3270
4721,Clothing,10.6,10.6,West,High,Returned,28.98,3848
4722,Clothing,177.08,177.08,Central,Medium,Completed,151.91,7536
4723,Clothing,176.3,176.3,Central,High,Cancelled,679.29,3815
4724,Toys,59.73,59.73,North,Medium,Completed,217.77,3568
4725,Toys,19.63,19.63,West,Low,Returned,16.4,2020
4726,Furniture,866.77,866.77,Central,Low,Cancelled,3915.31,9695
4727,Beauty,84.89,84.89,East,Low,Pending,136.51,6215
4728,Sports,459.79,459.79,South,Medium,Completed,720.84,9263
4729,Electronics,873.6,873.6,West,Medium,Completed,1873.65,8807
4730,Toys,,37.27,West,Low,Completed,161.6,9585
4731,Grocery,92.39,92.39,East,Low,Pending,244.19,9616
4732,Beauty,8.35,8.35,North,Medium,Cancelled,23.75,2612
4733,Furniture,1932.05,1932.05,North,Medium,Pending,9441.74,8831
4734,Books,26.32,26.32,West,Low,Cancelled,127.78,4217
4735,Clothing,104.39,104.39,West,High,Completed,237.78,8824
4736,Sports,223.0,223.0,East,High,Returned,666.23,7569
4737,Toys,135.05,135.05,East,Medium,Returned,274.97,3275
4738,Clothing,123.98,123.98,Central,Low,Cancelled,537.89,3051
4739,Books,54.66,54.66,East,High,Cancelled,120.43,7584
4740,Beauty,30.31,30.31,Central,High,Returned,44.87,7881
4741,Beauty,94.3,94.3,North,High,Cancelled,467.17,4730
4742,Grocery,44.95,44.95,South,Low,Returned,162.62,4876
4743,Grocery,80.74,80.74,Central,Low,Returned,111.33,5143
4744,Sports,328.1,328.1,South,Low,Returned,1493.66,1989
4745,Furniture,1145.17,1145.17,East,Low,Completed,3607.46,9038
4746,Clothing,144.15,144.15,Central,High,Returned,203.51,6990
4747,Electronics,1312.68,1312.68,North,High,Returned,3324.86,7395
4748,Electronics,1191.67,1191.67,East,Low,Completed,3789.01,1104
4749,Electronics,1214.72,1214.72,East,Low,Cancelled,2547.76,5073
4750,Electronics,156.62,156.62,Central,Medium,Returned,211.0,9043
4751,Toys,130.02,130.02,South,High,Cancelled,202.8,6568
4752,Beauty,104.55,104.55,North,Medium,Pending,152.95,7501
4753,Books,50.15,50.15,Central,High,Completed,197.98,9719
4754,Sports,377.99,377.99,North,Medium,Completed,641.18,1015
4755,Grocery,37.04,37.04,West,Medium,Pending,52.61,7889
4756,Toys,40.55,40.55,East,Low,Returned,90.08,6834
4757,Electronics,1702.37,1702.37,East,Medium,Returned,6166.03,2338
4758,Sports,17.29,17.29,Central,Medium,Pending,65.9,9806
4759,Beauty,54.79,54.79,Central,Medium,Cancelled,173.57,1972
4760,Toys,109.93,109.93,East,High,Pending,440.09,
4761,Clothing,85.88,85.88,South,High,Pending,294.92,9110
4762,Beauty,107.21,107.21,East,High,Pending,435.05,6064
4763,Books,42.35,42.35,West,Low,Cancelled,190.08,8740
4764,Beauty,23.77,23.77,West,Low,Cancelled,110.22,9354
4765,Furniture,2018.34,2018.34,Central,High,Returned,5435.12,2220
4766,Electronics,112.77,112.77,Central,Medium,Cancelled,556.41,3704
4767,Furniture,291.48,291.48,South,High,Pending,848.67,9289
4768,Books,57.82,57.82,North,High,Cancelled,171.5,6609
4769,Books,30.83,30.83,North,Medium,Cancelled,54.26,6746
4770,Sports,181.64,181.64,South,High,Cancelled,301.38,1915
4771,Beauty,105.31,105.31,North,Medium,Pending,115.7,6386
4772,Toys,39.6,39.6,Central,Low,Cancelled,174.2,8742
4773,Furniture,2990.76,2990.76,North,High,Pending,3313.65,2169
4774,Grocery,40.56,40.56,North,Low,Completed,86.85,9122
4775,Furniture,2324.92,2324.92,West,High,Returned,2428.63,8273
4776,Electronics,1262.35,1262.35,North,Low,Returned,5954.63,4560
4777,Grocery,45.49,45.49,East,Low,Pending,61.23,3505
4778,Electronics,1917.67,1917.67,Central,High,Cancelled,7483.87,
4779,Furniture,1378.69,1378.69,West,Medium,Cancelled,2047.28,4126
4780,Sports,419.54,419.54,Central,High,Cancelled,973.41,9934
4781,Furniture,2947.22,2947.22,West,Low,Pending,8884.96,3405
4782,Electronics,246.19,246.19,East,High,Cancelled,820.74,3718
4783,Beauty,139.64,139.64,Central,Low,Returned,673.42,6431
4784,Furniture,659.89,659.89,West,Low,Pending,725.34,5894
4785,Beauty,52.77,52.77,North,Low,Returned,208.32,7217
4786,Books,39.67,39.67,North,High,Completed,60.32,6041
4787,Books,53.83,53.83,West,High,Completed,122.43,6334
4788,Furniture,1586.93,1586.93,West,High,Completed,5362.36,
4789,Furniture,2672.66,2672.66,West,Low,Pending,4053.19,3748
4790,Beauty,46.61,46.61,West,High,Pending,114.66,8794
4791,Books,15.69,15.69,East,High,Cancelled,62.61,9060
4792,Grocery,,86.21,East,Medium,Pending,334.34,5911
4793,Toys,99.85,99.85,North,Low,Returned,356.56,7297
4794,Grocery,64.03,64.03,Central,Medium,Completed,310.97,3311
4795,Beauty,69.78,69.78,East,Medium,Pending,250.94,6429
4796,Electronics,1311.76,1311.76,North,Low,Pending,2975.35,2942
4797,Electronics,1878.51,1878.51,Central,Medium,Returned,2533.05,
4798,Books,36.85,36.85,East,Medium,Returned,176.71,7687
4799,Sports,366.82,366.82,North,High,Cancelled,377.56,5458
4800,Electronics,,1548.97,South,Medium,Cancelled,3465.19,5982
4801,Beauty,58.67,58.67,West,Medium,Returned,264.37,8808
4802,Beauty,146.25,146.25,North,Medium,Completed,383.11,1344
4803,Grocery,25.65,25.65,East,Medium,Pending,33.15,1383
4804,Sports,420.55,420.55,East,High,Returned,724.55,1207
4805,Books,16.21,16.21,East,High,Completed,77.71,2151
4806,Sports,82.98,82.98,Central,Low,Returned,105.22,8847
4807,Clothing,173.14,173.14,West,High,Returned,577.66,8530
4808,Electronics,696.74,696.74,North,High,Returned,2479.74,8688
4809,Beauty,93.27,93.27,North,Low,Cancelled,236.17,
4810,Sports,339.82,339.82,East,Low,Returned,1452.75,3450
4811,Furniture,153.36,153.36,West,Low,Cancelled,581.39,9833
4812,Grocery,27.08,27.08,East,Low,Returned,133.83,9812
4813,Sports,498.15,498.15,East,Low,Pending,2362.73,1585
4814,Beauty,14.4,14.4,West,Medium,Cancelled,12.48,4185
4815,Furniture,1215.47,1215.47,North,High,Cancelled,2921.75,9550
4816,Clothing,62.63,62.63,Central,High,Cancelled,248.0,2950
4817,Furniture,1403.2,1403.2,East,High,Cancelled,5071.8,4549
4818,Clothing,81.0,81.0,South,Medium,Completed,335.7,2027
4819,Books,10.84,10.84,South,Medium,Completed,9.87,1789
4820,Toys,67.67,67.67,Central,Medium,Completed,272.98,9951
4821,Clothing,72.44,72.44,South,Low,Cancelled,334.14,2525
4822,Clothing,128.23,128.23,West,Low,Completed,113.95,7978
4823,Electronics,1298.96,1298.96,Central,High,Cancelled,2721.14,7990
4824,Sports,57.05,57.05,West,Low,Pending,245.78,1032
4825,Sports,445.4,445.4,Central,High,Cancelled,1741.33,6646
4826,Grocery,29.45,29.45,East,Low,Returned,83.49,6280
4827,Beauty,30.61,30.61,North,High,Completed,49.85,9518
4828,Sports,55.26,55.26,Central,Low,Returned,85.54,6080
4829,Toys,96.88,96.88,East,Low,Completed,325.72,6672
4830,Furniture,625.33,625.33,Central,Low,Completed,717.6,7611
4831,Furniture,715.53,715.53,South,High,Returned,3335.26,8757
4832,Electronics,1086.43,1086.43,South,Medium,Pending,1940.48,6904
4833,Books,19.52,19.52,East,Low,Pending,23.11,1068
4834,Clothing,32.94,32.94,East,Medium,Returned,109.64,7072
4835,Clothing,50.04,50.04,East,Medium,Pending,73.05,8709
4836,Books,5.77,5.77,Central,Medium,Pending,7.46,3733
4837,Books,13.23,13.23,South,High,Cancelled,23.63,2572
4838,Furniture,1749.92,1749.92,West,Low,Returned,3795.16,1106
4839,Beauty,33.61,33.61,North,High,Returned,127.04,6336
4840,Books,44.62,44.62,East,Low,Pending,150.59,8796
4841,Grocery,52.9,52.9,East,Low,Returned,208.62,8402
4842,Electronics,1544.0,1544.0,South,Low,Cancelled,6870.06,4564
4843,Sports,19.54,19.54,East,Low,Pending,83.45,3352
4844,Furniture,2817.53,2817.53,West,Medium,Cancelled,12303.02,7063
4845,Furniture,2565.33,2565.33,West,Low,Completed,12699.57,5927
4846,Clothing,167.59,167.59,West,Medium,Cancelled,666.99,9926
4847,Sports,113.66,113.66,South,Medium,Returned,94.7,
4848,Books,18.65,18.65,Central,Low,Completed,77.43,4653
4849,Sports,402.52,402.52,East,High,Returned,1661.13,5721
4850,Books,11.26,11.26,West,High,Pending,16.25,4367
4851,Toys,116.88,116.88,East,High,Returned,153.41,8332
4852,Clothing,116.21,116.21,West,High,Returned,371.32,4316
4853,Toys,54.28,54.28,West,Low,Pending,161.68,3308
4854,Clothing,82.42,82.42,Central,Low,Returned,71.03,8942
4855,Books,43.56,43.56,North,High,Pending,111.96,1204
4856,Books,25.71,25.71,West,High,Cancelled,88.22,7280
4857,Toys,15.63,15.63,South,Low,Completed,56.97,9428
4858,Sports,383.64,383.64,North,High,Returned,467.17,3857
4859,Furniture,,2141.57,West,Low,Completed,6278.85,9283
4860,Toys,42.86,42.86,South,Medium,Pending,174.62,3847
4861,Sports,430.85,430.85,West,Medium,Returned,729.06,4664
4862,Clothing,145.87,145.87,Central,High,Cancelled,259.4,4943
4863,Electronics,1553.72,1553.72,Central,Medium,Cancelled,7498.14,5283
4864,Grocery,13.49,13.49,North,High,Returned,26.62,2499
4865,Furniture,403.91,403.91,West,Medium,Returned,847.61,
4866,Electronics,305.73,305.73,South,High,Returned,922.35,1277
4867,Toys,30.77,30.77,South,Medium,Cancelled,92.58,2300
4868,Books,38.61,38.61,West,High,Completed,169.87,6637
4869,Grocery,86.82,86.82,West,High,Completed,72.99,2587
4870,Electronics,86.28,86.28,North,Medium,Pending,343.61,7503
4871,Grocery,17.3,17.3,North,High,Pending,61.98,3893
4872,Electronics,1708.61,1708.61,Central,High,Cancelled,1401.94,5542
4873,Sports,311.9,311.9,South,Medium,Completed,1475.23,9043
4874,Grocery,5.56,5.56,East,High,Completed,14.58,4353
4875,Books,17.58,17.58,East,High,Completed,84.56,7901
4876,Grocery,33.89,33.89,East,Low,Cancelled,80.9,5001
4877,Electronics,1763.05,1763.05,North,Low,Cancelled,2154.58,3057
4878,Electronics,1203.78,1203.78,North,Low,Pending,2446.5,
4879,Toys,18.54,18.54,East,Low,Returned,47.14,1817
4880,Furniture,2406.54,2406.54,Central,Medium,Returned,4734.61,2657
4881,Books,,53.05,North,High,Cancelled,65.16,7179
4882,Beauty,57.28,57.28,East,Medium,Pending,201.81,6942
4883,Electronics,1931.92,1931.92,South,Low,Cancelled,7781.5,7064
4884,Books,33.1,33.1,East,Medium,Cancelled,115.85,9224
4885,Clothing,154.93,154.93,North,High,Pending,234.03,6702
4886,Clothing,124.01,124.01,Central,High,Returned,486.78,2836
4887,Beauty,116.02,116.02,East,High,Pending,282.8,8752
4888,Books,49.13,49.13,North,Medium,Pending,175.88,9441
4889,Toys,148.78,148.78,West,Medium,Returned,455.16,9176
4890,Grocery,3.0,3.0,East,Low,Returned,3.41,
4891,Furniture,1212.02,1212.02,South,Medium,Returned,2886.67,5137
4892,Toys,118.85,118.85,West,High,Returned,563.13,2055
4893,Toys,57.68,57.68,North,Low,Completed,58.19,1302
4894,Sports,362.26,362.26,West,High,Cancelled,936.02,3215
4895,Beauty,104.75,104.75,South,Medium,Completed,100.53,1406
4896,Grocery,27.58,27.58,Central,High,Cancelled,104.28,8240
4897,Electronics,344.19,344.19,North,Medium,Cancelled,437.76,8010
4898,Electronics,376.45,376.45,East,Medium,Pending,1345.85,5171
4899,Clothing,95.52,95.52,South,Low,Completed,440.48,2134
4900,Beauty,58.65,58.65,North,Medium,Pending,287.7,1592
4901,Books,47.42,47.42,South,Low,Completed,126.69,4461
4902,Sports,313.03,313.03,North,Low,Pending,1303.98,6799
4903,Sports,476.59,476.59,North,Medium,Cancelled,1154.85,8856
4904,Sports,137.26,137.26,East,Medium,Pending,300.57,
4905,Toys,138.65,138.65,North,Low,Cancelled,255.23,3543
4906,Books,,30.77,Central,Low,Pending,91.13,3363
4907,Books,39.58,39.58,North,Medium,Pending,119.56,6281
4908,Books,12.75,12.75,Central,Medium,Cancelled,54.8,3001
4909,Electronics,1568.96,1568.96,South,Low,Completed,6857.68,1247
4910,Sports,249.6,249.6,Central,High,Completed,437.65,5743
4911,Electronics,253.98,253.98,West,Medium,Returned,835.18,2067
4912,Clothing,149.55,149.55,West,High,Returned,141.63,8946
4913,Toys,145.88,145.88,East,Low,Cancelled,131.71,2906
4914,Toys,40.85,40.85,West,Medium,Pending,127.44,2907
4915,Books,45.98,45.98,West,Medium,Cancelled,152.55,3678
4916,Sports,98.23,98.23,South,Low,Returned,168.7,4741
4917,Beauty,114.63,114.63,Central,High,Completed,248.88,6261
4918,Clothing,185.54,185.54,South,Medium,Pending,164.84,9492
4919,Furniture,535.91,535.91,Central,Medium,Returned,2253.38,8068
4920,Electronics,1868.58,1868.58,North,Low,Completed,5189.65,
4921,Toys,31.98,31.98,South,Medium,Cancelled,123.49,5085
4922,Electronics,181.4,181.4,Central,Medium,Pending,363.96,8889
4923,Clothing,162.91,162.91,South,Medium,Completed,175.06,5701
4924,Beauty,60.35,60.35,North,Medium,Pending,113.0,4751
4925,Books,22.16,22.16,East,Medium,Returned,98.78,4178
4926,Clothing,133.86,133.86,Central,Low,Cancelled,440.17,4791
4927,Beauty,,97.38,Central,Low,Cancelled,169.35,3041
4928,Toys,84.32,84.32,Central,Low,Completed,210.74,1160
4929,Electronics,1785.57,1785.57,East,High,Completed,7060.92,5608
4930,Toys,142.46,142.46,South,Low,Pending,372.59,5297
4931,Sports,26.65,26.65,Central,Medium,Pending,106.85,4303
4932,Clothing,59.76,59.76,North,Low,Completed,95.49,3485
4933,Furniture,1608.28,1608.28,East,Medium,Completed,5676.78,
4934,Furniture,903.83,903.83,North,Medium,Cancelled,2583.46,4029
4935,Beauty,33.65,33.65,West,Low,Completed,55.68,8783
4936,Grocery,89.03,89.03,West,Low,Completed,279.97,4400
4937,Grocery,37.77,37.77,South,High,Pending,44.23,2039
4938,Sports,35.16,35.16,Central,Medium,Completed,163.08,9537
4939,Beauty,63.53,63.53,West,Medium,Completed,176.79,5110
4940,Clothing,10.72,10.72,South,Low,Completed,27.37,3844
4941,Furniture,1388.27,1388.27,Central,Low,Cancelled,6391.55,1948
4942,Grocery,96.62,96.62,West,Low,Completed,188.44,5094
4943,Books,18.48,18.48,Central,Low,Pending,33.64,3856
4944,Electronics,905.41,905.41,Central,Medium,Completed,3993.96,8074
4945,Grocery,24.66,24.66,West,Medium,Completed,26.41,7319
4946,Beauty,10.42,10.42,North,High,Completed,19.51,3596
4947,Electronics,1975.07,1975.07,West,High,Cancelled,6130.02,6402
4948,Sports,101.05,101.05,Central,Low,Returned,379.05,4626
4949,Grocery,80.18,80.18,West,High,Returned,392.22,6436
4950,Clothing,144.12,144.12,Central,Low,Completed,373.55,5780
4951,Clothing,142.63,142.63,East,Low,Pending,688.02,4992
4952,Furniture,1479.32,1479.32,East,Medium,Completed,6813.77,6792
4953,Furniture,1093.7,1093.7,West,Low,Cancelled,3460.47,5531
4954,Books,32.78,32.78,Central,Low,Pending,86.78,3722
4955,Furniture,2299.89,2299.89,West,High,Cancelled,3100.74,1071
4956,Grocery,36.44,36.44,West,Low,Completed,52.94,9471
4957,Grocery,62.55,62.55,Central,Low,Completed,289.93,1055
4958,Furniture,1370.66,1370.66,South,Low,Cancelled,1111.23,9321
4959,Electronics,642.84,642.84,North,Low,Pending,1694.26,9993
4960,Electronics,1049.39,1049.39,East,High,Completed,3149.05,2665
4961,Beauty,,138.1,West,Low,Pending,472.79,2311
4962,Furniture,470.92,470.92,South,Low,Returned,1947.84,3975
4963,Books,54.6,54.6,West,Medium,Returned,127.25,5936
4964,Sports,113.97,113.97,North,High,Returned,411.71,6584
4965,Sports,39.07,39.07,East,Medium,Pending,117.14,5650
4966,Clothing,19.65,19.65,North,Low,Returned,92.32,7685
4967,Clothing,135.4,135.4,North,Medium,Returned,339.13,3695
4968,Toys,47.32,47.32,Central,Medium,Completed,139.27,4770
4969,Sports,434.74,434.74,East,Medium,Cancelled,1894.26,7442
4970,Electronics,799.79,799.79,South,Medium,Completed,1891.85,9599
4971,Grocery,81.66,81.66,Central,Medium,Returned,194.69,2889
4972,Beauty,114.88,114.88,North,Medium,Completed,231.41,
4973,Sports,490.75,490.75,Central,Medium,Cancelled,1080.29,7395
4974,Clothing,182.49,182.49,West,Low,Completed,809.7,4412
4975,Electronics,1221.29,1221.29,East,High,Completed,4498.42,4232
4976,Toys,149.08,149.08,East,Medium,Completed,695.12,6613
4977,Sports,199.81,199.81,Central,Medium,Pending,947.47,4436
4978,Sports,180.74,180.74,South,Medium,Completed,636.0,1861
4979,Toys,19.36,19.36,West,Medium,Returned,96.54,4305
4980,Grocery,72.51,72.51,Central,Medium,Returned,124.44,7908
4981,Beauty,50.47,50.47,Central,High,Pending,46.76,6480
4982,Toys,102.15,102.15,Central,Low,Cancelled,468.77,9656
4983,Grocery,38.95,38.95,West,Low,Cancelled,187.55,7367
4984,Sports,248.58,248.58,Central,Medium,Returned,827.92,
4985,Beauty,80.14,80.14,North,Medium,Completed,245.61,1625
4986,Toys,93.44,93.44,East,Medium,Returned,184.18,8417
4987,Grocery,37.51,37.51,South,Medium,Returned,40.05,5137
4988,Beauty,124.95,124.95,West,Medium,Completed,339.46,5025
4989,Clothing,187.0,187.0,North,High,Returned,578.54,1507
4990,Furniture,1011.02,1011.02,Central,Low,Completed,3679.15,
4991,Books,34.42,34.42,North,Low,Returned,79.32,4530
4992,Grocery,98.54,98.54,West,Low,Returned,365.07,7462
4993,Furniture,366.77,366.77,West,High,Returned,572.69,8203
4994,Sports,44.3,44.3,South,Low,Returned,74.07,4961
4995,Electronics,1879.98,1879.98,West,High,Cancelled,6911.42,7903
4996,Toys,8.95,8.95,West,Medium,Cancelled,28.47,6124
4997,Furniture,1243.03,1243.03,South,Medium,Cancelled,2494.15,8619
4998,Sports,93.49,93.49,North,High,Pending,414.06,5172
4999,Grocery,54.2,54.2,Central,High,Completed,124.25,6264
5000,Electronics,613.23,613.23,Central,Medium,Returned,2032.49,
5001,Clothing,124.21,124.21,South,High,Cancelled,168.77,5462
5002,Clothing,186.29,186.29,East,Low,Cancelled,692.96,7932
5003,Sports,488.27,488.27,South,Medium,Returned,2060.27,4233
5004,Furniture,755.98,755.98,West,Low,Cancelled,3476.7,
5005,Toys,42.19,42.19,West,Medium,Completed,107.14,3871
5006,Books,7.92,7.92,North,High,Pending,8.92,8976
5007,Furniture,2038.26,2038.26,East,High,Pending,3818.99,7053
5008,Books,20.48,20.48,South,Low,Completed,35.34,5594
5009,Sports,232.93,232.93,East,Medium,Completed,260.82,9405
5010,Grocery,71.13,71.13,Central,High,Cancelled,259.95,4473
5011,Books,53.21,53.21,South,Medium,Returned,70.59,7927
5012,Electronics,1018.19,1018.19,North,High,Cancelled,4957.67,6457
5013,Clothing,56.52,56.52,North,Medium,Cancelled,192.02,6198
5014,Electronics,779.89,779.89,South,Low,Cancelled,793.55,6165
5015,Toys,65.56,65.56,South,High,Returned,222.29,8057
5016,Clothing,28.19,28.19,East,Low,Returned,48.42,6377
5017,Furniture,2392.95,2392.95,East,Low,Cancelled,5719.28,5100
5018,Toys,134.35,134.35,Central,High,Cancelled,250.9,
5019,Grocery,78.4,78.4,South,High,Cancelled,370.3,
5020,Beauty,86.23,86.23,East,Low,Pending,279.7,4930
5021,Toys,96.93,96.93,South,High,Pending,435.77,6420
5022,Books,47.29,47.29,East,Low,Returned,200.49,5940
5023,Beauty,58.86,58.86,West,Low,Pending,253.34,4980
5024,Toys,,35.09,East,High,Cancelled,140.35,9695
5025,Grocery,78.95,78.95,North,Low,Cancelled,223.08,9351
5026,Furniture,1851.6,1851.6,North,Low,Completed,5842.89,6920
5027,Toys,63.61,63.61,North,Medium,Cancelled,142.12,6232
5028,Sports,,323.76,South,High,Returned,394.18,9316
5029,Beauty,56.72,56.72,East,High,Completed,203.68,
5030,Books,53.73,53.73,South,High,Cancelled,133.34,1769
5031,Beauty,147.23,147.23,North,Low,Returned,628.48,5118
5032,Beauty,149.36,149.36,South,High,Pending,306.35,5405
5033,Electronics,1380.03,1380.03,North,Low,Returned,1571.81,1006
5034,Clothing,22.84,22.84,South,Medium,Returned,105.55,2179
5035,Sports,313.01,313.01,South,Medium,Completed,1537.18,7427
5036,Sports,334.52,334.52,North,High,Returned,1243.21,3997
5037,Beauty,54.54,54.54,North,Low,Pending,68.0,4158
5038,Electronics,1320.27,1320.27,West,High,Pending,2045.88,1765
5039,Electronics,1686.29,1686.29,North,Low,Returned,7555.21,5387
5040,Furniture,2853.26,2853.26,North,Medium,Pending,8948.17,2579
5041,Sports,250.46,250.46,East,Medium,Cancelled,1237.04,1624
5042,Sports,33.64,33.64,West,Medium,Pending,96.35,9710
5043,Grocery,9.1,9.1,North,High,Completed,24.83,1416
5044,Toys,73.28,73.28,Central,Low,Completed,282.2,8472
5045,Electronics,1482.96,1482.96,East,Medium,Returned,5796.65,7068
5046,Beauty,114.67,114.67,North,High,Pending,283.64,6246
5047,Toys,116.39,116.39,North,High,Pending,455.97,9671
5048,Toys,83.29,83.29,East,High,Pending,336.31,5735
5049,Books,51.17,51.17,South,High,Cancelled,172.44,1426
5050,Beauty,,128.06,South,Medium,Returned,290.43,6688
5051,Furniture,2456.07,2456.07,West,Medium,Completed,11748.87,3285
5052,Books,9.44,9.44,South,Low,Pending,9.64,6717
5053,Grocery,10.79,10.79,South,Medium,Pending,39.68,9914
5054,Electronics,1576.4,1576.4,East,Low,Completed,4805.05,8032
5055,Clothing,30.39,30.39,Central,High,Cancelled,63.18,1984
5056,Sports,490.97,490.97,West,Medium,Pending,584.05,2753
5057,Sports,,263.1,Central,High,Returned,1314.66,4817
5058,Books,12.08,12.08,West,Medium,Pending,51.68,2190
5059,Electronics,,931.4,West,Low,Returned,2802.69,7867
5060,Toys,19.62,19.62,South,Medium,Cancelled,50.94,4136
5061,Beauty,47.31,47.31,South,Medium,Returned,126.12,9049
5062,Beauty,122.63,122.63,Central,Medium,Completed,297.96,1557
5063,Furniture,2202.92,2202.92,South,Low,Returned,8605.3,
5064,Toys,,103.07,Central,Medium,Completed,376.34,2256
5065,Books,40.43,40.43,Central,Low,Returned,156.03,4645
5066,Grocery,23.91,23.91,West,Medium,Pending,52.95,2233
5067,Clothing,78.67,78.67,Central,Low,Cancelled,289.83,4767
5068,Furniture,2432.62,2432.62,East,High,Returned,3230.42,1283
5069,Sports,100.74,100.74,Central,High,Cancelled,385.08,7514
5070,Electronics,1340.2,1340.2,South,High,Completed,3049.9,9552
5071,Furniture,862.87,862.87,Central,High,Returned,1595.14,2003
5072,Beauty,69.22,69.22,South,Medium,Returned,97.52,5269
5073,Clothing,143.73,143.73,South,High,Returned,564.83,7669
5074,Toys,77.47,77.47,South,High,Returned,233.86,9560
5075,Beauty,8.51,8.51,South,Low,Cancelled,10.53,1663
5076,Toys,55.53,55.53,South,Medium,Pending,146.6,4657
5077,Clothing,173.69,173.69,Central,High,Pending,628.01,8617
5078,Sports,491.57,491.57,North,Medium,Completed,1679.24,5133
5079,Toys,138.4,138.4,East,Low,Pending,604.68,7568
5080,Sports,262.86,262.86,North,Medium,Pending,283.74,8559
5081,Clothing,57.03,57.03,South,Low,Cancelled,124.12,1477
5082,Books,,5.39,West,Medium,Cancelled,20.37,8941
5083,Sports,215.56,215.56,Central,Medium,Completed,376.92,2948
5084,Grocery,46.7,46.7,Central,High,Pending,106.04,3891
5085,Grocery,92.18,92.18,East,Low,Completed,223.54,
5086,Furniture,2651.88,2651.88,East,High,Returned,6843.05,6102
5087,Sports,62.25,62.25,North,Low,Completed,58.32,8577
5088,Furniture,1747.7,1747.7,North,Low,Pending,7478.27,4855
5089,Books,33.59,33.59,North,Low,Completed,45.87,3219
5090,Beauty,147.05,147.05,East,Medium,Cancelled,237.85,1073
5091,Clothing,139.42,139.42,West,Low,Cancelled,119.74,4150
5092,Electronics,1597.0,1597.0,Central,Low,Pending,2394.88,7592
5093,Toys,125.08,125.08,West,Medium,Cancelled,117.37,5015
5094,Beauty,66.01,66.01,West,Low,Cancelled,206.7,9596
5095,Electronics,1861.16,1861.16,West,Medium,Returned,2883.61,1219
5096,Electronics,761.86,761.86,North,Low,Completed,631.65,1007
5097,Books,56.03,56.03,South,Low,Returned,248.44,3625
5098,Grocery,7.01,7.01,South,High,Returned,7.68,9886
5099,Clothing,180.93,180.93,South,High,Pending,808.22,7200
5100,Sports,91.99,91.99,North,Medium,Completed,450.5,1974
5101,Beauty,5.38,5.38,South,Medium,Pending,18.31,6050
5102,Grocery,66.9,66.9,East,Low,Pending,139.6,7397
5103,Furniture,1722.39,1722.39,Central,Medium,Cancelled,5832.38,2449
5104,Electronics,1238.28,1238.28,South,High,Cancelled,2879.77,6708
5105,Beauty,127.56,127.56,Central,Low,Pending,242.71,9448
5106,Clothing,178.62,178.62,Central,High,Cancelled,383.85,8999
5107,Books,16.44,16.44,South,Low,Returned,19.11,1935
5108,Toys,14.35,14.35,East,Low,Pending,50.78,9323
5109,Clothing,62.22,62.22,Central,High,Completed,196.75,2982
5110,Beauty,95.82,95.82,East,Low,Cancelled,292.38,5218
5111,Electronics,1691.25,1691.25,South,Medium,Pending,5278.45,7518
5112,Books,45.43,45.43,West,Low,Pending,224.72,1368
5113,Books,,30.13,Central,Medium,Cancelled,133.45,6272
5114,Beauty,51.62,51.62,Central,High,Cancelled,115.84,7121
5115,Sports,255.11,255.11,Central,Medium,Returned,1080.49,1023
5116,Clothing,74.5,74.5,North,High,Pending,178.56,4067
5117,Toys,95.0,95.0,East,Medium,Completed,77.86,6651
5118,Clothing,118.71,118.71,West,High,Cancelled,441.19,1829
5119,Books,49.49,49.49,West,High,Cancelled,150.31,8505
5120,Sports,128.98,128.98,North,Low,Pending,283.74,9791
5121,Electronics,1892.21,1892.21,North,High,Returned,3499.36,6036
5122,Clothing,105.93,105.93,South,High,Pending,154.54,
5123,Beauty,131.97,131.97,South,Medium,Pending,621.47,7195
5124,Books,57.67,57.67,East,Medium,Pending,126.52,6304
5125,Sports,439.63,439.63,West,Medium,Cancelled,2171.86,9603
5126,Grocery,66.47,66.47,Central,Medium,Completed,115.76,3879
5127,Books,24.38,24.38,East,Medium,Pending,43.94,9351
5128,Books,12.49,12.49,Central,Medium,Cancelled,33.87,2937
5129,Toys,58.92,58.92,West,High,Pending,166.51,6486
5130,Clothing,172.02,172.02,Central,Medium,Completed,280.54,6963
5131,Books,22.91,22.91,South,Low,Completed,82.33,3486
5132,Toys,16.1,16.1,West,Medium,Completed,18.36,
5133,Clothing,145.63,145.63,West,Medium,Pending,348.33,9937
5134,Electronics,1738.83,1738.83,Central,High,Returned,2116.71,7809
5135,Toys,73.2,73.2,South,Low,Cancelled,296.99,9466
5136,Furniture,2174.45,2174.45,West,Low,Completed,8138.02,8872
5137,Beauty,60.55,60.55,East,Low,Completed,185.68,7787
5138,Books,13.94,13.94,West,Low,Completed,48.63,
5139,Books,15.65,15.65,West,High,Cancelled,33.46,5901
5140,Electronics,322.89,322.89,Central,Medium,Cancelled,1100.71,8238
5141,Sports,290.88,290.88,North,Low,Pending,740.64,1569
5142,Beauty,80.17,80.17,South,High,Pending,181.5,2787
5143,Grocery,74.18,74.18,East,Medium,Pending,122.22,9459
5144,Electronics,1931.01,1931.01,East,Medium,Returned,2173.84,7278
5145,Grocery,81.47,81.47,South,Medium,Completed,376.69,3057
5146,Sports,108.57,108.57,North,High,Pending,132.29,1545
5147,Grocery,53.42,53.42,West,High,Returned,129.76,5485
5148,Furniture,702.12,702.12,North,High,Returned,3423.6,7007
5149,Sports,146.09,146.09,South,Low,Returned,140.02,3469
5150,Clothing,78.4,78.4,North,Medium,Pending,374.58,2561
5151,Beauty,23.95,23.95,West,Low,Cancelled,23.54,6111
5152,Books,14.32,14.32,South,Low,Pending,31.53,3519
5153,Grocery,27.13,27.13,East,High,Completed,108.74,2899
5154,Furniture,,1877.14,East,Low,Pending,5232.97,3705
5155,Furniture,877.08,877.08,North,Medium,Returned,2773.43,4694
5156,Furniture,1069.96,1069.96,West,High,Cancelled,3507.63,3520
5157,Toys,133.03,133.03,West,Medium,Returned,430.4,
5158,Books,44.41,44.41,South,High,Completed,121.49,3060
5159,Sports,,318.54,East,High,Cancelled,591.8,7066
5160,Electronics,250.05,250.05,North,Medium,Returned,913.56,6295
5161,Electronics,1308.78,1308.78,West,Low,Returned,5803.72,3180
5162,Grocery,21.79,21.79,North,Medium,Pending,19.09,2049
5163,Clothing,174.81,174.81,Central,Medium,Completed,682.41,4967
5164,Books,37.55,37.55,North,Medium,Pending,161.47,3522
5165,Sports,63.32,63.32,South,High,Returned,231.32,2976
5166,Toys,5.29,5.29,East,Medium,Cancelled,7.26,3559
5167,Grocery,,30.15,South,Low,Pending,122.13,1446
5168,Clothing,46.23,46.23,Central,High,Pending,88.39,2005
5169,Beauty,87.24,87.24,South,Medium,Pending,347.87,7236
5170,Clothing,130.88,130.88,West,High,Cancelled,596.28,5502
5171,Sports,370.27,370.27,East,High,Returned,1009.05,4531
5172,Sports,43.87,43.87,Central,High,Completed,153.38,
5173,Electronics,814.62,814.62,South,Medium,Completed,1092.58,2998
5174,Books,28.27,28.27,South,Medium,Completed,80.78,4240
5175,Sports,101.64,101.64,East,Low,Returned,383.42,4202
5176,Grocery,69.74,69.74,Central,High,Completed,137.62,3621
5177,Grocery,20.24,20.24,Central,High,Pending,60.57,4225
5178,Books,14.71,14.71,East,Low,Completed,35.54,1449
5179,Toys,138.31,138.31,North,Low,Completed,690.78,3814
5180,Toys,54.07,54.07,Central,High,Cancelled,227.42,1430
5181,Furniture,1768.32,1768.32,East,High,Cancelled,4496.71,4099
5182,Furniture,1963.9,1963.9,North,Medium,Pending,8657.04,4838
5183,Furniture,2175.47,2175.47,Central,Medium,Completed,8422.84,1354
5184,Books,18.33,18.33,East,Medium,Returned,42.49,9335
5185,Grocery,35.85,35.85,South,High,Pending,140.26,1229
5186,Electronics,990.01,990.01,North,Low,Returned,3299.33,5882
5187,Sports,343.82,343.82,East,High,Completed,663.33,7008
5188,Sports,436.03,436.03,West,Low,Pending,1565.87,1011
5189,Grocery,34.63,34.63,East,Low,Cancelled,157.49,2811
5190,Electronics,1789.71,1789.71,East,Low,Returned,2769.3,2174
5191,Grocery,43.44,43.44,West,Low,Completed,178.15,5346
5192,Electronics,1490.99,1490.99,East,Medium,Completed,2748.03,5368
5193,Grocery,84.45,84.45,East,High,Pending,75.88,4685
5194,Grocery,97.88,97.88,East,High,Cancelled,435.33,4403
5195,Beauty,15.32,15.32,East,High,Completed,15.02,7738
5196,Furniture,1986.58,1986.58,East,High,Completed,7825.63,6954
5197,Grocery,74.29,74.29,East,Low,Returned,147.34,2011
5198,Sports,224.78,224.78,West,Medium,Cancelled,334.02,4813
5199,Electronics,960.03,960.03,North,Medium,Completed,3729.79,1600
5200,Clothing,35.69,35.69,East,Low,Completed,84.3,5871
5201,Grocery,12.27,12.27,West,Medium,Completed,11.13,2139
5202,Electronics,1332.89,1332.89,North,Medium,Pending,4977.35,5807
5203,Grocery,99.92,99.92,Central,High,Completed,379.13,1927
5204,Toys,17.41,17.41,West,High,Cancelled,64.02,1478
5205,Books,,25.38,North,Medium,Returned,78.89,
5206,Sports,17.56,17.56,East,Low,Completed,33.76,4734
5207,Books,56.55,56.55,North,Low,Cancelled,73.85,8501
5208,Beauty,12.5,12.5,East,High,Returned,16.03,3001
5209,Clothing,25.06,25.06,South,Low,Returned,109.1,7058
5210,Furniture,863.41,863.41,North,Low,Returned,4184.64,
5211,Toys,143.3,143.3,South,Medium,Cancelled,244.31,1590
5212,Beauty,34.01,34.01,South,High,Completed,89.87,1521
5213,Toys,51.53,51.53,South,Medium,Completed,160.0,1564
5214,Sports,340.38,340.38,South,High,Returned,328.02,4892
5215,Clothing,168.3,168.3,North,Low,Cancelled,680.75,
5216,Clothing,41.3,41.3,Central,Medium,Completed,205.45,4026
5217,Beauty,129.35,129.35,North,Medium,Cancelled,441.73,5336
5218,Furniture,963.77,963.77,North,High,Returned,2496.9,8851
5219,Furniture,1644.38,1644.38,Central,Medium,Returned,7491.45,2360
5220,Electronics,701.84,701.84,South,Low,Pending,2621.46,5441
5221,Furniture,155.77,155.77,West,Medium,Pending,558.52,9316
5222,Clothing,,12.2,South,Medium,Completed,35.55,6873
5223,Clothing,146.01,146.01,South,High,Completed,725.98,3923
5224,Electronics,1145.76,1145.76,West,Medium,Completed,4904.13,3686
5225,Electronics,210.57,210.57,South,Low,Cancelled,817.16,7248
5226,Sports,38.39,38.39,West,Low,Returned,155.81,1326
5227,Toys,5.24,5.24,North,Low,Pending,18.68,8823
5228,Sports,450.11,450.11,West,High,Returned,792.11,4580
5229,Books,7.42,7.42,West,Low,Returned,19.28,6576
5230,Books,6.09,6.09,North,Medium,Completed,22.23,4573
5231,Electronics,861.37,861.37,East,High,Completed,1960.68,7074
5232,Sports,464.78,464.78,North,Low,Cancelled,1884.36,5280
5233,Furniture,1311.56,1311.56,East,High,Pending,4333.59,1693
5234,Beauty,62.84,62.84,Central,High,Cancelled,211.61,7767
5235,Beauty,80.67,80.67,South,High,Completed,216.97,2533
5236,Clothing,155.7,155.7,East,Medium,Completed,758.26,1665
5237,Toys,32.3,32.3,South,Low,Completed,70.93,3167
5238,Grocery,62.84,62.84,Central,High,Returned,59.71,1964
5239,Furniture,1331.05,1331.05,West,Medium,Cancelled,5998.32,7016
5240,Furniture,2338.86,2338.86,North,Medium,Pending,4412.46,9090
5241,Toys,34.28,34.28,West,High,Completed,52.01,1733
5242,Electronics,454.6,454.6,North,High,Completed,839.25,1090
5243,Grocery,85.01,85.01,North,Medium,Completed,281.26,8602
5244,Books,31.9,31.9,East,High,Returned,78.92,9170
5245,Sports,137.76,137.76,Central,High,Cancelled,239.46,7531
5246,Clothing,92.49,92.49,South,Low,Pending,456.7,8273
5247,Grocery,,44.29,East,Low,Completed,66.94,3950
5248,Toys,128.46,128.46,East,Low,Pending,589.88,6194
5249,Sports,275.06,275.06,East,Low,Pending,1201.79,8369
5250,Toys,56.08,56.08,North,Low,Completed,86.37,8223
5251,Sports,51.29,51.29,East,Medium,Pending,198.7,8228
5252,Furniture,1195.45,1195.45,North,Low,Completed,3527.51,4649
5253,Beauty,92.41,92.41,South,High,Pending,327.73,1262
5254,Electronics,358.97,358.97,South,Low,Returned,1097.13,3573
5255,Furniture,956.67,956.67,North,Medium,Completed,3937.53,3615
5256,Clothing,153.54,153.54,West,Low,Completed,652.01,7699
5257,Electronics,222.82,222.82,West,Medium,Returned,648.08,6086
5258,Grocery,74.03,74.03,East,Low,Pending,294.12,6400
5259,Toys,106.85,106.85,East,Low,Cancelled,366.41,
5260,Furniture,2655.69,2655.69,South,Low,Pending,10450.97,7390
5261,Electronics,1070.19,1070.19,East,Low,Returned,5334.91,7626
5262,Books,59.35,59.35,Central,Low,Pending,263.29,4299
5263,Electronics,984.78,984.78,Central,High,Completed,4079.85,9129
5264,Sports,472.47,472.47,North,Low,Pending,2187.78,5540
5265,Books,8.87,8.87,South,Low,Cancelled,20.03,9322
5266,Furniture,677.97,677.97,Central,High,Cancelled,2394.96,6039
5267,Grocery,,88.59,East,High,Pending,87.92,6825
5268,Electronics,1318.21,1318.21,West,Low,Returned,3530.69,6473
5269,Electronics,117.4,117.4,East,Medium,Returned,445.48,7430
5270,Beauty,35.3,35.3,North,Medium,Pending,172.36,2385
5271,Books,47.05,47.05,West,Low,Pending,67.25,7811
5272,Clothing,131.84,131.84,South,Low,Cancelled,466.83,9940
5273,Books,9.14,9.14,West,Low,Cancelled,35.89,1985
5274,Sports,43.47,43.47,West,High,Completed,124.71,2408
5275,Sports,160.22,160.22,North,High,Pending,348.49,4313
5276,Books,56.0,56.0,West,High,Returned,167.17,8763
5277,Beauty,74.39,74.39,North,High,Pending,152.51,2989
5278,Toys,54.96,54.96,West,Medium,Completed,223.91,3676
5279,Sports,411.04,411.04,West,Medium,Pending,1312.98,7167
5280,Beauty,57.48,57.48,East,Medium,Cancelled,208.75,4839
5281,Toys,89.7,89.7,Central,High,Returned,207.86,4880
5282,Sports,331.78,331.78,South,High,Completed,1458.29,1550
5283,Books,19.14,19.14,West,Medium,Pending,64.38,1183
5284,Clothing,189.52,189.52,West,Medium,Pending,816.12,4932
5285,Books,54.76,54.76,Central,Medium,Completed,239.6,9482
5286,Furniture,887.12,887.12,East,High,Completed,1199.48,8637
5287,Furniture,1692.43,1692.43,South,Medium,Completed,2461.67,5252
5288,Electronics,638.01,638.01,Central,Medium,Completed,1955.44,4266
5289,Toys,141.02,141.02,South,Medium,Returned,589.73,6750
5290,Beauty,84.73,84.73,Central,High,Cancelled,384.24,7613
5291,Grocery,8.37,8.37,West,Medium,Completed,14.94,9114
5292,Furniture,,282.86,South,High,Completed,698.88,2970
5293,Sports,93.11,93.11,West,Low,Returned,262.01,3822
5294,Clothing,105.42,105.42,West,Low,Pending,140.11,7940
5295,Beauty,11.15,11.15,North,Medium,Returned,13.23,6886
5296,Beauty,93.4,93.4,Central,Medium,Pending,150.15,3479
5297,Electronics,,1963.12,Central,High,Cancelled,7824.12,8233
5298,Furniture,828.29,828.29,East,Medium,Completed,4016.46,6155
5299,Grocery,86.03,86.03,Central,High,Cancelled,99.26,1031
5300,Beauty,124.31,124.31,West,Low,Returned,608.57,2916
5301,Furniture,381.85,381.85,East,Medium,Pending,1193.23,5849
5302,Grocery,36.18,36.18,South,Medium,Pending,65.88,3864
5303,Clothing,16.28,16.28,East,Low,Returned,43.87,2130
5304,Toys,89.0,89.0,East,Low,Returned,247.34,8865
5305,Electronics,752.73,752.73,South,Medium,Pending,1192.15,5354
5306,Furniture,1056.28,1056.28,South,Medium,Returned,3578.18,4775
5307,Sports,255.27,255.27,East,Low,Cancelled,975.46,9319
5308,Clothing,15.77,15.77,South,High,Returned,69.54,3287
5309,Electronics,785.16,785.16,North,Medium,Pending,3489.02,3405
5310,Grocery,76.12,76.12,South,Medium,Returned,144.86,6590
5311,Electronics,890.19,890.19,Central,High,Completed,2865.14,9235
5312,Beauty,24.49,24.49,South,High,Pending,72.21,9278
5313,Furniture,1803.82,1803.82,Central,High,Completed,4239.23,
5314,Books,39.19,39.19,West,Medium,Completed,102.88,1997
5315,Sports,261.3,261.3,North,Medium,Completed,215.77,5425
5316,Sports,265.2,265.2,South,High,Cancelled,447.43,1015
5317,Books,32.15,32.15,North,Low,Completed,41.89,5359
5318,Books,39.07,39.07,Central,High,Completed,155.73,2765
5319,Sports,422.8,422.8,Central,Low,Completed,1407.72,7214
5320,Toys,14.54,14.54,East,Low,Pending,12.74,7039
5321,Toys,83.59,83.59,West,High,Completed,379.28,7890
5322,Electronics,259.46,259.46,South,Low,Returned,227.23,4444
5323,Toys,57.77,57.77,South,Low,Cancelled,263.34,3066
5324,Electronics,55.82,55.82,North,High,Cancelled,90.71,1474
5325,Books,17.12,17.12,East,Medium,Pending,80.36,9958
5326,Electronics,1735.1,1735.1,Central,Medium,Completed,3317.27,6414
5327,Books,24.6,24.6,West,Low,Pending,36.52,6455
5328,Beauty,114.72,114.72,East,High,Completed,531.04,7055
5329,Furniture,1743.74,1743.74,South,Low,Completed,6474.8,7559
5330,Beauty,,68.89,East,High,Completed,339.33,6443
5331,Sports,270.02,270.02,East,Low,Pending,903.39,1229
5332,Electronics,1993.4,1993.4,Central,Low,Pending,4328.79,9844
5333,Books,31.62,31.62,Central,Low,Completed,50.76,
5334,Beauty,73.37,73.37,South,High,Cancelled,356.73,7709
5335,Toys,80.31,80.31,North,Medium,Cancelled,239.81,2272
5336,Furniture,,843.4,Central,Medium,Completed,3948.5,
5337,Electronics,1500.07,1500.07,South,Low,Returned,1672.36,1038
5338,Electronics,1938.27,1938.27,East,Medium,Completed,7442.34,3214
5339,Furniture,2029.78,2029.78,North,High,Cancelled,7407.1,6354
5340,Furniture,2129.18,2129.18,East,Medium,Returned,2403.7,3545
5341,Beauty,13.88,13.88,North,Low,Pending,49.66,3386
5342,Toys,20.64,20.64,North,High,Completed,93.22,4836
5343,Grocery,26.55,26.55,Central,Medium,Cancelled,124.73,7739
5344,Clothing,35.03,35.03,West,Low,Cancelled,103.98,1988
5345,Electronics,200.18,200.18,South,High,Completed,263.19,7251
5346,Books,59.0,59.0,West,Low,Returned,271.63,9984
5347,Furniture,1225.87,1225.87,East,High,Cancelled,2430.3,3870
5348,Electronics,1512.44,1512.44,Central,Low,Completed,3203.17,1223
5349,Books,45.16,45.16,Central,Low,Cancelled,66.82,8143
5350,Furniture,1252.03,1252.03,West,Medium,Pending,1452.72,9035
5351,Grocery,47.75,47.75,North,High,Cancelled,155.12,6731
5352,Beauty,136.25,136.25,North,Medium,Cancelled,301.36,6853
5353,Books,14.21,14.21,South,Low,Cancelled,19.76,4248
5354,Grocery,56.07,56.07,Central,Medium,Pending,178.27,3655
5355,Electronics,1787.69,1787.69,West,High,Returned,3790.45,4997
5356,Toys,26.11,26.11,East,Medium,Completed,129.18,5767
5357,Books,57.73,57.73,South,Low,Cancelled,101.26,3269
5358,Toys,128.23,128.23,North,High,Completed,216.19,5953
5359,Toys,31.81,31.81,West,Low,Returned,92.54,1455
5360,Books,23.47,23.47,South,Low,Pending,106.66,1385
5361,Grocery,43.89,43.89,Central,Medium,Returned,149.95,9489
5362,Beauty,105.9,105.9,Central,Medium,Cancelled,119.35,1252
5363,Beauty,105.19,105.19,Central,Low,Returned,283.71,7600
5364,Furniture,731.52,731.52,North,High,Returned,932.96,5631
5365,Beauty,50.56,50.56,East,Low,Pending,67.66,3359
5366,Beauty,123.11,123.11,East,High,Pending,592.91,4660
5367,Furniture,1981.94,1981.94,South,Low,Completed,8313.1,2830
5368,Sports,448.54,448.54,West,Medium,Returned,937.94,7771
5369,Beauty,10.75,10.75,Central,Low,Cancelled,49.12,2928
5370,Books,32.17,32.17,South,High,Completed,149.16,6275
5371,Books,56.47,56.47,North,High,Returned,116.67,3912
5372,Toys,54.14,54.14,East,Low,Returned,211.75,8306
5373,Clothing,164.36,164.36,Central,Medium,Cancelled,728.13,1377
5374,Books,40.54,40.54,North,High,Returned,122.44,5572
5375,Electronics,167.87,167.87,East,Low,Cancelled,254.14,4785
5376,Beauty,93.08,93.08,West,Medium,Completed,186.5,7508
5377,Beauty,21.93,21.93,North,Medium,Completed,66.0,8217
5378,Furniture,957.96,957.96,East,Low,Returned,2529.25,5778
5379,Books,43.51,43.51,South,Low,Pending,152.17,9462
5380,Clothing,70.35,70.35,East,High,Pending,290.04,6765
5381,Books,41.4,41.4,North,Low,Returned,137.64,8801
5382,Beauty,98.08,98.08,East,Medium,Pending,89.5,
5383,Beauty,33.4,33.4,East,High,Pending,92.76,3873
5384,Clothing,131.28,131.28,Central,Medium,Returned,351.93,1856
5385,Books,25.13,25.13,South,Medium,Completed,72.67,9712
5386,Books,28.71,28.71,West,Medium,Pending,114.53,4539
5387,Beauty,49.63,49.63,South,High,Completed,78.23,2193
5388,Electronics,865.86,865.86,West,High,Returned,1281.57,2010
5389,Clothing,147.59,147.59,West,High,Returned,397.89,3789
5390,Books,6.85,6.85,South,High,Cancelled,16.69,4196
5391,Grocery,7.8,7.8,West,Low,Cancelled,7.61,7361
5392,Clothing,137.88,137.88,East,Low,Cancelled,268.13,4562
5393,Sports,132.52,132.52,North,High,Completed,551.5,3795
5394,Electronics,1098.65,1098.65,West,Low,Completed,2251.57,7748
5395,Grocery,26.01,26.01,East,High,Returned,55.22,8745
5396,Grocery,89.28,89.28,East,Low,Returned,204.03,5433
5397,Furniture,884.4,884.4,North,Medium,Completed,4058.29,1741
5398,Beauty,71.32,71.32,Central,Medium,Cancelled,242.14,6447
5399,Furniture,2228.23,2228.23,East,High,Returned,2091.21,7420
5400,Beauty,101.81,101.81,South,Low,Completed,131.94,4385
5401,Electronics,1323.19,1323.19,Central,High,Pending,4001.92,3693
5402,Grocery,22.62,22.62,North,Medium,Cancelled,93.69,7513
5403,Furniture,1924.63,1924.63,Central,Low,Returned,5976.61,5566
5404,Clothing,185.99,185.99,West,High,Returned,714.32,6095
5405,Grocery,47.77,47.77,Central,Low,Returned,49.39,5879
5406,Sports,47.93,47.93,North,Medium,Returned,173.1,3438
5407,Sports,334.38,334.38,East,Medium,Cancelled,383.43,5344
5408,Furniture,1518.92,1518.92,South,Low,Returned,4139.5,6409
5409,Electronics,450.89,450.89,South,High,Returned,1908.88,5492
5410,Sports,337.1,337.1,West,High,Cancelled,1030.39,6853
5411,Clothing,26.16,26.16,West,Medium,Returned,101.36,4049
5412,Sports,247.76,247.76,North,High,Returned,727.54,6695
5413,Grocery,68.79,68.79,Central,High,Returned,227.47,3389
5414,Grocery,88.27,88.27,East,High,Cancelled,96.82,8838
5415,Sports,52.45,52.45,West,High,Pending,189.53,6964
5416,Furniture,,1364.39,Central,Low,Pending,2437.59,1780
5417,Furniture,2225.93,2225.93,West,Low,Pending,5448.93,6761
5418,Grocery,85.49,85.49,West,Medium,Completed,263.04,
5419,Books,27.94,27.94,North,High,Pending,117.59,6973
5420,Electronics,1251.03,1251.03,North,Medium,Returned,5591.66,1584
5421,Furniture,2694.87,2694.87,North,Medium,Pending,9877.51,8737
5422,Toys,70.19,70.19,Central,High,Pending,242.13,9246
5423,Toys,131.74,131.74,South,Medium,Returned,515.63,5036
5424,Furniture,2825.68,2825.68,Central,High,Pending,11185.22,
5425,Beauty,30.21,30.21,North,Low,Cancelled,101.78,7823
5426,Clothing,,136.31,Central,High,Completed,259.49,4786
5427,Sports,364.36,364.36,East,Medium,Cancelled,1560.21,6888
5428,Toys,24.73,24.73,South,Low,Returned,38.42,2669
5429,Books,59.82,59.82,East,High,Completed,146.43,4073
5430,Grocery,57.54,57.54,East,Medium,Completed,66.66,6541
5431,Clothing,90.2,90.2,South,Medium,Cancelled,405.06,7967
5432,Sports,,408.54,East,Medium,Cancelled,1774.74,7653
5433,Sports,374.5,374.5,West,High,Completed,1104.98,3205
5434,Electronics,934.28,934.28,Central,High,Completed,2855.92,6400
5435,Books,52.32,52.32,South,Medium,Cancelled,260.92,7196
5436,Beauty,132.93,132.93,East,Medium,Completed,632.01,7757
5437,Beauty,63.87,63.87,South,High,Returned,124.8,6692
5438,Clothing,171.03,171.03,North,Low,Cancelled,278.41,3540
5439,Toys,93.03,93.03,South,Medium,Pending,121.17,5449
5440,Toys,26.45,26.45,South,Low,Cancelled,35.73,8857
5441,Furniture,2922.53,2922.53,Central,High,Pending,5497.19,8433
5442,Books,10.55,10.55,Central,Medium,Pending,40.73,9292
5443,Furniture,781.94,781.94,North,Medium,Cancelled,1306.26,2434
5444,Furniture,1021.7,1021.7,South,Low,Cancelled,5092.31,8200
5445,Clothing,125.03,125.03,North,Medium,Pending,588.27,6705
5446,Toys,69.7,69.7,East,Medium,Pending,126.93,9288
5447,Grocery,33.72,33.72,West,Low,Pending,124.6,7521
5448,Grocery,57.82,57.82,East,Medium,Completed,88.44,5974
5449,Books,30.35,30.35,West,Low,Completed,120.71,9425
5450,Clothing,91.17,91.17,East,Low,Pending,113.82,5076
5451,Sports,175.97,175.97,Central,Medium,Completed,722.2,5764
5452,Sports,50.05,50.05,North,Medium,Cancelled,90.7,1325
5453,Beauty,114.09,114.09,South,Medium,Returned,128.76,5254
5454,Beauty,5.59,5.59,East,High,Completed,8.56,9661
5455,Toys,129.16,129.16,West,Low,Returned,179.51,8312
5456,Grocery,85.7,85.7,Central,Medium,Pending,289.15,2732
5457,Sports,445.55,445.55,West,Medium,Returned,1648.11,5235
5458,Electronics,1782.87,1782.87,Central,High,Cancelled,4006.08,8422
5459,Books,,22.94,West,High,Returned,29.16,9871
5460,Toys,12.09,12.09,West,High,Returned,33.88,8209
5461,Sports,411.08,411.08,Central,Medium,Completed,774.31,2012
5462,Books,26.58,26.58,North,High,Cancelled,93.42,9566
5463,Grocery,20.6,20.6,South,Low,Returned,58.55,6057
5464,Furniture,2807.08,2807.08,East,Low,Completed,12519.83,8637
5465,Sports,131.14,131.14,West,Low,Pending,182.99,5419
5466,Furniture,1514.44,1514.44,West,Medium,Pending,4408.35,8560
5467,Clothing,193.36,193.36,South,Low,Cancelled,639.49,4199
5468,Toys,139.16,139.16,West,Low,Cancelled,405.06,5319
5469,Sports,125.38,125.38,Central,Low,Returned,470.96,6329
5470,Toys,22.6,22.6,Central,Medium,Pending,26.16,2944
5471,Toys,28.04,28.04,East,Medium,Completed,90.71,7379
5472,Grocery,32.51,32.51,East,Medium,Cancelled,30.51,
5473,Books,13.74,13.74,West,Low,Returned,68.23,4294
5474,Books,18.83,18.83,West,High,Completed,91.36,8234
5475,Beauty,51.47,51.47,North,Low,Completed,126.61,2613
5476,Toys,8.35,8.35,South,Medium,Returned,10.28,5455
5477,Clothing,145.31,145.31,North,Low,Pending,460.21,3351
5478,Books,9.84,9.84,Central,High,Completed,15.28,1733
5479,Clothing,158.78,158.78,West,Medium,Returned,244.72,6692
5480,Books,22.71,22.71,Central,High,Completed,42.25,9102
5481,Books,31.4,31.4,East,Medium,Cancelled,62.51,4799
5482,Furniture,711.14,711.14,Central,Low,Cancelled,3210.17,6613
5483,Clothing,118.44,118.44,East,Low,Pending,488.72,5826
5484,Clothing,49.61,49.61,North,Medium,Cancelled,177.52,1672
5485,Furniture,1161.81,1161.81,South,Medium,Completed,5639.19,4185
5486,Furniture,925.65,925.65,South,Low,Completed,4461.53,8436
5487,Clothing,113.94,113.94,North,Low,Pending,135.19,1276
5488,Sports,335.92,335.92,South,High,Returned,919.58,9536
5489,Clothing,138.28,138.28,North,Low,Completed,200.21,9874
5490,Furniture,2673.24,2673.24,West,High,Pending,11095.4,6830
5491,Beauty,93.18,93.18,East,Medium,Cancelled,180.38,2138
5492,Furniture,1111.17,1111.17,West,Low,Pending,3331.46,7424
5493,Grocery,,32.0,South,High,Cancelled,155.68,4694
5494,Clothing,100.23,100.23,North,Medium,Cancelled,84.4,
5495,Electronics,1327.05,1327.05,East,Medium,Pending,3966.56,4957
5496,Books,17.96,17.96,North,High,Returned,78.5,4607
5497,Furniture,2767.06,2767.06,West,Medium,Pending,13231.39,1859
5498,Grocery,69.84,69.84,West,Low,Pending,124.94,9975
5499,Books,44.85,44.85,North,High,Completed,163.99,6966
5500,Toys,48.9,48.9,East,Medium,Pending,39.92,7003
5501,Clothing,161.72,161.72,Central,Medium,Completed,790.61,3786
5502,Clothing,147.29,147.29,East,Low,Completed,200.69,9677
5503,Furniture,,1765.1,South,High,Completed,6535.77,1855
5504,Furniture,1955.72,1955.72,North,High,Pending,9031.95,8436
5505,Grocery,60.35,60.35,West,Medium,Cancelled,272.51,8066
5506,Furniture,1443.59,1443.59,West,Low,Returned,5824.2,4466
5507,Furniture,2135.65,2135.65,South,Medium,Completed,5897.02,9725
5508,Grocery,13.57,13.57,East,Medium,Pending,16.48,5962
5509,Books,36.74,36.74,Central,High,Cancelled,177.83,7516
5510,Grocery,8.27,8.27,Central,Low,Cancelled,35.97,
5511,Toys,131.85,131.85,East,Medium,Cancelled,614.15,8005
5512,Furniture,2290.33,2290.33,South,Medium,Returned,10828.22,6798
5513,Sports,455.78,455.78,West,Medium,Cancelled,2084.89,9137
5514,Beauty,109.82,109.82,Central,Medium,Cancelled,521.92,8601
5515,Sports,462.46,462.46,North,High,Cancelled,1507.98,
5516,Grocery,87.6,87.6,West,Low,Returned,71.1,7959
5517,Toys,59.8,59.8,Central,Medium,Completed,260.84,5905
5518,Sports,,209.54,West,High,Pending,611.65,
5519,Toys,19.82,19.82,West,Medium,Completed,87.36,3666
5520,Electronics,1296.83,1296.83,East,High,Completed,2042.07,4673
5521,Electronics,390.39,390.39,East,Medium,Returned,1917.62,3202
5522,Beauty,59.81,59.81,North,Medium,Returned,114.05,2500
5523,Books,41.87,41.87,Central,Medium,Cancelled,98.51,4938
5524,Books,17.3,17.3,South,Medium,Cancelled,55.29,2090
5525,Sports,299.29,299.29,East,Low,Cancelled,419.38,8757
5526,Books,9.35,9.35,Central,Low,Completed,10.06,5946
5527,Beauty,41.17,41.17,North,Medium,Returned,74.23,1417
5528,Clothing,186.57,186.57,North,Medium,Cancelled,623.46,2671
5529,Beauty,135.48,135.48,North,High,Cancelled,459.47,9516
5530,Furniture,859.0,859.0,East,Medium,Cancelled,1293.42,
5531,Toys,28.62,28.62,East,High,Pending,88.45,7669
5532,Books,19.93,19.93,West,Low,Returned,30.51,7115
5533,Toys,22.32,22.32,North,Low,Completed,71.64,8335
5534,Beauty,147.3,147.3,West,Low,Returned,524.53,
5535,Sports,55.41,55.41,Central,Medium,Completed,93.49,2647
5536,Grocery,82.08,82.08,Central,High,Returned,357.94,6898
5537,Books,34.6,34.6,West,Low,Completed,128.41,3152
5538,Grocery,42.75,42.75,North,Medium,Returned,135.35,5125
5539,Electronics,,898.18,Central,Low,Pending,2594.65,1176
5540,Grocery,71.74,71.74,North,Low,Pending,65.57,5240
5541,Books,59.6,59.6,West,Low,Completed,131.37,4366
5542,Toys,92.13,92.13,Central,Medium,Returned,151.26,9387
5543,Toys,90.88,90.88,Central,Low,Returned,412.64,1044
5544,Clothing,116.62,116.62,North,High,Pending,207.74,6337
5545,Grocery,22.43,22.43,South,High,Cancelled,25.63,1204
5546,Beauty,132.35,132.35,South,Medium,Returned,534.94,5025
5547,Beauty,115.12,115.12,North,Low,Completed,184.92,3829
5548,Electronics,1669.55,1669.55,South,High,Cancelled,3312.53,4919
5549,Books,11.17,11.17,Central,High,Returned,50.25,8795
5550,Clothing,162.59,162.59,East,High,Cancelled,807.23,1243
5551,Grocery,52.1,52.1,East,High,Returned,51.25,4656
5552,Clothing,55.33,55.33,East,High,Cancelled,52.38,1971
5553,Books,45.64,45.64,South,Medium,Completed,131.98,6692
5554,Clothing,54.2,54.2,South,High,Completed,186.36,3555
5555,Beauty,94.36,94.36,East,Medium,Pending,107.72,8400
5556,Electronics,1286.05,1286.05,North,Low,Pending,6133.23,5388
5557,Electronics,941.27,941.27,West,Medium,Cancelled,3595.6,4491
5558,Sports,84.66,84.66,North,Low,Pending,383.7,2645
5559,Clothing,55.57,55.57,Central,Medium,Cancelled,50.77,2353
5560,Toys,78.77,78.77,Central,Medium,Cancelled,152.86,5554
5561,Beauty,25.42,25.42,South,Low,Completed,51.17,6023
5562,Grocery,68.53,68.53,East,Medium,Pending,218.6,5307
5563,Sports,169.53,169.53,East,Medium,Cancelled,435.13,8946
5564,Toys,79.94,79.94,East,High,Cancelled,109.15,9369
5565,Sports,156.02,156.02,North,Low,Pending,711.34,2346
5566,Beauty,139.62,139.62,North,High,Completed,242.94,9179
5567,Books,19.33,19.33,South,Medium,Returned,54.73,8230
5568,Clothing,199.74,199.74,South,High,Cancelled,256.76,1024
5569,Furniture,2570.25,2570.25,East,High,Pending,5164.87,4761
5570,Beauty,137.49,137.49,East,High,Returned,309.53,1807
5571,Electronics,1719.0,1719.0,South,Low,Returned,8147.41,7108
5572,Grocery,,11.5,East,Low,Pending,55.94,6838
5573,Grocery,97.0,97.0,South,High,Cancelled,403.56,7054
5574,Clothing,148.18,148.18,East,Low,Completed,447.0,5428
5575,Grocery,57.01,57.01,Central,High,Cancelled,77.91,7745
5576,Toys,32.51,32.51,Central,Low,Cancelled,72.35,4202
5577,Furniture,923.0,923.0,North,Low,Returned,1233.12,
5578,Electronics,1665.87,1665.87,South,High,Cancelled,2370.42,1523
5579,Electronics,1245.17,1245.17,West,High,Completed,2963.45,5806
5580,Furniture,111.02,111.02,West,High,Cancelled,207.48,1465
5581,Beauty,22.23,22.23,South,Medium,Returned,75.62,8072
5582,Clothing,19.47,19.47,North,Low,Pending,54.07,5603
5583,Toys,99.46,99.46,North,Medium,Returned,317.9,2263
5584,Books,12.88,12.88,South,High,Completed,60.83,9077
5585,Books,10.87,10.87,North,High,Completed,11.1,1341
5586,Grocery,47.74,47.74,North,Low,Pending,82.76,6562
5587,Beauty,,58.34,North,High,Pending,141.24,9805
5588,Books,30.93,30.93,Central,Medium,Pending,96.02,8389
5589,Clothing,151.57,151.57,East,Low,Completed,672.41,1777
5590,Grocery,12.5,12.5,North,Low,Pending,20.08,8775
5591,Grocery,34.36,34.36,South,Low,Completed,134.85,2416
5592,Electronics,350.75,350.75,West,High,Cancelled,335.19,5830
5593,Grocery,68.3,68.3,South,Low,Pending,148.16,7444
5594,Books,57.45,57.45,East,Medium,Returned,99.66,2511
5595,Toys,58.73,58.73,North,High,Returned,130.44,5622
5596,Grocery,83.64,83.64,South,Medium,Returned,215.91,3059
5597,Grocery,42.12,42.12,West,High,Returned,87.5,1194
5598,Toys,121.69,121.69,East,High,Pending,247.74,1708
5599,Books,37.86,37.86,South,Medium,Cancelled,126.38,7151
5600,Toys,38.26,38.26,West,High,Pending,77.22,9381
5601,Beauty,137.32,137.32,North,Medium,Completed,180.72,6623
5602,Furniture,2675.16,2675.16,East,High,Completed,3217.27,6209
5603,Toys,122.71,122.71,North,Medium,Completed,446.87,8623
5604,Electronics,1422.31,1422.31,Central,High,Pending,3159.36,7049
5605,Books,59.23,59.23,South,Medium,Cancelled,127.16,8345
5606,Books,47.1,47.1,Central,Low,Returned,89.1,5791
5607,Grocery,63.94,63.94,North,Low,Cancelled,108.35,8822
5608,Books,27.2,27.2,West,Low,Cancelled,28.81,8423
5609,Sports,454.63,454.63,South,Medium,Pending,472.02,6464
5610,Electronics,1109.5,1109.5,West,Low,Cancelled,2626.36,4644
5611,Grocery,80.74,80.74,North,Low,Pending,221.99,8194
5612,Clothing,,13.85,South,Low,Cancelled,61.6,4121
5613,Books,9.06,9.06,West,Medium,Returned,9.36,3967
5614,Electronics,1147.29,1147.29,North,High,Completed,1231.53,7674
5615,Toys,119.61,119.61,West,High,Cancelled,131.35,8002
5616,Beauty,52.58,52.58,West,Low,Pending,76.01,9590
5617,Toys,10.77,10.77,West,High,Pending,48.63,8938
5618,Electronics,1257.26,1257.26,East,Medium,Returned,4126.89,8800
5619,Furniture,1479.82,1479.82,North,Medium,Pending,3964.75,9033
5620,Toys,65.0,65.0,North,High,Returned,225.97,8250
5621,Beauty,,47.35,West,High,Completed,140.03,7524
5622,Sports,374.4,374.4,North,Medium,Completed,304.6,4992
5623,Beauty,10.95,10.95,North,High,Completed,51.03,3169
5624,Clothing,42.16,42.16,South,Low,Completed,90.15,1585
5625,Clothing,185.31,185.31,Central,High,Returned,588.99,2833
5626,Electronics,1576.65,1576.65,West,Low,Returned,6844.19,
5627,Clothing,63.51,63.51,North,Medium,Pending,273.79,3487
5628,Books,11.16,11.16,South,Low,Cancelled,32.69,8088
5629,Beauty,26.15,26.15,West,High,Pending,110.18,5938
5630,Sports,164.91,164.91,South,Low,Cancelled,771.6,2370
5631,Grocery,91.76,91.76,East,Low,Completed,201.1,6657
5632,Books,5.11,5.11,East,High,Cancelled,18.06,4526
5633,Furniture,2898.07,2898.07,North,Low,Returned,9978.92,8252
5634,Beauty,141.74,141.74,South,High,Completed,205.41,4380
5635,Grocery,3.41,3.41,Central,Medium,Returned,8.82,8573
5636,Toys,49.55,49.55,South,Low,Returned,155.07,4199
5637,Electronics,135.6,135.6,East,Low,Returned,239.69,7335
5638,Sports,201.79,201.79,West,High,Returned,188.25,8113
5639,Toys,127.43,127.43,North,Medium,Returned,167.78,6368
5640,Toys,148.18,148.18,Central,Medium,Cancelled,684.44,8566
5641,Clothing,56.57,56.57,West,High,Cancelled,92.19,9224
5642,Furniture,1943.28,1943.28,West,High,Pending,9204.52,8674
5643,Sports,218.86,218.86,Central,Low,Cancelled,292.83,5745
5644,Sports,347.41,347.41,East,Low,Completed,553.85,1457
5645,Grocery,65.03,65.03,South,Medium,Returned,141.16,5815
5646,Books,54.45,54.45,Central,High,Pending,74.76,6454
5647,Furniture,733.25,733.25,Central,High,Pending,2970.84,7805
5648,Books,47.37,47.37,East,Low,Pending,170.11,4622
5649,Electronics,270.43,270.43,West,Low,Returned,299.51,6987
5650,Beauty,,74.86,East,High,Completed,350.83,9656
5651,Clothing,130.97,130.97,South,High,Cancelled,238.64,9991
5652,Clothing,31.5,31.5,West,Medium,Completed,101.52,4309
5653,Beauty,132.67,132.67,East,Medium,Pending,173.43,2054
5654,Electronics,1328.3,1328.3,North,High,Completed,4658.01,5831
5655,Furniture,143.88,143.88,West,High,Pending,568.34,6503
5656,Sports,287.27,287.27,West,Low,Pending,897.76,9620
5657,Grocery,39.5,39.5,South,Medium,Returned,100.81,2645
5658,Clothing,68.79,68.79,North,Medium,Cancelled,121.1,8794
5659,Clothing,62.5,62.5,South,Medium,Cancelled,85.18,7166
5660,Toys,110.93,110.93,East,High,Pending,477.18,2036
5661,Sports,253.64,253.64,South,Low,Cancelled,1170.49,6828
5662,Toys,100.21,100.21,Central,Low,Cancelled,285.8,9327
5663,Beauty,121.16,121.16,East,Medium,Returned,561.27,9899
5664,Grocery,20.34,20.34,East,Medium,Cancelled,18.53,5580
5665,Grocery,,13.97,East,Low,Returned,18.13,8753
5666,Beauty,81.38,81.38,East,High,Completed,311.64,9952
5667,Sports,198.33,198.33,West,Low,Pending,866.36,6544
5668,Furniture,2786.53,2786.53,North,High,Pending,9887.41,4200
5669,Books,52.34,52.34,East,Medium,Pending,141.77,4574
5670,Clothing,43.39,43.39,East,Medium,Returned,181.72,2556
5671,Clothing,21.88,21.88,West,High,Pending,51.03,3327
5672,Toys,125.68,125.68,North,Medium,Completed,279.91,6103
5673,Furniture,1704.26,1704.26,West,High,Returned,8033.2,4534
5674,Books,54.28,54.28,Central,High,Completed,251.79,5564
5675,Grocery,34.42,34.42,West,High,Returned,141.17,4311
5676,Clothing,91.79,91.79,North,Low,Pending,433.25,9741
5677,Beauty,85.96,85.96,West,Medium,Cancelled,105.92,8204
5678,Grocery,6.62,6.62,East,High,Returned,15.74,3104
5679,Books,58.12,58.12,Central,Medium,Cancelled,117.61,4876
5680,Furniture,388.11,388.11,North,Medium,Returned,1544.09,6205
5681,Toys,144.83,144.83,South,High,Completed,355.03,1160
5682,Furniture,2275.57,2275.57,South,High,Cancelled,8890.09,3813
5683,Grocery,60.28,60.28,East,Medium,Completed,98.67,8212
5684,Furniture,2418.56,2418.56,West,High,Cancelled,7127.28,5439
5685,Toys,138.94,138.94,North,Medium,Cancelled,567.82,8384
5686,Beauty,72.99,72.99,East,Medium,Cancelled,324.43,2590
5687,Sports,129.8,129.8,East,High,Pending,488.61,6447
5688,Beauty,111.52,111.52,Central,Medium,Returned,498.94,1956
5689,Grocery,83.07,83.07,North,Medium,Returned,215.67,
5690,Sports,292.03,292.03,North,Low,Cancelled,1106.71,1774
5691,Sports,261.32,261.32,East,Low,Pending,358.26,5172
5692,Beauty,44.32,44.32,East,High,Pending,160.64,
5693,Toys,33.35,33.35,East,Low,Pending,71.27,7353
5694,Electronics,63.89,63.89,Central,Low,Pending,53.19,2731
5695,Sports,319.77,319.77,Central,High,Pending,1210.61,3377
5696,Beauty,16.78,16.78,Central,Low,Pending,52.82,9753
5697,Beauty,131.91,131.91,West,Medium,Completed,159.45,2212
5698,Beauty,111.87,111.87,North,High,Completed,543.01,8201
5699,Books,46.22,46.22,South,Medium,Completed,101.77,4683
5700,Grocery,52.02,52.02,West,Medium,Cancelled,215.01,9015
5701,Furniture,325.32,325.32,Central,Medium,Cancelled,1038.19,6343
5702,Grocery,71.89,71.89,West,Low,Returned,299.09,6646
5703,Books,38.93,38.93,West,Low,Cancelled,41.38,3089
5704,Books,29.05,29.05,East,High,Returned,49.41,3777
5705,Beauty,18.87,18.87,Central,Low,Pending,47.86,4198
5706,Toys,22.62,22.62,North,High,Pending,45.01,
5707,Beauty,50.12,50.12,Central,Medium,Cancelled,133.95,5845
5708,Sports,352.92,352.92,East,Low,Pending,452.65,9002
5709,Furniture,1882.89,1882.89,South,High,Pending,8578.46,9357
5710,Beauty,143.97,143.97,North,Medium,Completed,246.96,2086
5711,Furniture,999.99,999.99,East,High,Returned,2157.49,8025
5712,Furniture,1681.99,1681.99,East,Medium,Returned,1898.11,3708
5713,Books,45.93,45.93,Central,Low,Pending,87.6,1417
5714,Sports,190.64,190.64,South,Low,Returned,490.07,7910
5715,Grocery,95.03,95.03,West,Medium,Completed,422.07,4819
5716,Furniture,2938.99,2938.99,West,Medium,Cancelled,6194.96,5127
5717,Furniture,1797.69,1797.69,North,Low,Pending,8884.64,1200
5718,Furniture,2046.68,2046.68,North,Low,Pending,4519.88,4001
5719,Beauty,111.72,111.72,West,High,Pending,472.04,4459
5720,Clothing,136.22,136.22,West,Medium,Returned,510.79,9217
5721,Toys,73.86,73.86,West,Low,Returned,222.24,5989
5722,Books,51.95,51.95,West,Low,Cancelled,143.07,2397
5723,Clothing,65.53,65.53,West,Low,Cancelled,167.12,1887
5724,Sports,298.56,298.56,South,High,Cancelled,359.77,4345
5725,Grocery,76.67,76.67,West,Medium,Returned,235.87,9604
5726,Toys,,26.18,South,Medium,Cancelled,27.59,1814
5727,Books,55.37,55.37,North,Medium,Pending,53.44,7668
5728,Books,51.41,51.41,South,High,Cancelled,79.51,7120
5729,Beauty,68.4,68.4,Central,Medium,Completed,340.23,3696
5730,Beauty,12.79,12.79,South,Low,Returned,39.39,3350
5731,Beauty,64.62,64.62,North,Low,Pending,142.69,7619
5732,Clothing,198.67,198.67,North,Medium,Pending,938.7,4132
5733,Toys,85.98,85.98,Central,Low,Cancelled,157.27,3920
5734,Electronics,112.18,112.18,Central,High,Cancelled,112.23,3873
5735,Toys,20.08,20.08,North,High,Returned,76.48,4991
5736,Beauty,109.81,109.81,South,Medium,Pending,231.43,8206
5737,Clothing,162.36,162.36,West,Medium,Pending,706.13,8684
5738,Toys,110.5,110.5,Central,High,Completed,104.67,3224
5739,Beauty,134.39,134.39,South,High,Cancelled,611.77,6522
5740,Electronics,1477.48,1477.48,Central,Medium,Pending,1679.52,1989
5741,Toys,90.08,90.08,Central,Medium,Cancelled,106.9,3813
5742,Beauty,18.33,18.33,North,Medium,Cancelled,85.95,8102
5743,Sports,89.83,89.83,South,Medium,Cancelled,334.57,2581
5744,Beauty,22.83,22.83,Central,Low,Pending,100.18,2415
5745,Beauty,60.05,60.05,North,Low,Returned,208.68,
5746,Grocery,65.37,65.37,West,High,Cancelled,136.33,9286
5747,Toys,,142.6,North,High,Returned,413.97,7882
5748,Toys,66.43,66.43,Central,Medium,Completed,236.92,7792
5749,Toys,92.15,92.15,East,Low,Pending,344.17,
5750,Grocery,18.35,18.35,West,Low,Returned,16.66,8707
5751,Books,25.47,25.47,West,Low,Cancelled,104.47,8931
5752,Sports,444.54,444.54,Central,High,Cancelled,1750.79,4360
5753,Electronics,1826.48,1826.48,South,High,Pending,4115.51,1312
5754,Toys,16.02,16.02,West,Medium,Pending,59.39,1049
5755,Toys,126.55,126.55,West,High,Completed,253.5,7945
5756,Sports,96.88,96.88,East,Medium,Returned,251.85,3493
5757,Electronics,988.51,988.51,North,High,Cancelled,2103.28,9653
5758,Sports,143.69,143.69,Central,High,Returned,484.66,4667
5759,Furniture,812.74,812.74,South,Low,Returned,3445.64,4444
5760,Sports,265.78,265.78,South,Medium,Completed,1283.79,8105
5761,Clothing,183.1,183.1,South,Low,Pending,338.33,
5762,Furniture,1491.77,1491.77,South,Low,Cancelled,2027.15,9565
5763,Electronics,784.96,784.96,Central,Medium,Completed,2826.61,5740
5764,Grocery,60.24,60.24,Central,Low,Cancelled,62.74,3522
5765,Grocery,42.02,42.02,South,Low,Completed,192.14,8214
5766,Beauty,112.45,112.45,Central,Medium,Returned,406.72,8899
5767,Clothing,111.23,111.23,Central,High,Cancelled,393.6,8048
5768,Furniture,729.9,729.9,West,Medium,Completed,2633.67,5199
5769,Grocery,40.02,40.02,South,High,Pending,79.02,8737
5770,Beauty,32.23,32.23,Central,Low,Cancelled,131.36,9790
5771,Sports,379.6,379.6,South,Low,Cancelled,337.86,6969
5772,Beauty,31.46,31.46,South,Low,Cancelled,88.04,7500
5773,Books,6.9,6.9,Central,Low,Cancelled,29.96,6814
5774,Electronics,102.68,102.68,Central,Low,Returned,269.18,3638
5775,Toys,98.51,98.51,East,Low,Completed,463.5,5379
5776,Electronics,655.4,655.4,South,Medium,Returned,1555.77,5703
5777,Books,17.92,17.92,East,Low,Returned,21.89,9183
5778,Beauty,71.2,71.2,South,Low,Returned,148.91,2385
5779,Books,56.39,56.39,North,High,Pending,162.77,6952
5780,Electronics,1719.33,1719.33,West,Low,Returned,6892.34,4985
5781,Electronics,1799.38,1799.38,East,High,Returned,6344.89,2917
5782,Sports,262.7,262.7,South,High,Returned,587.55,
5783,Electronics,834.96,834.96,Central,Low,Completed,4002.71,6675
5784,Furniture,2613.21,2613.21,South,High,Cancelled,4901.8,8145
5785,Books,15.05,15.05,North,Medium,Cancelled,29.72,7121
5786,Clothing,182.89,182.89,Central,High,Pending,866.64,2296
5787,Books,28.87,28.87,North,Medium,Completed,65.44,8132
5788,Books,,43.96,West,High,Returned,201.97,2043
5789,Grocery,52.85,52.85,North,Low,Completed,56.45,1407
5790,Sports,293.17,293.17,Central,High,Completed,573.63,8222
5791,Sports,76.13,76.13,South,High,Pending,237.56,3367
5792,Clothing,105.47,105.47,West,High,Pending,413.97,3453
5793,Sports,36.15,36.15,Central,Medium,Returned,78.41,2113
5794,Toys,,44.49,South,Low,Returned,101.59,2136
5795,Grocery,90.64,90.64,North,Low,Cancelled,169.01,9675
5796,Beauty,10.36,10.36,South,High,Completed,45.62,1774
5797,Books,,26.59,East,Medium,Returned,118.61,2595
5798,Grocery,84.33,84.33,South,Medium,Completed,215.18,7162
5799,Sports,419.8,419.8,East,High,Cancelled,1424.72,6910
5800,Books,43.29,43.29,West,Low,Pending,184.83,5073
5801,Clothing,186.08,186.08,East,High,Returned,267.63,1682
5802,Furniture,1044.26,1044.26,Central,Low,Returned,4379.33,
5803,Clothing,15.11,15.11,East,Medium,Completed,69.79,6054
5804,Grocery,26.61,26.61,South,High,Completed,29.59,1805
5805,Grocery,44.81,44.81,South,High,Returned,120.54,2786
5806,Furniture,2850.29,2850.29,North,Low,Pending,3450.28,3662
5807,Furniture,1523.23,1523.23,North,High,Cancelled,3687.26,3960
5808,Beauty,43.32,43.32,East,Medium,Cancelled,108.05,7433
5809,Sports,382.6,382.6,East,Low,Completed,356.5,6729
5810,Furniture,1678.98,1678.98,East,High,Completed,7359.99,9904
5811,Books,29.97,29.97,North,Medium,Returned,102.14,5484
5812,Clothing,161.83,161.83,Central,High,Cancelled,584.65,2870
5813,Toys,44.31,44.31,Central,Low,Cancelled,82.45,1582
5814,Electronics,1741.97,1741.97,East,Medium,Pending,8056.5,9787
5815,Books,20.98,20.98,East,High,Returned,36.15,9131
5816,Sports,222.44,222.44,East,Low,Completed,335.54,5613
5817,Grocery,24.83,24.83,North,Medium,Pending,39.11,5413
5818,Toys,94.02,94.02,West,High,Cancelled,227.22,9466
5819,Furniture,1271.3,1271.3,Central,High,Cancelled,5031.6,6910
5820,Clothing,129.69,129.69,South,Medium,Returned,165.67,8279
5821,Electronics,369.52,369.52,West,High,Cancelled,771.64,4136
5822,Beauty,29.77,29.77,Central,Low,Completed,84.16,7673
5823,Grocery,88.35,88.35,Central,Medium,Cancelled,316.15,6146
5824,Beauty,49.14,49.14,East,Medium,Cancelled,45.01,8809
5825,Grocery,58.32,58.32,West,Medium,Returned,130.32,1910
5826,Sports,71.11,71.11,East,Medium,Pending,155.09,1615
5827,Books,19.34,19.34,Central,Low,Pending,38.98,3119
5828,Sports,126.08,126.08,North,High,Returned,548.27,8396
5829,Electronics,1786.97,1786.97,West,Medium,Completed,3713.33,5021
5830,Beauty,104.92,104.92,South,High,Completed,444.84,2566
5831,Toys,68.13,68.13,West,Low,Cancelled,338.86,8766
5832,Furniture,644.59,644.59,Central,Medium,Completed,2475.29,5376
5833,Clothing,129.57,129.57,North,Low,Completed,368.66,8895
5834,Clothing,134.83,134.83,East,High,Cancelled,437.94,6884
5835,Books,34.27,34.27,West,High,Returned,106.44,8651
5836,Grocery,60.29,60.29,North,Low,Completed,183.73,9527
5837,Clothing,82.7,82.7,Central,High,Returned,313.99,1380
5838,Electronics,,938.57,East,Low,Returned,1836.77,4868
5839,Electronics,1342.84,1342.84,North,Medium,Cancelled,5096.71,1779
5840,Clothing,169.34,169.34,South,High,Completed,261.61,7186
5841,Furniture,2172.04,2172.04,West,High,Pending,3623.53,7991
5842,Books,8.26,8.26,South,Low,Returned,37.5,1787
5843,Toys,72.33,72.33,East,High,Pending,184.95,6997
5844,Toys,90.51,90.51,East,High,Returned,410.21,7048
5845,Clothing,47.0,47.0,Central,Low,Returned,96.03,7223
5846,Electronics,1444.28,1444.28,Central,Low,Returned,2103.75,1181
5847,Books,9.93,9.93,South,High,Returned,20.08,2458
5848,Furniture,1359.21,1359.21,North,Low,Pending,5072.8,3839
5849,Sports,29.95,29.95,Central,Low,Pending,45.0,4336
5850,Books,51.8,51.8,Central,High,Cancelled,242.42,3739
5851,Grocery,33.95,33.95,East,Medium,Cancelled,52.25,8294
5852,Beauty,56.53,56.53,North,High,Cancelled,281.52,4082
5853,Sports,250.32,250.32,West,High,Pending,284.66,
5854,Grocery,14.51,14.51,South,Low,Returned,33.33,5288
5855,Grocery,9.22,9.22,Central,High,Cancelled,18.55,6432
5856,Beauty,46.84,46.84,South,Low,Returned,211.69,3083
5857,Books,13.29,13.29,South,High,Pending,63.0,6564
5858,Grocery,96.52,96.52,West,High,Cancelled,397.37,1348
5859,Sports,476.9,476.9,Central,Low,Pending,2328.66,2671
5860,Books,31.17,31.17,North,High,Completed,111.92,4495
5861,Electronics,366.55,366.55,South,High,Cancelled,1772.98,2581
5862,Sports,302.19,302.19,South,High,Cancelled,1398.27,3073
5863,Grocery,42.11,42.11,South,Medium,Pending,53.81,4324
5864,Beauty,20.43,20.43,East,Medium,Completed,87.97,9905
5865,Beauty,76.59,76.59,North,High,Completed,266.78,2645
5866,Furniture,617.97,617.97,South,High,Pending,2327.46,6532
5867,Books,48.62,48.62,North,High,Pending,185.36,4084
5868,Clothing,16.67,16.67,East,Medium,Completed,53.07,4280
5869,Clothing,77.26,77.26,South,Medium,Returned,203.62,7241
5870,Electronics,1764.98,1764.98,East,Medium,Cancelled,1574.34,4812
5871,Electronics,1263.94,1263.94,Central,Medium,Completed,4194.73,8892
5872,Sports,252.77,252.77,West,Low,Pending,911.26,3020
5873,Toys,86.48,86.48,West,Medium,Returned,111.94,2367
5874,Electronics,120.43,120.43,East,Medium,Completed,346.43,9514
5875,Sports,453.96,453.96,West,High,Cancelled,752.82,8758
5876,Electronics,304.6,304.6,Central,Low,Returned,766.16,8090
5877,Books,49.74,49.74,East,High,Completed,58.36,2098
5878,Electronics,1439.16,1439.16,East,High,Cancelled,5387.13,8563
5879,Furniture,2382.48,2382.48,East,Low,Cancelled,9401.31,6569
5880,Books,29.14,29.14,North,High,Completed,145.49,8552
5881,Books,36.53,36.53,Central,Low,Cancelled,113.3,4097
5882,Books,52.72,52.72,East,High,Pending,64.28,6462
5883,Grocery,74.7,74.7,Central,Medium,Completed,192.87,1080
5884,Clothing,114.8,114.8,North,Low,Completed,244.67,5947
5885,Clothing,65.44,65.44,North,Low,Cancelled,56.27,4967
5886,Toys,74.48,74.48,South,Low,Returned,343.89,5172
5887,Clothing,178.91,178.91,West,Medium,Returned,245.06,4591
5888,Grocery,29.97,29.97,West,High,Cancelled,39.9,
5889,Clothing,96.17,96.17,East,High,Cancelled,348.65,7556
5890,Books,46.33,46.33,West,Low,Pending,40.79,9993
5891,Clothing,41.44,41.44,West,Medium,Completed,196.02,9796
5892,Electronics,1230.61,1230.61,South,High,Returned,4018.01,
5893,Sports,340.3,340.3,North,Low,Cancelled,1162.31,6596
5894,Furniture,783.63,783.63,South,Low,Cancelled,3573.59,8765
5895,Electronics,1086.2,1086.2,South,Medium,Returned,5070.74,3950
5896,Books,15.91,15.91,South,High,Completed,34.33,1406
5897,Electronics,439.41,439.41,East,Medium,Returned,852.79,2100
5898,Furniture,2779.48,2779.48,North,Medium,Completed,9167.72,5762
5899,Toys,27.89,27.89,West,High,Completed,65.41,1288
5900,Electronics,1993.78,1993.78,East,Low,Completed,3661.4,7241
5901,Books,15.78,15.78,West,Medium,Returned,18.45,7860
5902,Furniture,1053.23,1053.23,East,Medium,Pending,1655.42,3222
5903,Furniture,503.7,503.7,South,Medium,Cancelled,1937.1,8321
5904,Furniture,2164.9,2164.9,West,Medium,Returned,5878.83,4624
5905,Books,14.7,14.7,West,High,Returned,29.92,5725
5906,Clothing,37.3,37.3,North,Medium,Cancelled,36.25,8540
5907,Furniture,124.19,124.19,East,High,Completed,307.93,1342
5908,Furniture,1987.15,1987.15,East,High,Completed,7229.65,7502
5909,Furniture,2481.29,2481.29,East,High,Returned,11703.65,4071
5910,Sports,474.13,474.13,East,Medium,Pending,1150.99,8881
5911,Sports,244.59,244.59,West,Low,Pending,592.61,4186
5912,Electronics,1790.02,1790.02,South,High,Pending,2428.85,3209
5913,Clothing,,167.67,West,Low,Returned,219.08,2155
5914,Toys,129.23,129.23,North,Low,Cancelled,168.31,6811
5915,Sports,475.93,475.93,North,High,Cancelled,1546.43,3461
5916,Sports,24.33,24.33,South,High,Returned,77.33,2173
5917,Toys,117.91,117.91,Central,Medium,Returned,128.96,3780
5918,Furniture,558.27,558.27,West,Low,Completed,2582.9,1709
5919,Sports,288.54,288.54,South,Medium,Returned,1123.63,2166
5920,Clothing,44.96,44.96,South,High,Pending,206.66,6941
5921,Books,43.62,43.62,South,Low,Pending,214.72,
5922,Grocery,16.42,16.42,South,High,Cancelled,63.89,4675
5923,Books,8.72,8.72,South,Low,Returned,34.92,4991
5924,Beauty,92.23,92.23,West,Medium,Returned,438.75,5028
5925,Sports,13.77,13.77,East,High,Pending,45.32,7686
5926,Books,10.72,10.72,East,Low,Returned,23.83,1387
5927,Sports,,86.06,Central,High,Cancelled,313.17,5894
5928,Clothing,121.65,121.65,South,High,Pending,528.02,2031
5929,Furniture,,129.28,East,High,Pending,421.07,2379
5930,Clothing,153.41,153.41,West,Low,Returned,283.28,6531
5931,Electronics,1997.43,1997.43,East,Low,Cancelled,2040.87,4916
5932,Grocery,45.22,45.22,Central,High,Completed,63.16,5320
5933,Clothing,161.28,161.28,West,Low,Pending,792.14,3930
5934,Toys,125.48,125.48,Central,Medium,Completed,598.12,8009
5935,Furniture,484.87,484.87,South,Medium,Completed,2381.44,8909
5936,Toys,16.09,16.09,West,High,Pending,40.88,5386
5937,Clothing,146.56,146.56,Central,High,Cancelled,168.75,6158
5938,Beauty,79.97,79.97,North,Medium,Cancelled,328.43,8106
5939,Sports,413.03,413.03,West,High,Pending,626.38,1961
5940,Clothing,157.45,157.45,Central,Low,Completed,747.51,6585
5941,Clothing,169.42,169.42,Central,High,Completed,723.74,5673
5942,Sports,32.36,32.36,East,High,Cancelled,112.04,7507
5943,Grocery,,52.0,East,High,Completed,227.05,6514
5944,Sports,121.62,121.62,West,Medium,Returned,122.36,7505
5945,Grocery,47.39,47.39,Central,Low,Cancelled,211.24,8534
5946,Clothing,113.6,113.6,South,Low,Pending,237.44,8268
5947,Electronics,728.77,728.77,East,Medium,Pending,3617.45,1501
5948,Grocery,99.79,99.79,North,High,Completed,375.02,9375
5949,Grocery,32.48,32.48,North,Low,Cancelled,126.65,
5950,Toys,49.82,49.82,Central,Low,Cancelled,70.55,7761
5951,Furniture,970.93,970.93,North,High,Completed,3185.75,4704
5952,Furniture,,902.6,East,High,Cancelled,1060.57,1717
5953,Furniture,176.35,176.35,West,High,Returned,144.16,2741
5954,Sports,345.79,345.79,East,Medium,Cancelled,1432.94,3219
5955,Electronics,1865.7,1865.7,South,Low,Cancelled,7513.49,2160
5956,Clothing,111.57,111.57,Central,High,Pending,455.11,5195
5957,Electronics,686.81,686.81,East,Medium,Returned,1043.09,7716
5958,Furniture,1985.37,1985.37,North,Low,Completed,4991.81,5464
5959,Toys,143.06,143.06,South,High,Completed,651.78,
5960,Beauty,13.1,13.1,West,Low,Returned,23.84,2636
5961,Books,48.27,48.27,East,Low,Cancelled,185.93,1835
5962,Toys,74.81,74.81,East,Low,Returned,87.61,3603
5963,Sports,165.64,165.64,West,Low,Cancelled,202.66,7472
5964,Sports,215.6,215.6,West,High,Completed,916.98,9096
5965,Electronics,253.9,253.9,North,Low,Cancelled,870.68,4141
5966,Books,36.33,36.33,Central,High,Returned,56.9,6555
5967,Grocery,35.83,35.83,East,High,Pending,56.89,9409
5968,Toys,82.65,82.65,West,High,Returned,299.49,9462
5969,Furniture,2280.33,2280.33,South,Medium,Pending,3366.71,9126
5970,Books,16.93,16.93,North,Low,Completed,18.13,9915
5971,Furniture,,127.84,North,High,Pending,365.36,7887
5972,Books,35.48,35.48,Central,Low,Completed,44.19,6556
5973,Sports,,173.09,East,Medium,Returned,165.57,1760
5974,Books,38.58,38.58,West,Low,Completed,74.81,2114
5975,Clothing,108.1,108.1,Central,Medium,Cancelled,327.4,7232
5976,Grocery,42.04,42.04,West,High,Returned,157.31,8292
5977,Beauty,133.39,133.39,West,Medium,Pending,441.58,5901
5978,Grocery,69.52,69.52,East,Medium,Returned,325.74,2440
5979,Toys,18.96,18.96,East,High,Returned,75.07,6924
5980,Electronics,1595.55,1595.55,West,Medium,Cancelled,1550.8,5350
5981,Toys,127.18,127.18,Central,Low,Returned,337.79,7029
5982,Electronics,247.77,247.77,North,Low,Pending,745.13,5560
5983,Clothing,66.77,66.77,North,High,Cancelled,287.94,9813
5984,Toys,35.71,35.71,South,Low,Completed,168.89,5799
5985,Sports,96.68,96.68,West,Low,Pending,400.33,4030
5986,Furniture,1290.6,1290.6,South,High,Completed,3751.15,4963
5987,Toys,51.18,51.18,West,Low,Cancelled,213.66,3926
5988,Clothing,195.54,195.54,North,Low,Cancelled,399.46,7858
5989,Clothing,102.56,102.56,South,High,Returned,325.97,
5990,Clothing,142.07,142.07,Central,Low,Cancelled,350.42,8624
5991,Electronics,1213.55,1213.55,North,High,Pending,4613.86,3670
5992,Books,31.53,31.53,North,High,Completed,44.09,
5993,Beauty,114.93,114.93,East,Medium,Completed,103.51,5207
5994,Toys,44.76,44.76,West,Low,Pending,43.57,8353
5995,Grocery,50.69,50.69,South,High,Pending,64.74,3930
5996,Furniture,,1736.91,South,Medium,Completed,2246.9,8833
5997,Sports,,354.18,West,High,Completed,1282.64,5574
5998,Furniture,2509.57,2509.57,West,Medium,Cancelled,6439.22,5439
5999,Sports,200.1,200.1,South,High,Cancelled,258.2,9279
6000,Toys,27.65,27.65,Central,Low,Completed,125.19,8802
6001,Toys,68.4,68.4,East,Low,Returned,212.48,5903
6002,Books,9.83,9.83,South,Medium,Pending,26.38,7322
6003,Grocery,85.05,85.05,Central,Medium,Completed,210.39,9542
6004,Beauty,146.43,146.43,North,High,Returned,412.68,5253
6005,Clothing,62.01,62.01,West,Low,Returned,164.55,7677
6006,Furniture,1794.15,1794.15,North,High,Pending,1942.56,3933
6007,Beauty,75.54,75.54,West,High,Returned,272.17,9551
6008,Sports,224.67,224.67,East,Low,Pending,1077.71,1498
6009,Books,30.89,30.89,West,High,Pending,131.48,5290
6010,Sports,171.93,171.93,West,Medium,Completed,387.49,2043
6011,Toys,134.36,134.36,South,Low,Pending,462.23,8934
6012,Electronics,1086.71,1086.71,West,Low,Returned,2306.75,5152
6013,Sports,420.68,420.68,North,Medium,Completed,1749.79,4881
6014,Sports,236.93,236.93,East,Medium,Pending,372.62,3190
6015,Toys,149.26,149.26,East,Medium,Pending,550.88,6919
6016,Beauty,86.38,86.38,South,Medium,Completed,206.75,1093
6017,Grocery,17.59,17.59,North,High,Pending,62.28,1980
6018,Grocery,10.06,10.06,Central,High,Completed,38.46,5161
6019,Beauty,146.2,146.2,East,Medium,Returned,537.23,4548
6020,Grocery,56.92,56.92,Central,High,Pending,75.99,2086
6021,Furniture,1306.09,1306.09,East,Low,Pending,3010.51,1162
6022,Toys,61.56,61.56,West,High,Pending,198.6,6171
6023,Toys,114.76,114.76,West,High,Pending,316.53,5250
6024,Toys,61.89,61.89,East,Medium,Completed,205.97,1460
6025,Toys,72.77,72.77,North,Medium,Pending,339.99,7643
6026,Books,32.61,32.61,Central,Low,Returned,50.39,5923
6027,Sports,454.88,454.88,North,High,Cancelled,1885.98,1702
6028,Grocery,46.94,46.94,Central,High,Completed,172.68,1623
6029,Grocery,95.84,95.84,North,High,Cancelled,108.18,5569
6030,Electronics,683.18,683.18,West,Low,Cancelled,1020.48,1128
6031,Electronics,1544.48,1544.48,West,Medium,Returned,3647.31,1757
6032,Furniture,610.13,610.13,West,High,Returned,1108.04,8606
6033,Toys,39.78,39.78,East,Low,Cancelled,102.37,4591
6034,Clothing,157.52,157.52,South,High,Pending,777.27,6799
6035,Toys,40.19,40.19,West,High,Completed,158.24,9815
6036,Grocery,9.56,9.56,East,Medium,Returned,29.55,4375
6037,Clothing,183.19,183.19,North,High,Cancelled,879.52,9215
6038,Furniture,2232.8,2232.8,South,High,Returned,6882.64,3090
6039,Books,30.71,30.71,West,High,Returned,88.83,4054
6040,Toys,41.78,41.78,East,Medium,Returned,90.61,8177
6041,Clothing,29.59,29.59,East,Low,Returned,123.15,4455
6042,Clothing,138.02,138.02,South,Medium,Cancelled,294.35,8032
6043,Furniture,1758.48,1758.48,West,Low,Cancelled,4148.19,2630
6044,Electronics,,1610.62,East,Low,Cancelled,4693.97,7193
6045,Furniture,2075.66,2075.66,West,Medium,Completed,8969.88,2162
6046,Grocery,40.11,40.11,North,High,Pending,124.71,3660
6047,Electronics,1002.8,1002.8,West,Low,Cancelled,3199.18,7205
6048,Books,36.83,36.83,North,Low,Returned,132.03,4614
6049,Furniture,1101.93,1101.93,Central,Medium,Completed,1678.33,2978
6050,Beauty,5.78,5.78,North,High,Pending,8.96,6880
6051,Furniture,480.65,480.65,Central,Low,Pending,1547.03,1807
6052,Electronics,618.36,618.36,West,High,Completed,2739.86,9790
6053,Grocery,27.83,27.83,East,Low,Completed,112.15,4136
6054,Electronics,1591.56,1591.56,North,Low,Returned,4715.11,9235
6055,Books,30.41,30.41,North,High,Returned,145.43,7958
6056,Electronics,515.32,515.32,North,High,Cancelled,2359.54,7453
6057,Furniture,467.27,467.27,North,Low,Cancelled,676.99,2442
6058,Sports,308.12,308.12,East,Medium,Cancelled,740.32,8648
6059,Sports,388.89,388.89,East,Medium,Completed,765.27,5997
6060,Electronics,83.83,83.83,North,Low,Completed,141.61,8267
6061,Toys,32.75,32.75,West,Low,Completed,28.57,9317
6062,Grocery,20.67,20.67,East,Low,Pending,35.91,3694
6063,Grocery,87.35,87.35,South,Medium,Cancelled,86.17,2943
6064,Beauty,76.6,76.6,Central,Medium,Returned,86.54,1826
6065,Electronics,87.05,87.05,North,High,Returned,129.12,9185
6066,Furniture,1907.13,1907.13,South,Medium,Completed,3809.92,7371
6067,Furniture,349.97,349.97,East,Low,Cancelled,1273.72,
6068,Electronics,1031.58,1031.58,East,Medium,Cancelled,1252.08,2796
6069,Furniture,2232.65,2232.65,South,Medium,Completed,8024.7,5499
6070,Toys,61.28,61.28,East,High,Completed,220.85,2435
6071,Furniture,1569.0,1569.0,East,High,Cancelled,2421.37,7601
6072,Toys,148.67,148.67,North,Medium,Returned,274.79,8981
6073,Electronics,180.21,180.21,South,Medium,Completed,406.05,8969
6074,Clothing,44.93,44.93,North,Low,Completed,136.71,3703
6075,Beauty,72.84,72.84,Central,Low,Completed,191.13,
6076,Clothing,106.03,106.03,West,High,Cancelled,255.93,2643
6077,Clothing,165.77,165.77,South,Low,Pending,733.84,8877
6078,Books,32.65,32.65,East,Low,Pending,29.19,4657
6079,Furniture,2104.1,2104.1,East,Low,Pending,6115.99,2547
6080,Sports,68.84,68.84,West,Low,Returned,118.09,5503
6081,Sports,468.78,468.78,South,High,Completed,1194.17,3509
6082,Books,47.56,47.56,South,High,Completed,77.63,9760
6083,Electronics,1344.54,1344.54,West,Medium,Returned,4612.91,5160
6084,Toys,94.48,94.48,North,Low,Cancelled,410.03,9951
6085,Furniture,2771.78,2771.78,South,Medium,Pending,13111.31,8249
6086,Furniture,936.81,936.81,South,High,Completed,4443.51,8763
6087,Clothing,180.73,180.73,North,High,Completed,316.06,
6088,Electronics,1930.32,1930.32,South,Medium,Completed,5582.57,5287
6089,Clothing,100.01,100.01,Central,Medium,Completed,87.56,1251
6090,Clothing,53.26,53.26,South,Low,Completed,104.41,1301
6091,Toys,137.78,137.78,South,Low,Pending,173.27,2278
6092,Grocery,47.67,47.67,South,Medium,Cancelled,88.15,7889
6093,Toys,51.73,51.73,East,Medium,Completed,122.49,9934
6094,Furniture,698.44,698.44,East,Low,Returned,1466.86,2708
6095,Toys,79.72,79.72,North,Low,Pending,297.26,1244
6096,Furniture,746.06,746.06,South,Low,Returned,1685.86,8702
6097,Sports,276.29,276.29,West,Medium,Returned,1014.19,7308
6098,Grocery,73.41,73.41,West,Low,Completed,266.87,7952
6099,Sports,183.99,183.99,East,Low,Returned,434.01,8246
6100,Books,38.03,38.03,West,Medium,Returned,64.6,9306
6101,Electronics,126.51,126.51,North,Low,Returned,379.89,5066
6102,Beauty,39.08,39.08,Central,High,Cancelled,108.02,2529
6103,Grocery,44.53,44.53,West,Medium,Returned,45.39,9923
6104,Books,19.38,19.38,East,High,Completed,94.71,4442
6105,Grocery,8.54,8.54,East,Low,Returned,31.24,9321
6106,Electronics,1967.12,1967.12,South,Low,Cancelled,4330.43,9190
6107,Sports,313.06,313.06,Central,Low,Pending,905.46,8186
6108,Clothing,168.18,168.18,North,Medium,Pending,267.64,2361
6109,Books,45.75,45.75,East,Medium,Completed,144.77,8440
6110,Electronics,1294.42,1294.42,East,Low,Returned,3688.53,8206
6111,Grocery,30.73,30.73,East,Low,Returned,55.51,7122
6112,Electronics,1941.35,1941.35,West,High,Returned,9412.81,1177
6113,Sports,90.34,90.34,North,High,Pending,126.41,7523
6114,Sports,229.92,229.92,Central,High,Returned,298.63,5387
6115,Books,44.37,44.37,Central,High,Completed,124.26,9449
6116,Electronics,342.21,342.21,North,Low,Returned,320.27,
6117,Toys,60.79,60.79,North,Medium,Pending,124.04,8904
6118,Toys,137.14,137.14,East,Medium,Cancelled,298.44,4003
6119,Furniture,2592.2,2592.2,East,Medium,Completed,6592.29,5942
6120,Clothing,76.3,76.3,South,High,Pending,183.41,7751
6121,Toys,78.8,78.8,North,Medium,Cancelled,149.72,6194
6122,Electronics,175.39,175.39,West,Medium,Pending,433.21,7436
6123,Sports,310.53,310.53,West,Medium,Completed,1320.84,2056
6124,Toys,120.53,120.53,East,Low,Returned,235.49,6183
6125,Furniture,,1103.69,North,Low,Cancelled,1793.06,2243
6126,Toys,10.7,10.7,South,Low,Pending,35.57,7619
6127,Books,10.41,10.41,South,Medium,Completed,10.48,2699
6128,Grocery,44.07,44.07,East,High,Cancelled,175.25,2605
6129,Grocery,65.42,65.42,Central,High,Returned,288.31,3480
6130,Furniture,2472.89,2472.89,South,Medium,Pending,3371.05,6919
6131,Beauty,113.28,113.28,Central,High,Cancelled,556.22,3293
6132,Furniture,,107.54,South,High,Completed,317.44,3784
6133,Toys,57.79,57.79,Central,High,Returned,155.49,8155
6134,Electronics,1008.33,1008.33,North,Medium,Pending,3402.45,3446
6135,Furniture,762.35,762.35,East,Low,Completed,1406.84,4379
6136,Clothing,182.09,182.09,West,High,Returned,695.95,6800
6137,Electronics,1554.27,1554.27,North,Low,Cancelled,1919.25,9133
6138,Clothing,153.65,153.65,South,Low,Pending,172.95,5755
6139,Toys,60.99,60.99,North,Medium,Pending,144.95,1064
6140,Furniture,1617.24,1617.24,East,Low,Returned,7258.54,3660
6141,Furniture,2728.02,2728.02,East,High,Returned,4473.4,4519
6142,Sports,261.1,261.1,East,Medium,Completed,530.86,9543
6143,Beauty,141.5,141.5,West,Medium,Completed,278.13,2479
6144,Beauty,66.52,66.52,East,High,Completed,149.38,1550
6145,Sports,348.79,348.79,East,High,Pending,1127.26,5392
6146,Toys,126.2,126.2,South,Medium,Cancelled,163.88,7046
6147,Books,55.55,55.55,Central,Medium,Returned,118.66,9095
6148,Grocery,72.27,72.27,East,Low,Returned,66.19,3915
6149,Books,,48.54,West,High,Pending,44.19,8349
6150,Beauty,148.39,148.39,East,Low,Returned,221.56,3118
6151,Sports,67.4,67.4,Central,Low,Pending,55.56,3187
6152,Electronics,1727.12,1727.12,North,Low,Pending,1536.42,9228
6153,Electronics,1208.24,1208.24,South,High,Completed,3911.25,3898
6154,Clothing,10.74,10.74,Central,Medium,Pending,17.41,5247
6155,Beauty,86.91,86.91,South,Medium,Pending,283.97,1184
6156,Grocery,,32.88,South,High,Returned,108.84,3231
6157,Books,51.06,51.06,Central,Low,Pending,112.25,5106
6158,Furniture,589.63,589.63,South,High,Pending,1213.77,8664
6159,Beauty,,98.07,West,Low,Completed,280.58,1806
6160,Sports,275.63,275.63,West,High,Cancelled,1171.9,1818
6161,Books,11.44,11.44,South,High,Returned,53.18,1352
6162,Beauty,145.17,145.17,East,High,Completed,591.26,2023
6163,Furniture,1276.69,1276.69,Central,Low,Returned,2351.71,6634
6164,Electronics,1521.94,1521.94,Central,Low,Returned,4452.87,4338
6165,Toys,115.21,115.21,Central,Low,Returned,353.94,9032
6166,Clothing,73.69,73.69,South,Low,Cancelled,267.29,6308
6167,Beauty,16.85,16.85,West,Low,Returned,17.13,2446
6168,Clothing,150.93,150.93,North,High,Cancelled,240.33,4649
6169,Books,39.32,39.32,West,High,Pending,75.34,2419
6170,Books,22.63,22.63,Central,Low,Returned,58.07,2805
6171,Toys,101.67,101.67,North,Medium,Completed,108.79,2898
6172,Clothing,170.38,170.38,Central,Low,Cancelled,574.12,2878
6173,Grocery,73.07,73.07,Central,Medium,Completed,204.5,7389
6174,Sports,159.68,159.68,South,High,Pending,656.9,1380
6175,Electronics,1414.89,1414.89,North,High,Completed,1160.44,3697
6176,Grocery,28.82,28.82,South,Medium,Cancelled,116.63,6148
6177,Clothing,136.55,136.55,Central,High,Returned,396.33,6336
6178,Clothing,198.26,198.26,East,Medium,Pending,492.27,1668
6179,Furniture,882.18,882.18,East,Low,Pending,811.78,5469
6180,Electronics,1072.8,1072.8,North,High,Completed,2734.43,9862
6181,Clothing,124.55,124.55,South,High,Completed,307.61,3759
6182,Sports,401.62,401.62,South,Low,Completed,1075.22,
6183,Electronics,1328.19,1328.19,North,Low,Completed,1398.28,1940
6184,Clothing,93.91,93.91,North,High,Cancelled,313.88,1417
6185,Sports,170.8,170.8,East,Low,Cancelled,390.49,9732
6186,Furniture,1822.45,1822.45,East,Low,Returned,4406.51,5195
6187,Furniture,841.71,841.71,Central,High,Pending,3391.79,9983
6188,Clothing,11.37,11.37,Central,Medium,Pending,17.49,8607
6189,Electronics,1274.95,1274.95,West,Low,Completed,3505.85,5089
6190,Grocery,34.05,34.05,Central,High,Completed,119.74,2905
6191,Grocery,74.3,74.3,North,Medium,Completed,229.67,9238
6192,Toys,50.1,50.1,West,Medium,Completed,52.94,3276
6193,Books,38.45,38.45,East,Medium,Completed,60.41,6735
6194,Toys,120.63,120.63,East,High,Returned,128.81,1292
6195,Clothing,197.41,197.41,East,High,Completed,435.46,5926
6196,Toys,129.12,129.12,East,High,Completed,331.61,8483
6197,Furniture,2403.05,2403.05,North,Medium,Returned,5862.41,6842
6198,Grocery,84.99,84.99,South,High,Pending,105.04,6255
6199,Beauty,90.44,90.44,West,Medium,Completed,111.27,7041
6200,Electronics,1601.62,1601.62,South,Medium,Pending,3482.96,7906
6201,Electronics,1755.07,1755.07,South,Medium,Completed,7035.85,3806
6202,Furniture,2583.98,2583.98,South,Medium,Pending,11874.37,
6203,Beauty,149.62,149.62,South,Medium,Cancelled,330.7,4342
6204,Grocery,79.71,79.71,South,Medium,Cancelled,377.71,1089
6205,Clothing,137.59,137.59,Central,High,Pending,226.95,3172
6206,Electronics,150.49,150.49,South,High,Cancelled,645.0,7538
6207,Beauty,,111.46,West,High,Cancelled,192.19,2270
6208,Books,27.2,27.2,South,Medium,Returned,42.06,8548
6209,Books,15.63,15.63,Central,Medium,Pending,28.11,3468
6210,Clothing,75.48,75.48,Central,Medium,Cancelled,175.73,2034
6211,Sports,198.16,198.16,South,Low,Completed,331.22,2574
6212,Sports,381.5,381.5,Central,High,Returned,310.21,2371
6213,Books,23.49,23.49,North,High,Cancelled,28.7,9948
6214,Furniture,2891.71,2891.71,East,High,Completed,8011.42,5982
6215,Toys,149.1,149.1,East,Medium,Returned,580.72,7173
6216,Grocery,35.69,35.69,North,High,Returned,46.97,4738
6217,Toys,146.4,146.4,West,Low,Cancelled,192.22,8280
6218,Books,25.93,25.93,Central,Low,Pending,43.42,
6219,Grocery,20.12,20.12,South,High,Returned,23.83,6097
6220,Furniture,2965.34,2965.34,South,Low,Cancelled,13781.92,8399
6221,Grocery,91.95,91.95,East,High,Pending,244.23,4478
6222,Electronics,872.26,872.26,East,High,Completed,3021.83,2910
6223,Clothing,104.75,104.75,South,High,Completed,118.03,2879
6224,Electronics,1913.71,1913.71,West,High,Completed,8127.56,1767
6225,Toys,89.88,89.88,West,Low,Returned,339.95,4280
6226,Books,16.58,16.58,South,High,Returned,67.06,4769
6227,Grocery,,74.31,East,High,Pending,155.42,9919
6228,Electronics,1008.85,1008.85,Central,Low,Returned,2319.32,7535
6229,Books,22.15,22.15,Central,High,Completed,41.56,2194
6230,Grocery,87.61,87.61,East,Low,Pending,165.45,2078
6231,Clothing,87.18,87.18,East,Low,Returned,268.98,3590
6232,Grocery,18.01,18.01,East,Low,Cancelled,62.39,5561
6233,Beauty,119.41,119.41,East,Low,Cancelled,358.96,7472
6234,Toys,48.68,48.68,East,High,Completed,167.61,2524
6235,Toys,24.21,24.21,West,High,Pending,40.01,5420
6236,Furniture,2720.24,2720.24,West,Medium,Returned,3493.07,4466
6237,Books,22.74,22.74,South,Medium,Completed,98.03,1171
6238,Sports,399.05,399.05,South,High,Returned,1260.55,4503
6239,Toys,63.05,63.05,North,Low,Returned,141.44,4475
6240,Clothing,165.18,165.18,Central,High,Pending,490.81,2373
6241,Furniture,2661.73,2661.73,North,Medium,Pending,9087.44,6273
6242,Books,5.6,5.6,Central,High,Cancelled,6.69,7791
6243,Grocery,47.14,47.14,West,Low,Returned,69.6,7433
6244,Grocery,68.14,68.14,South,Medium,Pending,288.62,5997
6245,Toys,131.4,131.4,East,High,Cancelled,432.26,4335
6246,Electronics,185.89,185.89,South,High,Cancelled,399.68,1054
6247,Clothing,33.77,33.77,North,Low,Cancelled,106.42,3099
6248,Electronics,1921.3,1921.3,South,High,Pending,1729.1,3490
6249,Grocery,16.85,16.85,East,High,Returned,43.68,8187
6250,Electronics,1649.21,1649.21,West,Low,Pending,6145.47,3697
6251,Sports,356.67,356.67,North,Low,Completed,1283.36,8878
6252,Beauty,37.1,37.1,East,Low,Returned,58.55,6735
6253,Electronics,1474.91,1474.91,South,Medium,Cancelled,6858.04,3650
6254,Books,17.2,17.2,South,Medium,Cancelled,41.85,8618
6255,Electronics,881.07,881.07,West,Medium,Cancelled,789.49,5388
6256,Grocery,19.98,19.98,East,Medium,Returned,31.13,6685
6257,Books,22.61,22.61,North,Medium,Cancelled,101.58,1013
6258,Grocery,39.98,39.98,East,Medium,Completed,91.2,4416
6259,Sports,36.35,36.35,Central,Low,Cancelled,148.42,3454
6260,Sports,439.48,439.48,Central,High,Completed,409.07,6579
6261,Grocery,53.96,53.96,East,Low,Pending,50.42,4462
6262,Sports,60.58,60.58,North,Medium,Pending,214.51,
6263,Grocery,50.67,50.67,South,High,Completed,226.74,6726
6264,Electronics,407.25,407.25,North,Medium,Pending,1355.67,9398
6265,Clothing,18.96,18.96,East,Low,Completed,89.89,1405
6266,Books,52.54,52.54,East,Low,Returned,157.38,6051
6267,Clothing,155.87,155.87,North,Medium,Completed,569.78,9490
6268,Beauty,75.75,75.75,East,High,Cancelled,282.71,3631
6269,Grocery,59.97,59.97,South,Medium,Completed,206.29,9577
6270,Toys,102.77,102.77,West,Medium,Pending,181.39,6076
6271,Beauty,117.3,117.3,East,High,Cancelled,416.27,4046
6272,Toys,25.1,25.1,West,Medium,Returned,49.4,4965
6273,Beauty,45.59,45.59,West,Medium,Cancelled,194.88,8262
6274,Clothing,81.8,81.8,North,Low,Completed,97.87,9485
6275,Books,37.32,37.32,South,Medium,Completed,171.8,9554
6276,Beauty,48.62,48.62,East,Medium,Pending,94.62,3839
6277,Books,9.83,9.83,North,High,Pending,35.03,9575
6278,Furniture,2111.52,2111.52,Central,Low,Completed,4082.44,2470
6279,Grocery,6.45,6.45,West,Medium,Returned,12.15,6133
6280,Beauty,87.46,87.46,Central,Medium,Pending,139.33,4049
6281,Clothing,42.83,42.83,Central,High,Cancelled,188.22,1143
6282,Electronics,1511.38,1511.38,South,Medium,Cancelled,4056.82,7712
6283,Toys,28.72,28.72,East,Low,Returned,30.3,2770
6284,Books,50.31,50.31,West,Medium,Returned,168.41,1024
6285,Beauty,117.39,117.39,West,High,Pending,480.31,2902
6286,Beauty,146.57,146.57,West,Low,Pending,245.35,5532
6287,Books,17.68,17.68,East,High,Pending,56.44,4295
6288,Books,26.42,26.42,Central,High,Pending,82.96,3517
6289,Beauty,80.04,80.04,South,Low,Returned,249.66,5520
6290,Toys,20.77,20.77,East,Medium,Completed,39.64,2342
6291,Books,17.89,17.89,Central,High,Returned,81.48,
6292,Sports,20.32,20.32,South,High,Pending,17.23,1225
6293,Grocery,60.22,60.22,West,Low,Returned,233.0,5392
6294,Sports,163.89,163.89,North,Low,Pending,233.84,2981
6295,Grocery,52.37,52.37,Central,High,Pending,216.73,9790
6296,Furniture,2343.4,2343.4,South,High,Pending,6745.52,5244
6297,Grocery,28.26,28.26,West,High,Pending,88.62,2334
6298,Toys,114.83,114.83,Central,Medium,Pending,569.71,4138
6299,Grocery,19.29,19.29,East,Medium,Returned,25.11,8286
6300,Clothing,18.63,18.63,Central,Medium,Pending,26.38,2817
6301,Furniture,1965.2,1965.2,East,Low,Pending,2238.14,6852
6302,Toys,42.32,42.32,West,High,Completed,189.08,9067
6303,Toys,116.98,116.98,South,Low,Cancelled,394.92,4287
6304,Electronics,475.84,475.84,East,Low,Completed,1429.22,8175
6305,Toys,127.76,127.76,North,High,Returned,455.68,5039
6306,Electronics,1296.17,1296.17,South,Medium,Returned,3666.27,9318
6307,Books,36.99,36.99,West,High,Cancelled,102.27,4811
6308,Books,59.77,59.77,West,Low,Completed,94.09,5768
6309,Electronics,686.72,686.72,East,Low,Returned,1644.85,3765
6310,Beauty,141.17,141.17,North,High,Completed,386.52,3535
6311,Toys,83.44,83.44,Central,Medium,Pending,122.79,8447
6312,Books,28.47,28.47,South,Medium,Pending,29.28,1372
6313,Clothing,31.34,31.34,East,Medium,Returned,84.92,8862
6314,Furniture,1168.28,1168.28,West,Medium,Cancelled,5186.34,9324
6315,Electronics,1581.71,1581.71,North,Low,Returned,4508.58,9441
6316,Electronics,508.33,508.33,East,Low,Pending,874.46,1031
6317,Electronics,1142.12,1142.12,North,Low,Returned,4777.01,6245
6318,Books,,48.45,South,Low,Pending,49.91,9348
6319,Electronics,421.23,421.23,South,High,Pending,1117.23,3474
6320,Books,,48.78,East,Low,Completed,197.02,6979
6321,Beauty,38.1,38.1,Central,High,Returned,114.52,3347
6322,Furniture,2659.39,2659.39,Central,Low,Returned,4480.51,1638
6323,Sports,97.47,97.47,West,Medium,Returned,450.77,4646
6324,Clothing,171.8,171.8,Central,Medium,Returned,483.55,7223
6325,Sports,424.9,424.9,East,Medium,Completed,554.07,1692
6326,Clothing,75.18,75.18,West,High,Cancelled,165.68,1241
6327,Clothing,198.46,198.46,Central,Medium,Pending,440.05,4674
6328,Electronics,305.89,305.89,West,High,Returned,1132.85,3592
6329,Clothing,140.58,140.58,South,Medium,Pending,254.99,5364
6330,Furniture,932.84,932.84,West,High,Pending,2383.76,6986
6331,Beauty,24.12,24.12,North,Low,Cancelled,60.57,5934
6332,Sports,460.08,460.08,West,Medium,Completed,1554.04,4805
6333,Toys,105.15,105.15,West,Low,Returned,125.57,7562
6334,Grocery,62.2,62.2,West,Medium,Pending,151.54,
6335,Furniture,2292.79,2292.79,Central,High,Completed,9365.6,
6336,Beauty,128.2,128.2,South,High,Pending,496.94,5098
6337,Clothing,121.5,121.5,North,High,Pending,192.1,9441
6338,Clothing,128.65,128.65,South,High,Returned,628.55,5769
6339,Books,19.58,19.58,East,Medium,Returned,93.56,9098
6340,Grocery,30.44,30.44,West,High,Returned,64.22,7421
6341,Sports,230.18,230.18,East,High,Completed,842.54,4583
6342,Beauty,67.22,67.22,South,High,Returned,159.88,3144
6343,Books,58.72,58.72,South,High,Returned,174.68,1476
6344,Clothing,43.59,43.59,South,High,Pending,199.33,2829
6345,Books,28.89,28.89,South,Medium,Pending,43.8,2673
6346,Furniture,656.79,656.79,Central,Medium,Cancelled,1159.39,9865
6347,Grocery,88.57,88.57,North,Low,Completed,393.36,3173
6348,Electronics,134.1,134.1,North,Low,Completed,411.9,2928
6349,Grocery,30.58,30.58,West,Low,Returned,79.83,8642
6350,Furniture,175.41,175.41,West,High,Cancelled,177.31,8791
6351,Books,9.42,9.42,Central,Medium,Completed,19.53,7238
6352,Beauty,86.69,86.69,North,Low,Cancelled,365.42,3512
6353,Electronics,1042.07,1042.07,Central,Low,Returned,2366.7,6504
6354,Clothing,182.25,182.25,East,Medium,Cancelled,722.79,4507
6355,Toys,12.9,12.9,North,Medium,Cancelled,57.16,8763
6356,Grocery,15.64,15.64,East,Medium,Cancelled,15.62,6510
6357,Furniture,2693.79,2693.79,South,High,Returned,4064.17,5676
6358,Books,56.11,56.11,South,Low,Completed,151.63,3171
6359,Books,18.83,18.83,West,High,Pending,64.0,8945
6360,Furniture,1734.26,1734.26,East,High,Returned,2855.56,
6361,Sports,98.7,98.7,Central,Medium,Completed,331.37,1630
6362,Beauty,35.25,35.25,South,Low,Completed,102.16,1246
6363,Furniture,1259.9,1259.9,East,Medium,Cancelled,1142.21,2308
6364,Books,,26.03,East,Low,Cancelled,82.09,5444
6365,Grocery,81.17,81.17,East,Low,Returned,76.51,4835
6366,Books,54.65,54.65,West,Medium,Returned,87.19,9852
6367,Electronics,732.73,732.73,North,Medium,Completed,2620.74,5306
6368,Furniture,1078.12,1078.12,West,Medium,Pending,1226.49,2072
6369,Electronics,1105.18,1105.18,East,Medium,Pending,5174.46,5111
6370,Beauty,103.91,103.91,North,High,Returned,229.66,8968
6371,Books,59.83,59.83,East,High,Returned,196.23,9828
6372,Clothing,90.91,90.91,North,Low,Returned,198.74,9997
6373,Beauty,46.45,46.45,West,High,Pending,53.45,9337
6374,Books,21.14,21.14,West,Low,Returned,18.99,
6375,Books,45.57,45.57,Central,Low,Pending,96.18,7786
6376,Toys,114.15,114.15,South,Medium,Cancelled,239.07,2162
6377,Books,28.42,28.42,West,High,Completed,133.79,7272
6378,Grocery,40.19,40.19,Central,Low,Completed,123.27,3060
6379,Beauty,148.13,148.13,North,High,Cancelled,277.05,2670
6380,Sports,362.33,362.33,West,High,Returned,1774.29,6063
6381,Furniture,2600.03,2600.03,East,Medium,Pending,7706.51,4684
6382,Furniture,1996.39,1996.39,South,Low,Pending,4595.99,6319
6383,Grocery,51.17,51.17,South,Low,Completed,243.13,8039
6384,Sports,167.72,167.72,Central,Medium,Completed,158.81,
6385,Grocery,84.74,84.74,North,High,Completed,140.83,7850
6386,Sports,210.58,210.58,Central,High,Returned,872.61,2138
6387,Sports,486.71,486.71,West,Low,Returned,1980.07,3420
6388,Toys,140.4,140.4,North,High,Pending,190.81,2907
6389,Books,57.61,57.61,West,Medium,Pending,282.29,8602
6390,Sports,375.2,375.2,West,High,Cancelled,514.94,4111
6391,Furniture,1638.51,1638.51,North,Medium,Completed,2106.17,5811
6392,Toys,62.46,62.46,East,Low,Returned,119.57,6299
6393,Electronics,938.75,938.75,South,High,Pending,4537.77,6224
6394,Furniture,890.86,890.86,South,High,Returned,1785.48,4625
6395,Beauty,55.52,55.52,West,Medium,Returned,206.42,4063
6396,Furniture,1867.67,1867.67,South,Low,Pending,4986.79,3610
6397,Toys,105.89,105.89,West,High,Cancelled,247.65,1275
6398,Clothing,36.82,36.82,Central,High,Cancelled,172.41,6701
6399,Grocery,33.51,33.51,East,Low,Cancelled,60.11,
6400,Sports,188.75,188.75,West,High,Cancelled,778.54,5750
6401,Toys,57.32,57.32,Central,High,Cancelled,121.22,2152
6402,Electronics,316.81,316.81,South,Low,Returned,255.64,5045
6403,Sports,20.86,20.86,South,High,Pending,100.46,1100
6404,Electronics,608.29,608.29,Central,Medium,Cancelled,855.21,
6405,Electronics,1076.22,1076.22,East,Medium,Pending,2429.69,8101
6406,Sports,408.25,408.25,Central,High,Cancelled,1710.01,2550
6407,Beauty,17.83,17.83,West,Medium,Pending,59.24,4547
6408,Sports,379.49,379.49,West,High,Returned,703.95,9068
6409,Grocery,72.06,72.06,Central,Low,Pending,344.26,6468
6410,Clothing,97.8,97.8,South,High,Cancelled,269.1,
6411,Toys,80.55,80.55,West,Medium,Pending,220.79,3786
6412,Books,23.86,23.86,West,Low,Cancelled,40.73,7466
6413,Grocery,86.88,86.88,West,High,Cancelled,262.71,3243
6414,Furniture,2584.84,2584.84,West,Medium,Returned,7308.72,1489
6415,Furniture,1637.67,1637.67,East,Low,Cancelled,7494.88,6166
6416,Grocery,8.05,8.05,North,High,Completed,29.84,
6417,Toys,36.38,36.38,North,Low,Completed,154.03,4955
6418,Toys,10.95,10.95,West,Low,Completed,11.28,8876
6419,Sports,256.87,256.87,West,Medium,Cancelled,768.03,3666
6420,Books,15.18,15.18,West,Low,Cancelled,41.95,8122
6421,Toys,50.2,50.2,South,Medium,Returned,112.11,4443
6422,Grocery,80.76,80.76,West,Medium,Cancelled,271.44,4064
6423,Grocery,10.84,10.84,Central,Medium,Pending,17.36,5499
6424,Beauty,15.98,15.98,North,Low,Pending,57.39,9171
6425,Beauty,95.31,95.31,East,High,Cancelled,312.26,4492
6426,Sports,81.81,81.81,North,Medium,Cancelled,285.12,8650
6427,Furniture,1931.97,1931.97,West,Low,Returned,3312.01,8117
6428,Books,58.71,58.71,South,Medium,Returned,291.4,7363
6429,Clothing,75.61,75.61,Central,Low,Returned,130.06,
6430,Furniture,2166.11,2166.11,East,Low,Completed,10100.23,6111
6431,Grocery,94.55,94.55,South,Medium,Returned,238.38,8536
6432,Books,6.3,6.3,North,Low,Cancelled,30.12,2587
6433,Electronics,1012.77,1012.77,Central,Low,Completed,3202.47,7244
6434,Clothing,26.41,26.41,Central,High,Completed,75.26,8182
6435,Grocery,60.08,60.08,North,Low,Pending,270.68,2914
6436,Books,46.71,46.71,East,High,Completed,113.95,2133
6437,Clothing,86.72,86.72,West,Medium,Completed,194.41,3493
6438,Sports,439.4,439.4,North,Low,Cancelled,1662.4,1020
6439,Grocery,67.28,67.28,North,High,Returned,274.71,8400
6440,Books,39.29,39.29,South,High,Completed,164.59,5903
6441,Electronics,683.03,683.03,South,High,Returned,941.38,1940
6442,Toys,126.86,126.86,North,High,Returned,507.45,1264
6443,Clothing,117.61,117.61,South,Medium,Completed,431.26,5836
6444,Books,39.07,39.07,North,High,Completed,55.64,8262
6445,Electronics,1919.97,1919.97,West,High,Cancelled,8173.23,1350
6446,Books,,20.31,West,Medium,Returned,25.59,7301
6447,Grocery,63.73,63.73,West,Low,Completed,101.69,6456
6448,Furniture,2285.7,2285.7,North,Medium,Pending,9326.53,8219
6449,Toys,110.76,110.76,Central,Medium,Cancelled,337.81,3165
6450,Grocery,45.46,45.46,West,Low,Completed,61.12,1890
6451,Sports,381.2,381.2,South,Medium,Pending,1023.39,5648
6452,Toys,135.83,135.83,North,Low,Completed,340.04,3355
6453,Clothing,,149.19,Central,High,Completed,379.94,5837
6454,Furniture,2519.53,2519.53,North,Low,Cancelled,3783.65,6666
6455,Toys,31.87,31.87,South,Medium,Pending,117.63,8475
6456,Grocery,97.81,97.81,West,Low,Pending,146.39,4623
6457,Books,6.44,6.44,South,Medium,Returned,12.23,1120
6458,Furniture,767.16,767.16,North,High,Returned,3471.26,9095
6459,Beauty,110.6,110.6,South,High,Pending,543.19,1549
6460,Toys,6.77,6.77,East,High,Completed,10.75,9929
6461,Beauty,97.89,97.89,East,High,Cancelled,421.87,3052
6462,Clothing,69.64,69.64,South,Low,Pending,173.56,5584
6463,Furniture,1280.58,1280.58,West,Low,Cancelled,4339.37,8858
6464,Books,51.86,51.86,South,Low,Cancelled,105.47,6255
6465,Furniture,2119.15,2119.15,West,Medium,Pending,6070.79,6105
6466,Grocery,55.08,55.08,Central,Low,Returned,69.23,7554
6467,Furniture,807.19,807.19,Central,High,Completed,975.97,2841
6468,Sports,260.22,260.22,West,Medium,Completed,1034.62,5245
6469,Clothing,23.42,23.42,East,High,Returned,55.25,9094
6470,Sports,183.15,183.15,West,Medium,Cancelled,897.38,8504
6471,Books,49.19,49.19,South,Low,Pending,93.21,3691
6472,Furniture,740.98,740.98,East,Medium,Cancelled,930.74,3515
6473,Grocery,71.09,71.09,North,Low,Cancelled,202.26,
6474,Sports,229.26,229.26,East,Low,Returned,264.06,9981
6475,Furniture,767.42,767.42,East,High,Cancelled,1844.83,7298
6476,Furniture,1576.82,1576.82,South,Low,Completed,6608.83,4665
6477,Beauty,143.58,143.58,South,Low,Completed,427.99,2315
6478,Sports,347.32,347.32,West,Low,Cancelled,1569.97,8340
6479,Sports,418.54,418.54,South,High,Completed,1139.08,2591
6480,Sports,312.4,312.4,North,Low,Pending,766.74,2345
6481,Beauty,104.55,104.55,East,High,Returned,201.38,6746
6482,Toys,16.2,16.2,Central,Low,Cancelled,61.8,9752
6483,Books,41.11,41.11,North,Medium,Cancelled,62.01,3146
6484,Grocery,89.61,89.61,East,Medium,Completed,442.57,9582
6485,Books,51.87,51.87,Central,Low,Pending,183.05,
6486,Clothing,19.4,19.4,West,Low,Cancelled,33.75,2910
6487,Electronics,107.69,107.69,Central,High,Cancelled,267.98,2974
6488,Grocery,55.12,55.12,Central,Low,Returned,252.7,4735
6489,Clothing,133.94,133.94,North,High,Returned,353.24,5399
6490,Grocery,74.26,74.26,West,Low,Completed,362.74,1754
6491,Sports,142.72,142.72,Central,High,Pending,625.04,9205
6492,Toys,122.21,122.21,West,Medium,Completed,373.77,5629
6493,Toys,16.0,16.0,South,High,Cancelled,51.07,
6494,Furniture,2295.89,2295.89,West,High,Returned,3217.52,7411
6495,Toys,108.24,108.24,West,High,Completed,198.33,9491
6496,Beauty,13.38,13.38,North,Medium,Pending,57.76,9150
6497,Books,55.39,55.39,North,Low,Completed,176.62,2931
6498,Toys,59.43,59.43,Central,High,Cancelled,148.62,
6499,Sports,405.0,405.0,Central,Medium,Returned,1990.27,6454
6500,Furniture,2226.61,2226.61,West,Medium,Pending,7515.39,
6501,Sports,466.75,466.75,Central,Low,Pending,620.18,5061
6502,Sports,492.32,492.32,West,Low,Cancelled,2429.07,4101
6503,Sports,272.18,272.18,Central,High,Pending,734.58,8099
6504,Books,34.6,34.6,West,Medium,Returned,141.45,1644
6505,Toys,126.33,126.33,East,Medium,Cancelled,331.39,7315
6506,Furniture,1233.16,1233.16,Central,Low,Completed,2068.24,3302
6507,Grocery,22.66,22.66,East,High,Completed,23.52,9994
6508,Grocery,90.57,90.57,Central,Medium,Pending,262.04,
6509,Clothing,43.14,43.14,West,Low,Pending,168.62,6685
6510,Electronics,207.57,207.57,Central,Low,Pending,705.77,2112
6511,Furniture,,706.48,East,Medium,Returned,3183.27,6273
6512,Electronics,1851.8,1851.8,East,Low,Completed,8677.27,4700
6513,Grocery,54.78,54.78,West,Low,Returned,216.07,9946
6514,Grocery,77.77,77.77,North,High,Completed,286.84,4573
6515,Furniture,1730.04,1730.04,West,Low,Returned,6813.19,4255
6516,Sports,44.38,44.38,North,Medium,Returned,160.99,5727
6517,Books,53.88,53.88,East,Low,Completed,157.41,1191
6518,Sports,352.73,352.73,East,Low,Pending,1465.5,4021
6519,Grocery,93.21,93.21,Central,Medium,Cancelled,354.02,4446
6520,Grocery,6.11,6.11,North,Low,Completed,28.46,4762
6521,Grocery,73.28,73.28,West,Medium,Returned,218.31,2485
6522,Toys,,43.78,Central,High,Cancelled,175.07,3481
6523,Books,18.65,18.65,East,Low,Cancelled,22.13,6432
6524,Toys,73.95,73.95,South,High,Pending,216.6,2336
6525,Electronics,1225.83,1225.83,North,Low,Completed,1035.24,8284
6526,Grocery,93.01,93.01,East,High,Completed,335.95,5928
6527,Grocery,36.12,36.12,West,High,Completed,37.39,3583
6528,Sports,421.38,421.38,North,Low,Returned,1741.04,8076
6529,Sports,52.83,52.83,West,Low,Returned,198.01,7832
6530,Grocery,,72.94,South,Low,Returned,170.77,2443
6531,Electronics,1900.96,1900.96,East,High,Completed,7288.45,3458
6532,Books,55.65,55.65,South,High,Returned,125.05,7775
6533,Grocery,84.81,84.81,North,Medium,Pending,385.67,9418
6534,Electronics,1971.22,1971.22,West,High,Cancelled,3847.95,7117
6535,Electronics,1036.67,1036.67,Central,Low,Cancelled,3695.06,1235
6536,Toys,23.24,23.24,East,Medium,Pending,100.55,8209
6537,Beauty,53.06,53.06,South,High,Pending,236.72,5166
6538,Toys,21.77,21.77,South,Medium,Completed,96.2,2210
6539,Electronics,470.82,470.82,North,High,Pending,848.69,9891
6540,Grocery,21.43,21.43,North,Medium,Pending,59.31,7062
6541,Beauty,135.12,135.12,Central,High,Pending,396.11,1585
6542,Toys,18.88,18.88,South,Medium,Cancelled,32.54,2839
6543,Grocery,84.38,84.38,East,Medium,Cancelled,298.21,4811
6544,Furniture,2969.66,2969.66,North,High,Completed,10687.14,6552
6545,Clothing,105.17,105.17,Central,Medium,Pending,235.73,8042
6546,Grocery,61.03,61.03,Central,Low,Completed,236.89,5521
6547,Clothing,193.37,193.37,East,High,Returned,913.88,2101
6548,Grocery,81.8,81.8,South,Low,Returned,320.06,6509
6549,Sports,390.11,390.11,North,High,Pending,328.07,7131
6550,Furniture,1677.56,1677.56,West,Low,Pending,4512.01,4479
6551,Grocery,95.65,95.65,West,Medium,Completed,295.92,2628
6552,Toys,68.04,68.04,North,High,Cancelled,66.04,9297
6553,Furniture,,896.18,West,High,Returned,3092.87,1510
6554,Furniture,2348.75,2348.75,West,High,Cancelled,10090.08,8051
6555,Furniture,607.8,607.8,South,Low,Pending,2655.54,6250
6556,Furniture,395.02,395.02,South,Low,Returned,482.01,3597
6557,Toys,149.88,149.88,North,High,Pending,316.8,6474
6558,Clothing,111.28,111.28,North,High,Pending,351.05,5380
6559,Electronics,1953.55,1953.55,West,Medium,Returned,9625.74,5279
6560,Grocery,91.7,91.7,Central,Low,Completed,345.87,8107
6561,Toys,31.28,31.28,Central,High,Cancelled,34.57,5561
6562,Toys,76.22,76.22,South,Medium,Returned,256.93,4256
6563,Grocery,2.56,2.56,North,Medium,Returned,2.11,6816
6564,Furniture,2236.68,2236.68,East,High,Cancelled,7646.56,6925
6565,Grocery,69.68,69.68,East,Medium,Pending,125.7,4379
6566,Clothing,195.19,195.19,North,High,Completed,342.49,
6567,Clothing,160.28,160.28,South,Low,Completed,175.5,1204
6568,Beauty,54.93,54.93,West,Low,Returned,82.75,4521
6569,Toys,78.36,78.36,East,High,Completed,172.47,5272
6570,Beauty,146.01,146.01,North,Low,Pending,665.93,9654
6571,Clothing,185.6,185.6,West,Low,Completed,601.55,9444
6572,Electronics,1006.64,1006.64,South,Medium,Completed,2105.7,6623
6573,Toys,25.66,25.66,Central,Medium,Pending,102.53,9896
6574,Beauty,30.7,30.7,South,High,Pending,123.11,8888
6575,Electronics,658.76,658.76,South,Medium,Cancelled,605.62,6617
6576,Books,38.94,38.94,Central,High,Pending,69.69,2977
6577,Electronics,1040.07,1040.07,East,Low,Completed,4404.26,2522
6578,Toys,39.17,39.17,South,Medium,Pending,111.63,5367
6579,Electronics,1193.27,1193.27,East,Medium,Completed,3631.63,2081
6580,Furniture,2497.65,2497.65,North,Medium,Pending,11266.79,7702
6581,Clothing,54.15,54.15,West,High,Pending,150.69,6269
6582,Books,24.09,24.09,West,High,Cancelled,83.05,5344
6583,Clothing,172.4,172.4,West,Medium,Completed,858.06,8374
6584,Toys,86.86,86.86,South,Low,Returned,220.55,6991
6585,Clothing,131.38,131.38,North,Low,Pending,528.62,6195
6586,Beauty,44.9,44.9,Central,Low,Pending,223.7,
6587,Sports,436.63,436.63,West,Low,Pending,1111.22,4296
6588,Books,46.56,46.56,North,High,Completed,94.35,9176
6589,Electronics,1315.28,1315.28,East,Low,Pending,5503.4,9835
6590,Sports,116.31,116.31,North,High,Returned,268.41,9145
6591,Toys,74.17,74.17,Central,High,Returned,181.9,3354
6592,Clothing,86.01,86.01,East,High,Pending,398.12,8472
6593,Toys,118.17,118.17,Central,High,Cancelled,546.07,7408
6594,Toys,73.94,73.94,South,Medium,Pending,251.97,6504
6595,Sports,90.28,90.28,East,Medium,Pending,339.53,7777
6596,Beauty,127.56,127.56,Central,Low,Pending,600.19,2007
6597,Clothing,49.62,49.62,North,Medium,Returned,131.24,3333
6598,Clothing,143.37,143.37,West,Medium,Cancelled,603.25,8971
6599,Beauty,,111.87,East,Medium,Pending,508.54,8248
6600,Sports,298.51,298.51,Central,High,Returned,411.37,5476
6601,Furniture,1769.28,1769.28,North,Medium,Pending,1702.2,9694
6602,Grocery,22.36,22.36,Central,Low,Completed,62.39,4351
6603,Books,52.51,52.51,South,High,Completed,153.08,2695
6604,Sports,79.57,79.57,Central,Low,Returned,209.96,2919
6605,Electronics,738.87,738.87,Central,Medium,Pending,1518.61,7748
6606,Books,,49.31,Central,Medium,Returned,167.15,3681
6607,Furniture,2573.57,2573.57,North,Medium,Returned,11402.04,1664
6608,Beauty,88.15,88.15,Central,Medium,Returned,156.53,7993
6609,Beauty,70.68,70.68,Central,Medium,Returned,124.91,8784
6610,Furniture,,1268.78,West,Medium,Cancelled,1074.59,
6611,Toys,21.56,21.56,Central,High,Completed,26.1,3444
6612,Grocery,2.44,2.44,West,Low,Completed,12.05,9233
6613,Sports,70.58,70.58,East,Medium,Completed,179.25,3803
6614,Electronics,305.65,305.65,North,High,Pending,1407.32,5929
6615,Toys,126.94,126.94,West,Medium,Completed,353.72,8092
6616,Sports,210.53,210.53,West,Medium,Returned,888.5,4578
6617,Furniture,671.67,671.67,South,Low,Cancelled,608.69,2939
6618,Grocery,77.89,77.89,North,Medium,Returned,312.97,6985
6619,Beauty,69.44,69.44,South,Medium,Pending,300.0,5290
6620,Electronics,1374.22,1374.22,West,High,Cancelled,2830.69,3185
6621,Sports,141.26,141.26,East,High,Returned,385.51,5115
6622,Beauty,21.06,21.06,North,Low,Returned,53.09,
6623,Furniture,2651.13,2651.13,North,High,Completed,12338.35,8698
6624,Sports,197.72,197.72,North,High,Pending,169.57,5095
6625,Sports,160.9,160.9,Central,High,Pending,296.47,3310
6626,Electronics,1224.72,1224.72,East,Medium,Returned,1936.22,3422
6627,Electronics,380.24,380.24,North,Low,Cancelled,473.33,7598
6628,Books,19.35,19.35,East,High,Returned,78.58,4609
6629,Sports,158.56,158.56,East,High,Pending,398.3,8898
6630,Books,42.2,42.2,North,Low,Pending,159.89,4219
6631,Electronics,840.41,840.41,South,Low,Cancelled,3994.34,5751
6632,Beauty,10.67,10.67,North,Medium,Completed,33.27,8739
6633,Clothing,21.38,21.38,North,Medium,Completed,76.09,7917
6634,Toys,66.47,66.47,North,Medium,Returned,196.88,1420
6635,Furniture,1836.5,1836.5,West,Medium,Completed,4063.53,9869
6636,Beauty,53.27,53.27,Central,Low,Cancelled,90.11,3957
6637,Beauty,98.0,98.0,Central,Low,Returned,379.67,4327
6638,Furniture,,2834.76,North,Medium,Completed,5318.0,4173
6639,Grocery,65.99,65.99,West,Low,Cancelled,228.97,1130
6640,Toys,116.02,116.02,South,High,Completed,528.28,7336
6641,Books,35.05,35.05,South,High,Cancelled,110.74,4752
6642,Toys,129.54,129.54,North,Medium,Returned,454.43,6158
6643,Beauty,36.82,36.82,North,Low,Cancelled,46.31,2146
6644,Beauty,139.74,139.74,South,Medium,Pending,199.61,8506
6645,Grocery,26.76,26.76,West,High,Returned,52.19,4347
6646,Electronics,126.22,126.22,West,Low,Cancelled,166.6,9017
6647,Furniture,885.96,885.96,West,Medium,Cancelled,1143.89,3982
6648,Sports,105.03,105.03,North,Medium,Completed,485.83,3159
6649,Grocery,62.11,62.11,Central,High,Pending,69.39,8612
6650,Electronics,543.42,543.42,North,High,Returned,2652.57,5894
6651,Furniture,201.15,201.15,West,High,Cancelled,443.92,7048
6652,Clothing,126.81,126.81,South,Low,Cancelled,278.89,4965
6653,Clothing,82.09,82.09,South,Medium,Returned,133.32,5848
6654,Beauty,123.2,123.2,East,Low,Returned,603.99,3183
6655,Electronics,1984.82,1984.82,Central,Medium,Cancelled,8126.22,3047
6656,Clothing,16.77,16.77,East,High,Completed,41.43,7264
6657,Sports,241.25,241.25,East,Low,Returned,957.39,2190
6658,Clothing,199.5,199.5,Central,High,Completed,166.79,4480
6659,Books,39.47,39.47,Central,Medium,Cancelled,145.78,6823
6660,Electronics,1621.79,1621.79,East,Low,Cancelled,5388.55,1719
6661,Sports,291.13,291.13,Central,Low,Returned,862.67,5728
6662,Toys,116.28,116.28,West,High,Pending,478.05,1572
6663,Books,37.79,37.79,South,High,Completed,59.96,
6664,Beauty,72.42,72.42,Central,Low,Completed,158.22,
6665,Furniture,699.67,699.67,West,Medium,Completed,1575.51,3239
6666,Books,17.87,17.87,South,Low,Returned,58.42,4675
6667,Grocery,38.63,38.63,South,Low,Cancelled,115.28,5260
6668,Electronics,642.47,642.47,South,Medium,Cancelled,992.48,2836
6669,Clothing,151.44,151.44,East,Medium,Cancelled,318.35,6742
6670,Electronics,334.15,334.15,West,Low,Completed,293.0,7371
6671,Clothing,177.22,177.22,South,Medium,Returned,646.68,9023
6672,Furniture,142.88,142.88,East,High,Cancelled,494.94,1170
6673,Beauty,32.59,32.59,North,Medium,Completed,59.38,5888
6674,Electronics,603.38,603.38,North,High,Completed,1610.32,7959
6675,Furniture,2710.07,2710.07,South,Medium,Completed,5285.6,1534
6676,Clothing,,39.71,South,High,Pending,119.98,7960
6677,Sports,234.04,234.04,East,Medium,Pending,563.51,3469
6678,Electronics,1158.79,1158.79,North,Medium,Cancelled,1854.65,1027
6679,Beauty,142.24,142.24,North,Medium,Returned,181.32,1931
6680,Grocery,48.68,48.68,Central,High,Cancelled,202.35,4788
6681,Clothing,67.92,67.92,West,Medium,Pending,149.57,
6682,Grocery,25.3,25.3,South,Low,Returned,108.89,5999
6683,Beauty,103.28,103.28,South,High,Returned,150.72,3698
6684,Grocery,65.63,65.63,South,Medium,Completed,307.91,7601
6685,Toys,63.61,63.61,Central,High,Returned,118.29,7003
6686,Sports,312.64,312.64,South,Medium,Completed,1440.36,2552
6687,Furniture,901.92,901.92,Central,Low,Completed,1313.02,1770
6688,Grocery,33.36,33.36,North,Low,Returned,64.54,5910
6689,Toys,13.45,13.45,North,Medium,Pending,49.9,7147
6690,Grocery,43.4,43.4,North,Medium,Returned,88.84,
6691,Electronics,905.43,905.43,West,Medium,Completed,4381.62,4570
6692,Clothing,169.67,169.67,West,Low,Pending,465.11,7223
6693,Furniture,1529.6,1529.6,South,Medium,Pending,6970.66,9355
6694,Toys,118.48,118.48,Central,Low,Returned,413.47,2736
6695,Grocery,75.9,75.9,West,High,Pending,149.85,8562
6696,Beauty,93.34,93.34,East,Low,Completed,303.16,1609
6697,Sports,356.34,356.34,West,Medium,Returned,1727.44,5821
6698,Electronics,1140.1,1140.1,South,High,Cancelled,4700.57,9246
6699,Toys,80.49,80.49,South,Medium,Returned,89.49,6692
6700,Sports,311.68,311.68,Central,Low,Returned,1417.77,3987
6701,Electronics,705.76,705.76,South,Low,Completed,2726.23,5905
6702,Beauty,,116.11,West,Low,Returned,580.0,3473
6703,Furniture,660.0,660.0,North,Medium,Cancelled,2657.67,2182
6704,Furniture,2456.01,2456.01,East,Medium,Pending,11632.55,4700
6705,Books,40.74,40.74,Central,High,Cancelled,94.09,7809
6706,Furniture,2152.91,2152.91,Central,Medium,Pending,4345.67,6563
6707,Electronics,161.49,161.49,North,Low,Completed,626.13,7675
6708,Electronics,778.13,778.13,Central,Medium,Pending,2718.43,9255
6709,Clothing,74.01,74.01,Central,High,Pending,107.47,9013
6710,Electronics,378.69,378.69,Central,Low,Returned,942.93,1709
6711,Grocery,82.17,82.17,South,Low,Completed,154.54,7452
6712,Books,53.87,53.87,Central,Low,Completed,230.12,2808
6713,Books,59.51,59.51,Central,Low,Pending,289.11,2129
6714,Books,18.27,18.27,West,Medium,Cancelled,36.48,8640
6715,Toys,38.16,38.16,South,Medium,Returned,118.24,6589
6716,Sports,222.78,222.78,North,High,Cancelled,1051.65,2263
6717,Sports,460.81,460.81,West,Medium,Completed,1084.87,8009
6718,Sports,23.46,23.46,North,Medium,Pending,85.38,2571
6719,Toys,113.6,113.6,North,Medium,Cancelled,530.28,3448
6720,Beauty,91.79,91.79,South,Medium,Pending,78.26,8001
6721,Toys,62.31,62.31,South,High,Returned,126.31,7415
6722,Books,35.57,35.57,Central,Low,Cancelled,57.64,5847
6723,Toys,127.17,127.17,North,Low,Returned,573.22,5975
6724,Books,30.64,30.64,East,Low,Returned,49.86,6608
6725,Sports,361.37,361.37,Central,Medium,Pending,1092.62,7953
6726,Clothing,,45.74,South,High,Returned,204.24,2479
6727,Sports,358.5,358.5,East,Low,Returned,597.19,8386
6728,Sports,266.48,266.48,West,Medium,Returned,543.9,2791
6729,Clothing,138.11,138.11,South,Medium,Completed,447.47,8228
6730,Books,11.24,11.24,East,Medium,Pending,47.79,5576
6731,Electronics,854.28,854.28,North,Low,Completed,3863.73,3991
6732,Sports,311.31,311.31,West,Medium,Pending,1258.24,9262
6733,Furniture,722.59,722.59,South,Medium,Pending,3537.45,7767
6734,Grocery,31.85,31.85,Central,High,Pending,144.21,
6735,Beauty,85.67,85.67,South,Medium,Returned,111.93,7913
6736,Clothing,131.29,131.29,West,High,Completed,191.98,9896
6737,Furniture,2860.91,2860.91,East,Low,Cancelled,5805.44,7256
6738,Toys,61.06,61.06,North,Medium,Completed,49.14,7444
6739,Books,55.24,55.24,South,High,Completed,104.6,9342
6740,Sports,271.64,271.64,Central,High,Pending,390.17,1856
6741,Electronics,1550.06,1550.06,East,Low,Returned,5450.29,2889
6742,Toys,44.46,44.46,North,Low,Completed,74.95,3358
6743,Electronics,1448.93,1448.93,Central,Medium,Pending,1570.99,5597
6744,Sports,214.7,214.7,North,Low,Completed,892.63,3320
6745,Clothing,25.31,25.31,North,High,Pending,24.58,6619
6746,Furniture,2941.48,2941.48,East,Low,Completed,11591.03,2573
6747,Sports,338.37,338.37,North,High,Returned,1405.52,3737
6748,Grocery,96.02,96.02,North,Low,Returned,425.11,3283
6749,Clothing,,55.15,East,High,Returned,236.45,5263
6750,Beauty,84.84,84.84,Central,Low,Completed,315.54,3383
6751,Toys,105.96,105.96,West,Low,Cancelled,496.63,5671
6752,Clothing,137.42,137.42,East,Medium,Returned,599.25,7527
6753,Grocery,10.58,10.58,South,Low,Pending,36.04,
6754,Beauty,122.44,122.44,South,High,Completed,299.57,9229
6755,Electronics,1948.51,1948.51,West,Low,Returned,7112.82,6439
6756,Clothing,148.59,148.59,Central,Low,Pending,699.23,1303
6757,Toys,54.53,54.53,West,Low,Returned,235.46,2350
6758,Furniture,128.45,128.45,North,High,Cancelled,418.75,3622
6759,Beauty,37.95,37.95,Central,Medium,Returned,86.32,4042
6760,Grocery,28.91,28.91,West,Medium,Completed,108.06,9459
6761,Toys,23.1,23.1,Central,Medium,Pending,33.97,3918
6762,Toys,41.95,41.95,North,Low,Returned,109.7,2404
6763,Books,36.55,36.55,South,High,Completed,163.67,7307
6764,Toys,123.78,123.78,Central,High,Pending,280.19,2946
6765,Toys,36.81,36.81,North,Low,Returned,55.8,1993
6766,Books,9.24,9.24,Central,Low,Completed,28.83,8403
6767,Electronics,1076.25,1076.25,South,Medium,Pending,5206.64,8247
6768,Furniture,533.71,533.71,North,Low,Cancelled,1467.68,8058
6769,Books,36.28,36.28,South,Medium,Returned,32.95,8855
6770,Grocery,60.93,60.93,West,Low,Completed,278.22,2138
6771,Beauty,25.79,25.79,South,Medium,Completed,40.25,2168
6772,Sports,249.69,249.69,West,High,Returned,255.84,5791
6773,Clothing,17.19,17.19,South,High,Completed,52.34,
6774,Furniture,,2519.74,Central,High,Cancelled,9523.62,4895
6775,Toys,127.27,127.27,South,High,Completed,479.63,3744
6776,Furniture,255.74,255.74,North,High,Returned,357.83,8731
6777,Grocery,53.85,53.85,North,High,Completed,111.53,9314
6778,Beauty,102.23,102.23,North,Low,Completed,87.82,8518
6779,Sports,148.04,148.04,West,Low,Completed,495.42,7033
6780,Grocery,38.56,38.56,Central,Low,Completed,61.33,6052
6781,Clothing,52.9,52.9,West,Low,Cancelled,97.92,6490
6782,Clothing,161.08,161.08,East,High,Pending,267.68,3870
6783,Books,44.47,44.47,East,Medium,Completed,37.31,3494
6784,Clothing,94.31,94.31,Central,Low,Returned,183.76,2313
6785,Books,38.1,38.1,Central,Medium,Cancelled,138.37,1182
6786,Beauty,103.67,103.67,East,Medium,Returned,459.19,6416
6787,Furniture,2843.32,2843.32,Central,High,Returned,11755.35,7038
6788,Furniture,475.2,475.2,North,Low,Completed,403.23,2939
6789,Sports,84.07,84.07,Central,Low,Returned,157.45,7904
6790,Furniture,361.04,361.04,North,Low,Cancelled,1316.75,5709
6791,Clothing,,145.53,North,Low,Cancelled,668.87,7172
6792,Toys,125.61,125.61,South,Low,Completed,301.17,2068
6793,Electronics,273.47,273.47,Central,Medium,Pending,1333.24,7702
6794,Beauty,22.31,22.31,West,Low,Cancelled,95.15,4256
6795,Electronics,1552.26,1552.26,South,Medium,Pending,2297.22,4415
6796,Books,41.68,41.68,East,High,Pending,66.74,7692
6797,Books,54.9,54.9,South,High,Cancelled,139.68,6832
6798,Clothing,89.5,89.5,Central,High,Returned,376.95,3586
6799,Electronics,650.64,650.64,West,High,Cancelled,907.78,7159
6800,Sports,165.01,165.01,East,Medium,Pending,679.33,3659
6801,Toys,7.68,7.68,East,Medium,Returned,36.32,7077
6802,Toys,139.88,139.88,West,Medium,Cancelled,199.73,9441
6803,Furniture,1250.97,1250.97,Central,High,Completed,1515.9,9862
6804,Beauty,30.35,30.35,Central,Low,Pending,117.19,1586
6805,Electronics,1630.09,1630.09,East,Medium,Pending,5861.0,3016
6806,Sports,369.49,369.49,West,High,Completed,1667.84,8064
6807,Toys,146.53,146.53,Central,Medium,Completed,598.48,2234
6808,Toys,11.73,11.73,West,High,Cancelled,11.15,9398
6809,Toys,90.14,90.14,North,Medium,Pending,141.22,6124
6810,Books,27.35,27.35,South,High,Returned,68.7,1080
6811,Grocery,23.86,23.86,North,Medium,Pending,119.27,3856
6812,Clothing,57.1,57.1,East,High,Completed,82.86,1289
6813,Books,54.52,54.52,East,Medium,Returned,196.52,7176
6814,Grocery,25.83,25.83,North,Low,Cancelled,70.43,8378
6815,Sports,475.1,475.1,East,High,Cancelled,1958.66,5486
6816,Books,32.83,32.83,East,Medium,Pending,159.48,4403
6817,Furniture,,736.88,South,Low,Completed,1432.6,7635
6818,Grocery,25.09,25.09,South,Medium,Pending,98.57,2980
6819,Grocery,64.08,64.08,North,Low,Cancelled,54.48,
6820,Clothing,35.85,35.85,North,Medium,Completed,109.29,5784
6821,Clothing,67.64,67.64,West,Low,Pending,182.12,5271
6822,Furniture,1956.7,1956.7,West,Low,Cancelled,2231.64,4922
6823,Books,24.33,24.33,South,High,Pending,89.06,5923
6824,Beauty,115.63,115.63,North,High,Returned,241.54,1023
6825,Clothing,132.82,132.82,Central,High,Cancelled,415.79,5874
6826,Clothing,113.37,113.37,Central,Medium,Completed,118.17,7580
6827,Books,28.91,28.91,West,Low,Cancelled,56.01,6142
6828,Sports,374.72,374.72,West,Medium,Cancelled,879.83,2089
6829,Grocery,,26.1,North,Low,Cancelled,35.51,5812
6830,Electronics,1276.38,1276.38,West,Medium,Pending,4203.14,3796
6831,Electronics,241.57,241.57,West,High,Pending,236.0,5190
6832,Grocery,20.37,20.37,South,Medium,Completed,73.89,6889
6833,Beauty,71.06,71.06,South,Medium,Completed,256.64,8305
6834,Grocery,22.38,22.38,West,High,Cancelled,64.25,7392
6835,Clothing,105.22,105.22,Central,Medium,Cancelled,176.48,6955
6836,Grocery,33.45,33.45,South,Medium,Cancelled,116.03,6579
6837,Clothing,69.84,69.84,East,High,Returned,328.54,9971
6838,Beauty,23.44,23.44,North,Low,Cancelled,73.73,1533
6839,Sports,427.04,427.04,East,Medium,Pending,992.32,1816
6840,Sports,293.71,293.71,West,Medium,Returned,943.01,
6841,Books,57.6,57.6,Central,Low,Completed,256.05,6566
6842,Toys,53.19,53.19,East,Low,Pending,259.02,6635
6843,Furniture,1499.67,1499.67,East,Medium,Returned,5769.26,6801
6844,Sports,278.71,278.71,North,Medium,Completed,1187.66,6045
6845,Electronics,405.4,405.4,East,Low,Returned,1476.27,5520
6846,Grocery,88.76,88.76,North,High,Pending,230.49,9911
6847,Furniture,967.53,967.53,North,High,Completed,1866.43,9512
6848,Electronics,1274.71,1274.71,East,Medium,Completed,3132.47,6019
6849,Furniture,159.73,159.73,West,High,Cancelled,532.6,1882
6850,Books,45.83,45.83,South,Low,Completed,86.89,5845
6851,Furniture,1307.19,1307.19,South,High,Completed,4342.86,4467
6852,Clothing,142.63,142.63,North,Low,Completed,184.52,1666
6853,Furniture,1673.84,1673.84,Central,High,Completed,7997.66,9462
6854,Clothing,173.18,173.18,Central,Medium,Completed,643.03,7317
6855,Sports,259.58,259.58,South,High,Completed,680.33,
6856,Furniture,752.95,752.95,South,Medium,Pending,3095.87,1730
6857,Clothing,170.5,170.5,East,Medium,Pending,849.47,7170
6858,Toys,74.38,74.38,East,High,Cancelled,314.36,3915
6859,Books,,44.69,East,High,Cancelled,133.58,3503
6860,Electronics,118.78,118.78,South,High,Pending,100.47,3223
6861,Sports,331.63,331.63,West,High,Completed,949.47,6296
6862,Books,24.99,24.99,North,Low,Completed,106.63,8642
6863,Sports,468.46,468.46,South,Medium,Returned,647.37,7748
6864,Beauty,74.23,74.23,East,Low,Completed,86.45,1874
6865,Grocery,65.13,65.13,East,Low,Completed,107.61,8808
6866,Toys,127.49,127.49,Central,Medium,Returned,244.38,9055
6867,Books,45.95,45.95,West,Low,Completed,38.05,8238
6868,Grocery,99.16,99.16,West,High,Pending,286.17,4137
6869,Toys,84.27,84.27,Central,High,Completed,336.39,1507
6870,Electronics,378.57,378.57,North,High,Returned,1037.73,7375
6871,Sports,495.46,495.46,Central,Medium,Returned,1528.48,2821
6872,Clothing,34.57,34.57,Central,Medium,Pending,41.23,3874
6873,Beauty,41.76,41.76,South,High,Cancelled,43.05,5706
6874,Beauty,85.77,85.77,North,High,Returned,241.49,7841
6875,Toys,115.12,115.12,Central,Low,Completed,398.07,4858
6876,Grocery,46.24,46.24,North,Medium,Cancelled,162.32,1052
6877,Beauty,39.69,39.69,South,High,Returned,39.49,9420
6878,Grocery,71.03,71.03,Central,Low,Cancelled,280.4,5786
6879,Beauty,95.91,95.91,East,Medium,Returned,430.8,5825
6880,Sports,137.84,137.84,West,Medium,Completed,254.66,2152
6881,Books,11.99,11.99,North,Low,Completed,27.27,6822
6882,Clothing,41.15,41.15,Central,Low,Returned,99.32,3835
6883,Furniture,529.62,529.62,North,High,Pending,1884.23,3704
6884,Grocery,33.62,33.62,East,Medium,Returned,29.62,7588
6885,Clothing,20.63,20.63,North,Low,Pending,88.48,1882
6886,Beauty,32.26,32.26,East,High,Cancelled,50.26,6867
6887,Beauty,142.75,142.75,East,Medium,Completed,713.04,4797
6888,Furniture,114.68,114.68,East,Low,Returned,280.6,2480
6889,Books,45.52,45.52,West,Medium,Cancelled,158.01,8185
6890,Grocery,78.75,78.75,South,High,Pending,206.6,8867
6891,Clothing,67.76,67.76,South,High,Pending,227.05,5653
6892,Books,16.02,16.02,West,Low,Cancelled,18.29,5761
6893,Clothing,,113.98,East,Medium,Completed,104.54,4682
6894,Electronics,1346.26,1346.26,South,High,Returned,5379.54,2753
6895,Electronics,1728.02,1728.02,Central,Low,Returned,3771.22,2306
6896,Furniture,392.04,392.04,West,High,Returned,1168.73,8334
6897,Toys,105.64,105.64,North,Medium,Returned,114.39,8103
6898,Beauty,12.12,12.12,West,Medium,Returned,51.03,6404
6899,Clothing,148.98,148.98,North,High,Cancelled,210.51,8669
6900,Toys,122.21,122.21,East,Medium,Completed,439.86,7536
6901,Books,9.92,9.92,North,High,Returned,36.2,9031
6902,Beauty,33.96,33.96,North,Low,Cancelled,43.82,7615
6903,Sports,231.88,231.88,North,Low,Returned,741.94,3303
6904,Furniture,372.19,372.19,South,Low,Cancelled,1804.96,4217
6905,Sports,298.03,298.03,North,High,Cancelled,819.2,
6906,Sports,278.04,278.04,North,Low,Pending,419.04,2016
6907,Grocery,23.68,23.68,Central,Low,Pending,23.34,5841
6908,Beauty,61.91,61.91,East,High,Returned,276.89,7922
6909,Grocery,90.62,90.62,South,Medium,Cancelled,149.77,2946
6910,Electronics,1462.32,1462.32,East,High,Pending,5565.66,3225
6911,Electronics,893.36,893.36,East,Low,Completed,2079.77,4504
6912,Electronics,518.99,518.99,South,Medium,Cancelled,1231.49,1995
6913,Furniture,111.55,111.55,South,Low,Cancelled,331.14,1845
6914,Toys,141.76,141.76,West,High,Cancelled,194.16,2381
6915,Clothing,91.52,91.52,South,Medium,Completed,86.94,8330
6916,Grocery,2.15,2.15,Central,Low,Pending,10.65,8998
6917,Electronics,1545.79,1545.79,West,Medium,Completed,6830.63,3755
6918,Toys,104.49,104.49,East,High,Completed,103.09,4557
6919,Grocery,11.27,11.27,West,Medium,Cancelled,47.68,
6920,Grocery,99.9,99.9,East,High,Returned,89.97,4526
6921,Clothing,141.45,141.45,North,Low,Completed,254.06,1480
6922,Beauty,20.17,20.17,Central,Low,Pending,90.79,6032
6923,Books,6.37,6.37,Central,High,Returned,22.14,9922
6924,Sports,264.04,264.04,North,Low,Returned,521.9,5896
6925,Sports,331.19,331.19,South,High,Pending,502.8,5161
6926,Grocery,,82.03,West,Medium,Returned,97.87,8952
6927,Toys,25.11,25.11,Central,Low,Cancelled,116.54,7672
6928,Sports,398.89,398.89,East,Medium,Completed,458.86,1619
6929,Clothing,39.82,39.82,North,Low,Completed,48.79,8476
6930,Sports,97.51,97.51,Central,Medium,Pending,245.39,7171
6931,Toys,73.0,73.0,South,High,Returned,118.16,2110
6932,Electronics,1840.06,1840.06,East,High,Pending,5993.95,5867
6933,Electronics,1345.6,1345.6,Central,Low,Returned,2689.36,7452
6934,Clothing,144.52,144.52,East,Medium,Pending,603.5,2118
6935,Beauty,10.38,10.38,East,Medium,Returned,14.5,5614
6936,Toys,111.07,111.07,Central,Low,Completed,400.0,4276
6937,Toys,106.26,106.26,North,Medium,Pending,509.98,1405
6938,Beauty,100.14,100.14,South,Medium,Returned,425.55,1163
6939,Beauty,13.31,13.31,South,Low,Cancelled,20.32,4607
6940,Toys,25.73,25.73,West,Low,Cancelled,92.5,3100
6941,Grocery,32.83,32.83,North,Medium,Cancelled,33.1,
6942,Books,50.23,50.23,East,High,Cancelled,206.15,6959
6943,Sports,160.8,160.8,South,Low,Returned,182.33,2474
6944,Grocery,73.75,73.75,South,High,Cancelled,348.31,8819
6945,Toys,91.65,91.65,West,Medium,Cancelled,234.44,7915
6946,Beauty,59.68,59.68,East,Low,Completed,102.82,2690
6947,Sports,459.28,459.28,East,High,Pending,687.69,3644
6948,Clothing,90.41,90.41,East,High,Pending,403.54,5700
6949,Grocery,13.76,13.76,North,High,Cancelled,44.08,1702
6950,Electronics,701.99,701.99,Central,Low,Pending,1807.18,5797
6951,Sports,294.82,294.82,North,Low,Pending,831.79,8492
6952,Electronics,120.91,120.91,Central,High,Cancelled,143.06,9158
6953,Books,6.97,6.97,East,High,Pending,34.82,7101
6954,Clothing,49.8,49.8,East,High,Pending,191.54,5887
6955,Grocery,96.93,96.93,North,Low,Cancelled,315.99,
6956,Furniture,2972.61,2972.61,North,Medium,Cancelled,13744.73,7035
6957,Grocery,91.48,91.48,West,High,Returned,223.57,4550
6958,Sports,406.96,406.96,North,High,Returned,1636.78,9977
6959,Electronics,1357.63,1357.63,East,High,Pending,3349.31,5382
6960,Clothing,99.25,99.25,North,Low,Returned,220.27,9936
6961,Clothing,176.19,176.19,East,Medium,Returned,844.2,2936
6962,Beauty,,39.01,North,Medium,Pending,120.51,5217
6963,Books,7.29,7.29,East,Low,Returned,34.21,4257
6964,Clothing,38.85,38.85,North,Low,Pending,81.71,7245
6965,Sports,351.6,351.6,Central,High,Pending,1642.93,3921
6966,Clothing,73.58,73.58,East,High,Returned,59.55,5774
6967,Sports,366.64,366.64,North,Medium,Cancelled,1211.03,8401
6968,Books,17.09,17.09,North,High,Returned,34.93,4310
6969,Furniture,1171.47,1171.47,South,Medium,Cancelled,1247.2,2819
6970,Electronics,1363.59,1363.59,East,Medium,Cancelled,4156.54,6372
6971,Toys,79.05,79.05,West,Low,Returned,92.53,6576
6972,Beauty,93.42,93.42,North,Medium,Pending,91.18,2013
6973,Beauty,130.53,130.53,Central,Medium,Returned,640.74,7980
6974,Sports,226.57,226.57,South,Low,Returned,893.64,7496
6975,Furniture,692.34,692.34,East,Medium,Returned,621.07,3975
6976,Clothing,64.6,64.6,East,Low,Pending,294.66,5252
6977,Grocery,90.09,90.09,Central,Low,Pending,416.7,9375
6978,Clothing,156.01,156.01,East,Low,Returned,133.81,8612
6979,Toys,49.23,49.23,North,Medium,Cancelled,151.65,6524
6980,Beauty,80.77,80.77,Central,Low,Pending,155.58,3141
6981,Furniture,2682.0,2682.0,West,Low,Cancelled,4570.58,4652
6982,Sports,22.99,22.99,West,High,Pending,40.61,3249
6983,Toys,73.19,73.19,Central,Low,Returned,144.2,6896
6984,Sports,361.15,361.15,North,High,Completed,1273.39,9888
6985,Sports,257.15,257.15,East,Low,Pending,718.54,6088
6986,Clothing,165.75,165.75,West,Medium,Cancelled,808.6,3129
6987,Beauty,76.84,76.84,East,Low,Completed,368.61,5313
6988,Clothing,167.43,167.43,East,Medium,Returned,464.96,2955
6989,Toys,130.11,130.11,North,Medium,Returned,529.99,
6990,Grocery,96.86,96.86,Central,Medium,Completed,269.41,9388
6991,Grocery,68.9,68.9,East,Low,Pending,330.83,9307
6992,Electronics,566.03,566.03,North,High,Cancelled,728.33,8821
6993,Toys,114.01,114.01,East,Medium,Cancelled,549.89,4754
6994,Sports,177.53,177.53,South,Medium,Completed,368.0,
6995,Grocery,20.9,20.9,North,Low,Pending,48.56,9348
6996,Grocery,12.87,12.87,North,High,Cancelled,38.1,8283
6997,Books,9.56,9.56,West,Low,Pending,35.84,5335
6998,Electronics,763.75,763.75,West,High,Pending,3243.18,2038
6999,Books,47.65,47.65,South,Low,Pending,160.48,1545
7000,Grocery,37.77,37.77,Central,Medium,Cancelled,119.1,6150
7001,Toys,24.73,24.73,East,Medium,Returned,116.73,2812
7002,Grocery,60.84,60.84,Central,Medium,Returned,109.57,4861
7003,Beauty,9.15,9.15,South,High,Pending,9.29,8216
7004,Clothing,125.6,125.6,East,Medium,Returned,519.81,7130
7005,Clothing,84.67,84.67,North,Medium,Returned,293.66,5422
7006,Sports,110.52,110.52,West,High,Pending,386.86,7441
7007,Furniture,2871.78,2871.78,North,High,Returned,9853.45,2909
7008,Beauty,53.37,53.37,North,Medium,Pending,259.51,7661
7009,Books,35.04,35.04,Central,Low,Returned,85.47,3570
7010,Beauty,44.53,44.53,North,High,Cancelled,52.43,3827
7011,Beauty,9.07,9.07,North,Medium,Completed,29.69,8289
7012,Toys,54.11,54.11,North,Low,Returned,54.59,5225
7013,Electronics,1613.6,1613.6,North,Low,Pending,5903.07,5716
7014,Sports,62.12,62.12,East,Low,Cancelled,97.28,1493
7015,Grocery,94.87,94.87,South,High,Completed,220.1,4753
7016,Electronics,1792.9,1792.9,South,Low,Cancelled,2869.36,8104
7017,Books,39.95,39.95,North,Medium,Pending,56.61,4360
7018,Toys,52.48,52.48,Central,Low,Returned,48.41,8868
7019,Clothing,181.79,181.79,West,Medium,Returned,762.19,
7020,Electronics,,798.88,North,Medium,Completed,3026.51,6813
7021,Clothing,26.74,26.74,Central,Low,Cancelled,23.86,2593
7022,Toys,110.15,110.15,Central,High,Cancelled,181.64,4143
7023,Books,17.38,17.38,South,Medium,Returned,21.87,6870
7024,Grocery,17.2,17.2,North,High,Pending,81.05,2703
7025,Grocery,42.65,42.65,South,Medium,Cancelled,130.77,3858
7026,Beauty,39.78,39.78,Central,Medium,Cancelled,99.97,7705
7027,Toys,52.13,52.13,East,Medium,Completed,252.07,2320
7028,Books,32.04,32.04,West,Medium,Completed,49.91,5143
7029,Toys,123.71,123.71,Central,Medium,Pending,101.54,6061
7030,Books,30.0,30.0,East,Medium,Completed,116.63,4831
7031,Electronics,986.61,986.61,North,Medium,Returned,4204.49,1518
7032,Grocery,,56.5,North,High,Pending,150.7,2103
7033,Electronics,1045.83,1045.83,Central,Low,Completed,3889.76,8745
7034,Electronics,269.45,269.45,West,High,Cancelled,529.22,5182
7035,Books,52.15,52.15,South,Medium,Returned,144.65,2053
7036,Books,9.17,9.17,North,Low,Cancelled,21.29,3160
7037,Sports,183.26,183.26,South,High,Returned,409.41,8104
7038,Grocery,68.68,68.68,North,High,Returned,240.18,2749
7039,Toys,39.79,39.79,South,High,Pending,116.57,8038
7040,Furniture,326.73,326.73,Central,High,Cancelled,655.69,1735
7041,Beauty,34.12,34.12,North,Low,Completed,61.24,8394
7042,Furniture,,356.37,South,Medium,Pending,1456.38,6216
7043,Furniture,704.42,704.42,East,High,Cancelled,2537.46,5490
7044,Electronics,1345.41,1345.41,West,Medium,Pending,2360.81,9548
7045,Clothing,29.78,29.78,South,High,Completed,78.76,1526
7046,Books,41.64,41.64,East,Medium,Returned,207.17,
7047,Grocery,38.12,38.12,West,Medium,Returned,107.11,7115
7048,Toys,90.2,90.2,West,High,Pending,279.7,9117
7049,Grocery,,22.51,West,High,Pending,28.96,8141
7050,Grocery,61.09,61.09,West,Low,Pending,171.41,9577
7051,Electronics,1324.76,1324.76,West,Low,Cancelled,5167.71,7457
7052,Electronics,1279.44,1279.44,West,Low,Cancelled,6060.92,4919
7053,Grocery,8.89,8.89,South,High,Completed,41.51,2555
7054,Beauty,92.72,92.72,East,Low,Cancelled,236.29,1231
7055,Toys,50.27,50.27,North,Medium,Cancelled,250.7,4534
7056,Clothing,90.71,90.71,West,Medium,Completed,258.07,4616
7057,Furniture,,1377.83,West,Medium,Pending,1777.97,1640
7058,Sports,403.75,403.75,North,Medium,Completed,1499.31,6340
7059,Sports,,300.81,South,Low,Completed,1033.21,9305
7060,Electronics,905.93,905.93,South,High,Returned,1978.48,
7061,Beauty,131.33,131.33,West,Low,Returned,532.46,8290
7062,Furniture,908.75,908.75,Central,Low,Returned,4443.71,6320
7063,Electronics,137.37,137.37,Central,Medium,Cancelled,441.83,7371
7064,Books,8.71,8.71,Central,High,Completed,12.2,6245
7065,Grocery,41.77,41.77,Central,Medium,Returned,43.96,9276
7066,Furniture,2588.46,2588.46,West,High,Completed,12922.34,5182
7067,Books,56.75,56.75,South,High,Pending,204.12,7685
7068,Furniture,835.6,835.6,South,High,Completed,1734.33,4961
7069,Sports,440.5,440.5,West,Low,Completed,1588.64,4925
7070,Electronics,720.02,720.02,North,Low,Returned,2671.37,5622
7071,Electronics,597.46,597.46,North,High,Completed,565.61,2066
7072,Books,45.88,45.88,West,High,Pending,174.61,9879
7073,Sports,168.87,168.87,West,High,Cancelled,388.03,2175
7074,Beauty,86.07,86.07,South,Medium,Cancelled,340.8,2225
7075,Grocery,35.26,35.26,West,High,Completed,47.52,3620
7076,Clothing,39.56,39.56,Central,High,Pending,122.42,1739
7077,Sports,29.07,29.07,South,Low,Returned,96.77,6876
7078,Beauty,37.94,37.94,West,Medium,Returned,181.73,5862
7079,Clothing,14.11,14.11,East,Medium,Pending,13.15,6529
7080,Toys,112.92,112.92,West,Medium,Cancelled,419.55,4877
7081,Electronics,1872.48,1872.48,East,Low,Cancelled,4337.19,3214
7082,Books,22.81,22.81,Central,Low,Cancelled,95.77,6588
7083,Clothing,59.26,59.26,West,Low,Pending,84.22,9649
7084,Sports,429.81,429.81,South,Low,Pending,363.33,4723
7085,Clothing,24.8,24.8,South,Medium,Pending,117.95,7888
7086,Beauty,108.96,108.96,Central,High,Completed,519.75,7069
7087,Grocery,74.52,74.52,North,High,Completed,221.29,
7088,Furniture,2021.66,2021.66,West,Low,Pending,9132.49,2035
7089,Furniture,1597.19,1597.19,North,Low,Returned,6791.45,
7090,Electronics,1723.92,1723.92,Central,High,Returned,6137.12,9297
7091,Clothing,113.66,113.66,South,Medium,Returned,176.49,7049
7092,Electronics,756.57,756.57,West,Medium,Returned,2194.83,9109
7093,Electronics,397.86,397.86,East,Medium,Pending,1869.11,9677
7094,Sports,143.18,143.18,Central,High,Returned,132.15,1662
7095,Beauty,136.55,136.55,South,High,Cancelled,427.21,2485
7096,Toys,72.23,72.23,Central,High,Returned,115.49,2765
7097,Books,54.26,54.26,Central,Medium,Returned,197.72,2747
7098,Toys,12.84,12.84,East,Low,Cancelled,58.14,6314
7099,Furniture,1322.01,1322.01,South,Low,Pending,6094.2,5269
7100,Books,42.53,42.53,North,High,Returned,98.22,7189
7101,Sports,404.55,404.55,East,Medium,Returned,984.57,5392
7102,Electronics,1073.0,1073.0,East,Medium,Completed,1079.84,
7103,Clothing,28.22,28.22,South,High,Pending,120.51,7845
7104,Electronics,785.18,785.18,East,Medium,Pending,1214.33,6934
7105,Electronics,1211.33,1211.33,South,Medium,Completed,5048.76,9423
7106,Toys,82.4,82.4,West,Low,Completed,250.42,6294
7107,Beauty,113.46,113.46,Central,High,Returned,401.17,1194
7108,Electronics,1827.07,1827.07,West,High,Completed,3155.64,1574
7109,Beauty,72.92,72.92,East,High,Pending,149.43,
7110,Beauty,12.78,12.78,North,High,Pending,21.31,5767
7111,Furniture,2264.38,2264.38,West,Low,Pending,11085.26,5730
7112,Sports,350.79,350.79,Central,Medium,Pending,1378.24,
7113,Grocery,40.34,40.34,North,High,Cancelled,158.55,3493
7114,Sports,111.71,111.71,North,High,Returned,419.06,6512
7115,Beauty,73.69,73.69,East,Medium,Pending,358.03,5757
7116,Grocery,3.81,3.81,North,Low,Returned,9.33,8698
7117,Grocery,41.13,41.13,North,High,Completed,81.76,8206
7118,Toys,20.67,20.67,Central,Low,Pending,56.75,2691
7119,Furniture,2275.21,2275.21,Central,High,Pending,6281.68,5425
7120,Furniture,2406.65,2406.65,South,Medium,Returned,9342.22,9661
7121,Sports,322.03,322.03,East,Medium,Returned,1563.09,5678
7122,Books,30.35,30.35,West,High,Returned,57.95,8459
7123,Furniture,459.39,459.39,Central,Low,Completed,1220.7,4115
7124,Sports,227.18,227.18,South,Low,Completed,498.1,3616
7125,Furniture,1372.91,1372.91,Central,Medium,Returned,4926.44,5441
7126,Clothing,57.59,57.59,Central,Low,Returned,66.34,4189
7127,Grocery,25.87,25.87,North,Medium,Pending,34.56,8401
7128,Books,46.66,46.66,Central,Medium,Completed,202.51,2111
7129,Electronics,1954.23,1954.23,Central,Low,Returned,6411.25,6468
7130,Beauty,,64.07,Central,Medium,Returned,297.16,8245
7131,Furniture,2485.73,2485.73,South,Medium,Pending,6045.71,9092
7132,Electronics,1443.43,1443.43,Central,Low,Pending,6084.46,9381
7133,Furniture,2845.03,2845.03,Central,High,Completed,3568.03,7616
7134,Grocery,29.49,29.49,South,High,Cancelled,121.47,7201
7135,Toys,117.43,117.43,East,Medium,Returned,434.8,3917
7136,Grocery,93.69,93.69,East,High,Cancelled,195.02,9558
7137,Toys,77.62,77.62,North,Medium,Cancelled,147.53,1120
7138,Electronics,298.84,298.84,South,High,Cancelled,1240.67,8418
7139,Clothing,194.05,194.05,East,High,Completed,798.24,8557
7140,Grocery,66.68,66.68,Central,Low,Cancelled,284.91,7603
7141,Sports,165.09,165.09,East,High,Returned,350.37,3880
7142,Grocery,3.17,3.17,East,Low,Completed,6.93,
7143,Grocery,16.71,16.71,North,High,Pending,58.35,2377
7144,Furniture,2366.98,2366.98,South,Medium,Completed,2485.76,1168
7145,Sports,146.1,146.1,Central,High,Cancelled,317.3,
7146,Furniture,608.26,608.26,North,High,Pending,2167.78,5911
7147,Toys,103.8,103.8,North,High,Completed,356.85,1002
7148,Books,22.48,22.48,North,Medium,Completed,72.63,1029
7149,Sports,144.33,144.33,North,High,Pending,225.58,4675
7150,Grocery,75.0,75.0,North,High,Completed,100.05,3589
7151,Clothing,51.28,51.28,South,Low,Cancelled,240.56,2972
7152,Toys,147.25,147.25,East,High,Pending,202.84,2389
7153,Sports,425.59,425.59,North,Low,Cancelled,740.27,2504
7154,Electronics,690.82,690.82,East,Low,Pending,2911.73,9850
7155,Clothing,161.7,161.7,South,Low,Cancelled,700.29,5991
7156,Clothing,128.72,128.72,Central,Low,Completed,365.46,2738
7157,Clothing,30.52,30.52,South,Low,Completed,128.74,1849
7158,Clothing,136.86,136.86,North,Medium,Pending,578.04,6700
7159,Sports,476.63,476.63,North,Low,Completed,1614.75,3890
7160,Beauty,32.62,32.62,South,Low,Pending,109.65,3068
7161,Electronics,1499.39,1499.39,West,Medium,Returned,5530.02,2549
7162,Sports,227.89,227.89,South,Medium,Cancelled,951.76,2587
7163,Furniture,163.03,163.03,West,High,Cancelled,676.72,3704
7164,Toys,116.98,116.98,North,Medium,Pending,101.61,9979
7165,Beauty,144.8,144.8,North,Low,Pending,688.68,3235
7166,Grocery,55.23,55.23,North,Medium,Completed,77.01,8021
7167,Sports,394.96,394.96,East,Medium,Completed,482.31,3129
7168,Grocery,35.56,35.56,Central,High,Completed,89.3,9903
7169,Grocery,71.23,71.23,East,Medium,Completed,159.15,5933
7170,Beauty,103.19,103.19,South,Low,Completed,156.34,2560
7171,Books,50.3,50.3,East,High,Pending,155.26,1342
7172,Grocery,42.91,42.91,Central,Low,Pending,72.06,3888
7173,Electronics,1031.59,1031.59,North,Low,Cancelled,2558.76,9578
7174,Electronics,1965.24,1965.24,North,Medium,Cancelled,5180.14,6973
7175,Clothing,120.95,120.95,East,Low,Pending,491.09,1569
7176,Toys,148.33,148.33,East,Low,Pending,588.98,
7177,Books,20.4,20.4,Central,High,Pending,80.96,2603
7178,Beauty,133.87,133.87,East,Low,Cancelled,615.2,4010
7179,Furniture,507.88,507.88,East,Low,Returned,2517.62,8181
7180,Sports,,373.3,East,Low,Cancelled,1589.89,5983
7181,Beauty,82.06,82.06,East,High,Returned,133.63,3760
7182,Clothing,12.55,12.55,East,Low,Pending,28.37,2969
7183,Toys,60.27,60.27,North,High,Returned,295.89,7043
7184,Sports,119.15,119.15,South,High,Completed,563.15,4167
7185,Furniture,1027.26,1027.26,North,High,Cancelled,2532.22,8511
7186,Books,51.04,51.04,West,Low,Cancelled,222.9,7388
7187,Beauty,149.64,149.64,South,Low,Pending,573.42,7276
7188,Grocery,38.12,38.12,West,Medium,Completed,135.64,7936
7189,Books,27.89,27.89,East,Medium,Returned,58.62,4991
7190,Sports,185.21,185.21,North,Medium,Completed,213.69,7697
7191,Beauty,87.77,87.77,Central,High,Cancelled,398.87,3528
7192,Furniture,1002.47,1002.47,Central,High,Cancelled,1153.55,9631
7193,Furniture,2997.79,2997.79,East,Medium,Returned,10341.01,4535
7194,Furniture,2128.48,2128.48,North,High,Completed,10245.31,7963
7195,Beauty,60.55,60.55,East,High,Cancelled,238.29,4357
7196,Books,56.2,56.2,North,Medium,Cancelled,262.26,9849
7197,Electronics,1273.94,1273.94,Central,Medium,Returned,2632.43,9093
7198,Sports,13.05,13.05,East,Medium,Returned,27.21,1420
7199,Furniture,2570.67,2570.67,South,Low,Pending,11572.93,8062
7200,Sports,97.51,97.51,Central,Low,Pending,113.71,7345
7201,Books,58.89,58.89,South,Low,Completed,140.57,1725
7202,Beauty,135.96,135.96,West,High,Pending,344.9,7752
7203,Clothing,189.09,189.09,West,Medium,Cancelled,701.55,8693
7204,Clothing,,89.17,South,High,Returned,112.54,3083
7205,Furniture,840.66,840.66,East,Medium,Returned,1287.92,2431
7206,Beauty,67.42,67.42,South,Medium,Completed,139.24,2197
7207,Electronics,1177.66,1177.66,East,Low,Returned,3478.68,5001
7208,Furniture,1606.19,1606.19,West,High,Pending,5548.44,6746
7209,Sports,384.46,384.46,North,Medium,Pending,1639.27,1659
7210,Books,9.77,9.77,Central,Low,Returned,10.18,3994
7211,Toys,149.18,149.18,Central,Medium,Returned,583.77,1703
7212,Furniture,139.01,139.01,Central,Medium,Cancelled,419.43,1463
7213,Toys,12.97,12.97,East,High,Returned,14.43,2600
7214,Furniture,2418.91,2418.91,East,Medium,Cancelled,3904.23,2444
7215,Electronics,616.95,616.95,North,Low,Completed,1308.44,5293
7216,Beauty,57.23,57.23,East,Low,Completed,86.47,4994
7217,Beauty,14.66,14.66,Central,Low,Pending,39.96,6543
7218,Toys,114.67,114.67,East,Medium,Completed,256.41,4313
7219,Electronics,1924.99,1924.99,Central,Medium,Pending,4740.12,6776
7220,Beauty,97.81,97.81,East,Medium,Returned,252.67,1770
7221,Books,11.08,11.08,North,Medium,Pending,47.52,8134
7222,Furniture,2649.44,2649.44,South,High,Pending,13178.98,6768
7223,Sports,279.95,279.95,Central,Low,Cancelled,750.01,1982
7224,Clothing,72.56,72.56,South,Medium,Pending,94.46,3515
7225,Grocery,21.71,21.71,South,High,Pending,41.25,7056
7226,Beauty,17.82,17.82,North,Medium,Returned,37.46,2128
7227,Furniture,1955.81,1955.81,West,Low,Pending,5924.51,3180
7228,Beauty,9.82,9.82,East,Medium,Cancelled,40.78,4821
7229,Clothing,138.37,138.37,West,Low,Completed,388.27,
7230,Sports,29.93,29.93,West,Medium,Cancelled,52.58,4700
7231,Toys,57.78,57.78,West,High,Returned,216.34,6942
7232,Sports,111.28,111.28,West,Low,Completed,97.1,2290
7233,Furniture,2087.04,2087.04,South,High,Completed,3668.23,3613
7234,Sports,256.83,256.83,North,Low,Completed,648.88,4239
7235,Books,6.58,6.58,East,High,Completed,16.33,6626
7236,Electronics,585.38,585.38,Central,Medium,Completed,2013.49,9608
7237,Furniture,1795.69,1795.69,North,Medium,Pending,6211.6,6671
7238,Beauty,38.89,38.89,East,Medium,Returned,184.1,8020
7239,Sports,270.17,270.17,North,High,Returned,453.03,
7240,Beauty,120.28,120.28,West,Medium,Pending,352.64,9598
7241,Grocery,38.46,38.46,East,Medium,Cancelled,156.89,5026
7242,Books,39.85,39.85,West,Low,Cancelled,60.66,
7243,Toys,38.84,38.84,East,Medium,Returned,168.42,5325
7244,Furniture,119.13,119.13,West,High,Completed,481.34,4606
7245,Furniture,2012.9,2012.9,Central,Medium,Returned,5426.84,7941
7246,Electronics,1915.89,1915.89,East,High,Returned,1853.17,7737
7247,Books,21.04,21.04,Central,Low,Cancelled,72.67,4542
7248,Electronics,1834.13,1834.13,West,High,Cancelled,4885.41,2303
7249,Sports,252.75,252.75,West,Low,Completed,568.13,6079
7250,Toys,55.46,55.46,South,Medium,Pending,264.34,5702
7251,Electronics,1138.94,1138.94,Central,High,Completed,4024.39,2601
7252,Electronics,725.8,725.8,West,Low,Returned,3042.39,7224
7253,Clothing,114.46,114.46,North,Medium,Cancelled,444.05,2699
7254,Beauty,135.55,135.55,East,Low,Completed,125.47,4178
7255,Grocery,42.33,42.33,East,Medium,Pending,199.54,
7256,Books,54.91,54.91,West,Low,Returned,121.65,8873
7257,Sports,215.35,215.35,South,Medium,Completed,370.29,2580
7258,Clothing,131.29,131.29,East,Medium,Returned,150.27,8905
7259,Toys,135.35,135.35,North,Low,Cancelled,145.98,9400
7260,Furniture,2102.53,2102.53,West,High,Completed,6194.88,8945
7261,Clothing,15.25,15.25,North,High,Pending,26.67,1332
7262,Toys,69.63,69.63,South,Medium,Pending,93.4,9018
7263,Books,57.8,57.8,North,High,Returned,78.76,8310
7264,Clothing,105.67,105.67,East,Low,Returned,280.51,7288
7265,Furniture,437.27,437.27,South,Low,Completed,1440.57,8612
7266,Sports,441.44,441.44,Central,Low,Completed,1402.55,5595
7267,Toys,10.32,10.32,North,Low,Pending,22.68,9883
7268,Beauty,45.9,45.9,East,Low,Cancelled,48.44,9340
7269,Books,47.62,47.62,South,High,Cancelled,160.29,5113
7270,Grocery,51.36,51.36,West,Low,Cancelled,134.59,9531
7271,Sports,210.41,210.41,East,Medium,Pending,835.52,6024
7272,Clothing,197.16,197.16,South,Low,Pending,562.18,3837
7273,Sports,332.8,332.8,Central,High,Cancelled,699.74,1985
7274,Grocery,4.34,4.34,West,High,Cancelled,14.59,3093
7275,Clothing,69.98,69.98,Central,Medium,Cancelled,263.12,3673
7276,Sports,48.85,48.85,East,High,Returned,44.69,1780
7277,Sports,87.34,87.34,East,High,Completed,300.36,3480
7278,Books,27.3,27.3,South,Medium,Returned,113.57,3559
7279,Electronics,876.49,876.49,East,Medium,Returned,3946.11,7890
7280,Beauty,12.81,12.81,North,Medium,Completed,13.86,7139
7281,Books,31.6,31.6,South,Low,Pending,155.79,8423
7282,Toys,104.73,104.73,North,Medium,Completed,454.43,6741
7283,Sports,312.7,312.7,West,Low,Completed,908.45,6390
7284,Clothing,78.29,78.29,North,Low,Returned,108.34,8643
7285,Toys,13.27,13.27,North,Low,Cancelled,37.19,7591
7286,Grocery,,76.63,North,High,Cancelled,352.18,2146
7287,Toys,11.46,11.46,West,Low,Cancelled,47.84,
7288,Electronics,427.7,427.7,North,Low,Returned,2128.01,5957
7289,Sports,424.9,424.9,North,High,Returned,1470.26,8714
7290,Furniture,1393.77,1393.77,South,High,Completed,5351.39,8728
7291,Electronics,1999.05,1999.05,West,Low,Completed,7875.98,3570
7292,Grocery,41.49,41.49,South,Medium,Pending,42.29,4802
7293,Toys,25.51,25.51,Central,Medium,Returned,44.97,9200
7294,Sports,499.81,499.81,North,High,Completed,824.16,9531
7295,Books,15.57,15.57,South,Low,Cancelled,73.02,8016
7296,Furniture,1543.83,1543.83,East,Medium,Pending,3160.94,3040
7297,Beauty,82.4,82.4,South,Low,Completed,338.67,3131
7298,Grocery,65.02,65.02,South,Low,Returned,139.3,4332
7299,Beauty,12.18,12.18,East,Medium,Completed,50.52,5871
7300,Beauty,51.83,51.83,East,High,Pending,133.11,1664
7301,Beauty,9.96,9.96,East,Low,Completed,19.57,8696
7302,Clothing,99.67,99.67,Central,Low,Returned,287.26,4337
7303,Sports,,458.46,East,Medium,Cancelled,1325.89,9130
7304,Books,17.66,17.66,South,High,Returned,77.1,6657
7305,Furniture,1407.95,1407.95,East,Low,Returned,5405.45,3605
7306,Sports,454.84,454.84,North,Medium,Pending,1159.22,1762
7307,Electronics,1180.59,1180.59,East,Low,Cancelled,2113.34,1837
7308,Grocery,60.95,60.95,Central,Low,Cancelled,109.19,8735
7309,Electronics,1880.95,1880.95,North,High,Pending,9326.05,7422
7310,Beauty,85.73,85.73,South,Medium,Returned,287.72,2134
7311,Electronics,695.31,695.31,Central,Low,Pending,882.39,5825
7312,Toys,117.64,117.64,North,Medium,Completed,488.06,6375
7313,Clothing,73.35,73.35,North,Medium,Completed,133.4,3640
7314,Beauty,146.78,146.78,North,High,Cancelled,141.83,2622
7315,Beauty,121.89,121.89,Central,Low,Cancelled,222.75,2574
7316,Beauty,75.02,75.02,North,Low,Cancelled,209.19,4476
7317,Clothing,158.88,158.88,East,Low,Cancelled,342.22,2049
7318,Sports,156.49,156.49,Central,Low,Pending,466.67,8566
7319,Electronics,129.04,129.04,North,Low,Returned,402.09,9047
7320,Books,31.92,31.92,Central,Low,Returned,135.87,4168
7321,Electronics,1389.36,1389.36,East,Medium,Returned,5935.06,6187
7322,Toys,19.54,19.54,North,High,Pending,92.11,7681
7323,Toys,,63.27,West,Medium,Pending,214.33,7827
7324,Clothing,122.52,122.52,North,Low,Completed,191.45,3909
7325,Sports,108.61,108.61,North,High,Returned,229.22,3517
7326,Electronics,500.28,500.28,South,High,Returned,1062.97,2394
7327,Beauty,72.1,72.1,South,Medium,Returned,218.55,7805
7328,Clothing,,34.21,South,High,Cancelled,47.25,
7329,Clothing,130.67,130.67,North,High,Pending,607.98,9600
7330,Electronics,1872.0,1872.0,South,High,Completed,2568.51,7804
7331,Books,56.93,56.93,North,High,Completed,53.13,5468
7332,Books,14.82,14.82,East,Low,Completed,14.0,2310
7333,Clothing,125.48,125.48,North,Medium,Completed,369.5,3021
7334,Clothing,194.62,194.62,East,High,Cancelled,243.39,6629
7335,Electronics,1686.36,1686.36,South,Low,Returned,6854.93,1982
7336,Grocery,40.74,40.74,South,Low,Completed,133.38,1135
7337,Beauty,94.39,94.39,Central,High,Returned,436.73,2527
7338,Electronics,587.92,587.92,North,Medium,Returned,2209.35,2980
7339,Beauty,51.12,51.12,North,Low,Cancelled,160.17,5847
7340,Furniture,1084.0,1084.0,South,Medium,Cancelled,4854.96,4028
7341,Toys,138.93,138.93,Central,Low,Completed,317.68,4160
7342,Toys,,74.09,Central,High,Returned,230.62,7909
7343,Furniture,2764.34,2764.34,East,High,Cancelled,8335.31,2197
7344,Clothing,113.61,113.61,West,High,Returned,559.34,8394
7345,Books,30.98,30.98,West,High,Returned,34.06,7388
7346,Clothing,189.65,189.65,North,High,Completed,528.3,6716
7347,Furniture,1729.34,1729.34,Central,High,Cancelled,5905.51,9787
7348,Electronics,68.26,68.26,Central,Medium,Completed,318.12,1011
7349,Electronics,1651.91,1651.91,East,Low,Returned,3592.11,8188
7350,Toys,144.91,144.91,East,Medium,Pending,580.13,7729
7351,Grocery,41.19,41.19,South,Low,Cancelled,49.52,9557
7352,Clothing,145.77,145.77,South,High,Cancelled,676.27,5984
7353,Clothing,70.58,70.58,South,Low,Pending,193.46,8436
7354,Clothing,46.14,46.14,Central,Low,Returned,59.66,1382
7355,Electronics,207.74,207.74,South,Low,Returned,603.8,9863
7356,Beauty,100.47,100.47,Central,Low,Pending,321.59,1942
7357,Beauty,143.0,143.0,East,Low,Cancelled,143.62,1087
7358,Sports,472.66,472.66,North,Low,Cancelled,1188.68,7468
7359,Electronics,701.84,701.84,North,Medium,Completed,3321.18,6953
7360,Books,45.38,45.38,Central,Low,Returned,73.97,5314
7361,Electronics,,911.76,North,Low,Completed,1393.26,2976
7362,Sports,484.29,484.29,North,Medium,Returned,2418.92,9165
7363,Beauty,115.38,115.38,North,Medium,Pending,484.77,1918
7364,Clothing,138.29,138.29,North,Low,Returned,274.55,
7365,Books,45.75,45.75,South,High,Completed,84.34,5812
7366,Toys,126.63,126.63,East,Medium,Cancelled,128.84,2623
7367,Books,58.14,58.14,North,High,Returned,109.18,9366
7368,Grocery,44.75,44.75,North,High,Pending,42.27,2761
7369,Books,49.39,49.39,South,High,Returned,176.29,7972
7370,Beauty,88.02,88.02,West,Medium,Returned,108.86,8098
7371,Beauty,,25.4,North,Medium,Returned,46.42,9432
7372,Beauty,121.39,121.39,Central,Medium,Pending,531.29,2956
7373,Books,,10.96,Central,High,Returned,32.36,4737
7374,Books,51.52,51.52,Central,High,Pending,191.05,2809
7375,Beauty,147.81,147.81,Central,High,Pending,617.04,1352
7376,Sports,43.17,43.17,North,High,Cancelled,96.42,8385
7377,Books,34.75,34.75,Central,High,Returned,167.42,7865
7378,Toys,142.8,142.8,South,Medium,Cancelled,298.29,3999
7379,Books,42.83,42.83,Central,Low,Completed,44.42,2773
7380,Beauty,50.5,50.5,South,Medium,Returned,163.81,9315
7381,Clothing,112.4,112.4,South,High,Completed,94.42,4340
7382,Sports,171.18,171.18,West,High,Completed,225.03,3928
7383,Beauty,98.98,98.98,Central,Medium,Returned,116.64,4589
7384,Toys,123.3,123.3,West,High,Completed,213.52,
7385,Sports,74.5,74.5,North,High,Cancelled,295.67,3282
7386,Sports,174.45,174.45,West,High,Completed,434.44,7933
7387,Sports,185.1,185.1,Central,Medium,Completed,368.45,2374
7388,Electronics,469.3,469.3,Central,Medium,Pending,1211.77,9121
7389,Clothing,40.32,40.32,South,Medium,Returned,105.51,2225
7390,Books,24.35,24.35,South,High,Pending,117.44,2360
7391,Furniture,1789.7,1789.7,South,Low,Completed,2700.74,3618
7392,Beauty,67.79,67.79,South,High,Returned,284.82,2257
7393,Furniture,,2845.47,South,High,Returned,7208.61,5708
7394,Toys,92.69,92.69,South,Medium,Returned,261.52,4072
7395,Grocery,95.84,95.84,North,Low,Cancelled,459.97,8129
7396,Toys,73.96,73.96,West,High,Cancelled,80.61,9903
7397,Clothing,100.85,100.85,North,Medium,Cancelled,195.76,4082
7398,Sports,114.46,114.46,East,Medium,Completed,525.67,7086
7399,Books,56.68,56.68,East,Medium,Completed,84.68,
7400,Furniture,2940.27,2940.27,Central,High,Completed,7052.81,5423
7401,Grocery,26.03,26.03,West,Low,Returned,63.65,6241
7402,Furniture,468.78,468.78,Central,Low,Pending,1512.12,6579
7403,Electronics,756.98,756.98,North,Low,Cancelled,2235.73,5842
7404,Clothing,22.68,22.68,North,High,Cancelled,56.38,
7405,Electronics,874.17,874.17,Central,High,Cancelled,2499.88,1480
7406,Sports,130.22,130.22,West,High,Completed,411.58,
7407,Grocery,15.41,15.41,South,Medium,Completed,34.57,9312
7408,Books,59.46,59.46,North,Medium,Cancelled,290.87,2003
7409,Electronics,190.73,190.73,North,Medium,Pending,413.38,5727
7410,Clothing,38.75,38.75,West,High,Completed,167.6,4927
7411,Furniture,2881.68,2881.68,Central,High,Pending,12480.73,3037
7412,Grocery,82.71,82.71,North,Low,Completed,294.02,5554
7413,Electronics,157.94,157.94,South,High,Returned,235.49,5136
7414,Furniture,584.81,584.81,West,Medium,Completed,2818.79,4489
7415,Books,25.74,25.74,Central,Medium,Cancelled,118.44,8884
7416,Grocery,86.06,86.06,West,Medium,Returned,122.79,5013
7417,Furniture,983.6,983.6,West,High,Pending,1531.41,8299
7418,Books,25.65,25.65,East,Low,Pending,53.4,2173
7419,Beauty,36.75,36.75,Central,Low,Completed,142.21,2366
7420,Grocery,30.32,30.32,South,Medium,Completed,127.72,8165
7421,Furniture,1132.99,1132.99,East,High,Pending,3346.35,3440
7422,Electronics,1533.53,1533.53,West,Medium,Completed,6493.14,3886
7423,Furniture,1281.77,1281.77,East,High,Cancelled,6082.75,6106
7424,Toys,44.64,44.64,Central,Low,Returned,208.47,8018
7425,Furniture,574.38,574.38,East,Low,Pending,948.75,7093
7426,Beauty,97.5,97.5,South,Medium,Cancelled,115.83,4209
7427,Clothing,30.35,30.35,West,Medium,Pending,38.79,7883
7428,Toys,55.22,55.22,Central,Medium,Returned,255.32,1572
7429,Books,31.27,31.27,West,High,Cancelled,106.72,9845
7430,Furniture,2733.97,2733.97,South,High,Cancelled,6728.18,7093
7431,Books,5.94,5.94,Central,Medium,Completed,23.73,4977
7432,Toys,17.06,17.06,West,High,Pending,15.34,3098
7433,Grocery,5.14,5.14,West,High,Pending,22.46,1644
7434,Sports,274.08,274.08,Central,Low,Returned,704.12,
7435,Beauty,7.39,7.39,West,Medium,Returned,30.82,9349
7436,Beauty,50.35,50.35,North,Low,Pending,172.45,2325
7437,Clothing,194.33,194.33,Central,Medium,Pending,584.8,1232
7438,Furniture,524.53,524.53,South,High,Returned,1755.99,7493
7439,Furniture,2630.48,2630.48,North,Low,Completed,11426.46,1214
7440,Sports,420.08,420.08,South,High,Pending,1395.59,2159
7441,Clothing,135.66,135.66,East,Low,Completed,667.36,7313
7442,Toys,125.19,125.19,East,Medium,Cancelled,418.29,7805
7443,Books,55.99,55.99,Central,High,Returned,182.29,1242
7444,Electronics,,599.53,South,High,Returned,580.51,
7445,Toys,129.53,129.53,Central,High,Pending,481.28,8528
7446,Furniture,441.32,441.32,North,Medium,Pending,1395.08,4631
7447,Clothing,154.88,154.88,North,Medium,Cancelled,228.83,3372
7448,Furniture,2239.14,2239.14,North,High,Completed,8034.02,9061
7449,Grocery,75.12,75.12,Central,Low,Pending,284.87,3071
7450,Clothing,17.45,17.45,North,High,Returned,85.24,9030
7451,Toys,86.69,86.69,East,Low,Pending,324.09,8501
7452,Sports,423.49,423.49,South,High,Completed,428.51,6473
7453,Furniture,322.49,322.49,East,High,Pending,1497.06,4905
7454,Grocery,48.34,48.34,West,Low,Pending,169.36,8894
7455,Sports,407.48,407.48,South,Medium,Cancelled,393.64,6056
7456,Toys,79.62,79.62,East,Low,Pending,395.57,
7457,Clothing,85.66,85.66,Central,Medium,Returned,148.93,
7458,Beauty,34.01,34.01,East,Medium,Cancelled,105.09,7600
7459,Furniture,1839.18,1839.18,North,High,Pending,7556.08,9933
7460,Clothing,11.12,11.12,West,Low,Pending,16.99,4802
7461,Books,34.14,34.14,East,High,Pending,59.96,3148
7462,Grocery,42.94,42.94,North,Medium,Cancelled,206.23,1088
7463,Books,25.96,25.96,East,Medium,Returned,66.69,7616
7464,Clothing,130.13,130.13,North,Medium,Cancelled,234.24,1459
7465,Toys,39.0,39.0,Central,Low,Pending,145.55,5078
7466,Clothing,92.7,92.7,West,Medium,Completed,372.25,7429
7467,Beauty,47.33,47.33,North,Low,Completed,126.4,7996
7468,Clothing,38.0,38.0,West,Low,Cancelled,155.76,7193
7469,Sports,158.03,158.03,South,Medium,Cancelled,523.35,1657
7470,Grocery,55.91,55.91,West,Low,Cancelled,141.14,5550
7471,Grocery,34.54,34.54,East,Medium,Returned,62.92,8408
7472,Grocery,6.0,6.0,West,Low,Returned,17.7,3608
7473,Clothing,54.56,54.56,East,High,Completed,261.0,7007
7474,Furniture,2868.9,2868.9,North,Low,Returned,9961.37,8786
7475,Grocery,39.04,39.04,Central,Low,Pending,176.72,1777
7476,Grocery,72.7,72.7,North,Medium,Pending,119.46,8959
7477,Beauty,,86.86,North,Low,Completed,116.98,6904
7478,Furniture,623.42,623.42,East,High,Cancelled,1468.83,
7479,Sports,418.54,418.54,Central,High,Completed,1010.23,9757
7480,Books,20.67,20.67,North,Medium,Returned,55.6,5438
7481,Sports,78.69,78.69,North,Low,Returned,169.56,2398
7482,Grocery,99.58,99.58,East,Medium,Pending,281.45,2059
7483,Toys,22.3,22.3,Central,Medium,Returned,106.1,9073
7484,Electronics,,1546.02,Central,Medium,Cancelled,7160.47,4361
7485,Books,39.4,39.4,South,Low,Completed,62.33,5867
7486,Furniture,2911.63,2911.63,West,High,Returned,4219.55,7764
7487,Electronics,302.42,302.42,West,High,Returned,555.01,7481
7488,Sports,415.38,415.38,North,Medium,Returned,1091.9,1231
7489,Toys,134.99,134.99,North,High,Cancelled,298.06,2061
7490,Toys,88.18,88.18,East,Medium,Completed,312.39,6963
7491,Electronics,414.13,414.13,Central,Low,Pending,1055.76,6315
7492,Books,55.53,55.53,East,High,Cancelled,212.13,1712
7493,Electronics,,896.03,West,High,Cancelled,766.51,7237
7494,Clothing,183.04,183.04,North,High,Pending,337.41,6289
7495,Grocery,54.34,54.34,South,High,Pending,212.52,5544
7496,Toys,123.1,123.1,North,Medium,Cancelled,400.98,2571
7497,Books,53.16,53.16,West,Low,Completed,115.73,2790
7498,Books,27.7,27.7,North,Low,Returned,102.55,2564
7499,Beauty,99.8,99.8,North,Medium,Completed,360.35,2624
7500,Grocery,35.71,35.71,West,High,Pending,132.97,3714
7501,Grocery,28.02,28.02,West,High,Cancelled,78.43,8998
7502,Books,38.48,38.48,North,High,Completed,60.29,8386
7503,Beauty,138.15,138.15,West,Medium,Returned,114.58,7711
7504,Electronics,210.02,210.02,North,High,Cancelled,552.98,7753
7505,Books,8.53,8.53,North,Medium,Pending,24.81,3867
7506,Sports,454.49,454.49,East,High,Pending,1915.53,5790
7507,Beauty,46.62,46.62,Central,Medium,Completed,78.51,2207
7508,Toys,135.43,135.43,East,Medium,Returned,240.28,1639
7509,Electronics,1503.04,1503.04,West,High,Completed,4021.74,2730
7510,Grocery,12.71,12.71,North,Medium,Cancelled,13.77,7402
7511,Grocery,38.76,38.76,South,High,Pending,192.29,5181
7512,Sports,23.47,23.47,Central,High,Cancelled,111.84,2777
7513,Furniture,1677.91,1677.91,South,High,Pending,2199.47,4034
7514,Furniture,330.02,330.02,East,Medium,Returned,1137.13,1139
7515,Toys,131.34,131.34,Central,Low,Pending,148.19,3849
7516,Electronics,788.58,788.58,South,Low,Cancelled,3519.09,3734
7517,Toys,55.29,55.29,South,Low,Pending,168.64,9362
7518,Toys,,34.27,East,Low,Completed,65.24,8391
7519,Sports,418.25,418.25,South,High,Completed,1362.16,2660
7520,Beauty,13.82,13.82,Central,Low,Pending,19.63,5450
7521,Electronics,205.27,205.27,Central,High,Completed,833.4,1564
7522,Beauty,40.08,40.08,Central,High,Returned,180.71,1524
7523,Beauty,76.16,76.16,Central,Low,Completed,198.74,6737
7524,Electronics,1344.63,1344.63,East,High,Cancelled,6583.86,1822
7525,Grocery,44.67,44.67,North,Medium,Completed,121.03,8290
7526,Books,17.87,17.87,Central,Medium,Cancelled,80.17,8008
7527,Clothing,168.89,168.89,Central,Low,Completed,761.97,3820
7528,Clothing,106.34,106.34,Central,High,Completed,502.6,5497
7529,Grocery,17.36,17.36,West,Low,Returned,43.13,7735
7530,Clothing,32.13,32.13,North,Low,Completed,38.33,
7531,Grocery,7.87,7.87,West,High,Returned,24.53,7580
7532,Books,24.75,24.75,West,High,Cancelled,122.21,3705
7533,Electronics,422.29,422.29,South,Low,Returned,1778.02,7303
7534,Beauty,146.63,146.63,South,Low,Returned,208.84,6644
7535,Electronics,826.71,826.71,Central,Low,Pending,1081.41,6895
7536,Clothing,135.91,135.91,Central,Low,Completed,208.43,9635
7537,Grocery,98.4,98.4,Central,Medium,Completed,168.82,1001
7538,Furniture,2659.94,2659.94,North,Medium,Returned,11822.52,2511
7539,Grocery,7.67,7.67,East,Low,Pending,22.61,7170
7540,Furniture,1612.94,1612.94,South,Medium,Cancelled,7128.31,2859
7541,Sports,198.29,198.29,North,High,Pending,880.96,4221
7542,Beauty,118.07,118.07,East,Medium,Completed,351.39,9816
7543,Electronics,1884.02,1884.02,West,Low,Pending,3202.35,4032
7544,Sports,41.26,41.26,East,Medium,Cancelled,189.24,6970
7545,Beauty,55.83,55.83,North,High,Pending,277.14,8265
7546,Toys,128.0,128.0,East,Medium,Completed,249.39,2028
7547,Grocery,99.93,99.93,Central,High,Returned,224.78,9119
7548,Toys,44.96,44.96,North,Low,Cancelled,140.07,7833
7549,Toys,139.21,139.21,West,High,Cancelled,261.12,3772
7550,Furniture,2535.2,2535.2,South,Medium,Completed,10687.21,1530
7551,Clothing,35.91,35.91,Central,Medium,Pending,121.53,6127
7552,Electronics,258.76,258.76,South,Low,Cancelled,333.23,1919
7553,Electronics,1759.93,1759.93,North,Medium,Returned,7511.31,2599
7554,Grocery,92.84,92.84,East,Low,Cancelled,393.31,7991
7555,Beauty,9.47,9.47,East,Low,Completed,10.49,4657
7556,Toys,109.62,109.62,West,Medium,Returned,153.55,5471
7557,Sports,226.06,226.06,North,Low,Returned,320.32,8956
7558,Grocery,9.18,9.18,South,Medium,Completed,34.88,9404
7559,Toys,142.7,142.7,South,Low,Returned,683.29,8242
7560,Sports,103.48,103.48,Central,Low,Returned,166.62,4524
7561,Books,20.86,20.86,East,Low,Returned,57.85,5764
7562,Toys,149.96,149.96,South,Low,Completed,670.01,7327
7563,Clothing,48.55,48.55,South,High,Pending,165.82,
7564,Toys,,147.21,Central,Medium,Returned,539.97,5872
7565,Electronics,966.87,966.87,Central,High,Completed,2859.78,8917
7566,Clothing,158.44,158.44,Central,High,Cancelled,497.37,3616
7567,Beauty,70.49,70.49,East,Low,Pending,202.47,8631
7568,Furniture,2909.11,2909.11,South,High,Completed,6038.89,7516
7569,Furniture,2346.72,2346.72,South,Medium,Pending,8211.97,8477
7570,Clothing,161.93,161.93,South,High,Returned,285.29,2475
7571,Sports,234.21,234.21,West,Low,Returned,961.5,9589
7572,Clothing,82.34,82.34,West,High,Cancelled,88.04,3846
7573,Sports,335.37,335.37,West,High,Completed,895.36,2818
7574,Grocery,46.3,46.3,South,High,Cancelled,61.02,8277
7575,Electronics,1233.13,1233.13,South,Medium,Pending,1552.35,4331
7576,Toys,144.73,144.73,Central,Medium,Pending,377.97,2511
7577,Beauty,77.53,77.53,East,Medium,Cancelled,363.19,3097
7578,Electronics,845.09,845.09,West,Low,Returned,3786.44,2743
7579,Toys,43.6,43.6,Central,Medium,Returned,53.42,7013
7580,Grocery,76.42,76.42,West,Low,Completed,373.3,6856
7581,Furniture,723.2,723.2,Central,High,Returned,3274.13,4504
7582,Sports,255.73,255.73,East,High,Completed,544.08,3189
7583,Sports,,42.61,North,Low,Pending,128.48,8981
7584,Books,25.77,25.77,South,Low,Pending,126.31,8653
7585,Furniture,2819.68,2819.68,East,High,Returned,10077.41,8251
7586,Furniture,180.41,180.41,South,High,Cancelled,643.35,5386
7587,Furniture,919.64,919.64,West,High,Returned,1283.4,7567
7588,Sports,137.11,137.11,East,Low,Returned,125.9,5111
7589,Clothing,53.6,53.6,West,Medium,Returned,248.09,
7590,Grocery,62.07,62.07,South,Low,Cancelled,136.61,6811
7591,Sports,13.14,13.14,North,Low,Cancelled,54.43,
7592,Clothing,21.12,21.12,East,Low,Cancelled,77.8,7541
7593,Furniture,2078.31,2078.31,South,High,Returned,4476.63,5815
7594,Furniture,546.69,546.69,West,High,Pending,1543.47,7374
7595,Grocery,29.76,29.76,Central,High,Returned,125.55,5241
7596,Books,33.89,33.89,North,High,Pending,134.13,2067
7597,Electronics,1511.89,1511.89,North,Low,Completed,3829.58,2736
7598,Books,33.86,33.86,East,Low,Pending,67.89,
7599,Beauty,106.77,106.77,East,Low,Cancelled,528.88,
7600,Books,32.05,32.05,East,Low,Returned,109.92,3992
7601,Clothing,67.79,67.79,Central,Medium,Cancelled,101.55,2011
7602,Toys,116.12,116.12,East,Low,Cancelled,131.54,7983
7603,Electronics,148.36,148.36,South,High,Returned,543.19,7913
7604,Beauty,132.09,132.09,West,Medium,Pending,273.4,2593
7605,Beauty,119.22,119.22,North,Medium,Completed,364.36,7377
7606,Books,57.9,57.9,Central,Medium,Completed,118.98,2908
7607,Clothing,171.06,171.06,West,Low,Returned,676.11,2477
7608,Grocery,90.87,90.87,West,Medium,Returned,77.21,6051
7609,Beauty,121.43,121.43,Central,Medium,Completed,213.15,5160
7610,Electronics,1102.7,1102.7,West,High,Pending,2352.22,8890
7611,Clothing,63.52,63.52,Central,High,Completed,209.71,2046
7612,Grocery,34.88,34.88,East,High,Cancelled,59.32,5721
7613,Clothing,41.27,41.27,West,Low,Pending,198.72,
7614,Books,26.56,26.56,North,Low,Completed,100.23,6426
7615,Toys,14.95,14.95,North,Low,Pending,13.77,3534
7616,Sports,440.02,440.02,East,Medium,Cancelled,1683.41,8307
7617,Clothing,132.67,132.67,North,Medium,Cancelled,182.14,8728
7618,Sports,152.21,152.21,Central,High,Completed,574.27,6248
7619,Grocery,39.3,39.3,North,Low,Cancelled,168.65,7299
7620,Toys,148.99,148.99,West,High,Completed,185.21,2272
7621,Toys,43.01,43.01,South,Medium,Returned,125.49,6203
7622,Books,19.74,19.74,Central,Low,Returned,43.09,4018
7623,Sports,179.87,179.87,West,High,Completed,405.55,5746
7624,Toys,130.01,130.01,South,Low,Completed,492.02,2443
7625,Clothing,90.96,90.96,Central,Medium,Pending,307.67,6349
7626,Sports,54.81,54.81,East,High,Completed,251.65,
7627,Beauty,42.4,42.4,Central,Low,Pending,56.02,1147
7628,Sports,464.99,464.99,West,High,Completed,1726.57,6372
7629,Beauty,139.21,139.21,East,Medium,Pending,692.93,5652
7630,Beauty,65.33,65.33,Central,High,Cancelled,281.31,7128
7631,Electronics,1180.13,1180.13,Central,High,Cancelled,3900.67,2001
7632,Books,25.69,25.69,South,Medium,Returned,103.01,6572
7633,Clothing,20.4,20.4,South,High,Returned,85.93,1012
7634,Grocery,29.08,29.08,West,Medium,Returned,90.89,8303
7635,Electronics,878.57,878.57,North,Low,Completed,4332.25,2087
7636,Electronics,966.2,966.2,Central,Low,Returned,2783.63,9637
7637,Books,24.32,24.32,West,High,Pending,45.83,2519
7638,Beauty,122.02,122.02,North,High,Pending,432.15,9066
7639,Electronics,702.38,702.38,South,Low,Cancelled,3032.72,5002
7640,Beauty,46.23,46.23,West,High,Returned,211.69,4418
7641,Grocery,51.71,51.71,West,Low,Pending,96.05,2045
7642,Books,12.53,12.53,North,Low,Returned,28.64,
7643,Toys,35.67,35.67,North,Medium,Cancelled,37.67,7975
7644,Books,10.5,10.5,West,Low,Pending,28.51,5038
7645,Furniture,207.05,207.05,South,Low,Pending,407.82,2496
7646,Beauty,73.69,73.69,South,Medium,Returned,133.89,5767
7647,Grocery,78.99,78.99,South,High,Pending,335.0,4890
7648,Sports,13.5,13.5,North,Medium,Pending,59.87,6963
7649,Clothing,,54.2,South,Low,Returned,218.62,8039
7650,Furniture,1065.44,1065.44,South,High,Completed,3857.0,6828
7651,Sports,381.7,381.7,South,Medium,Returned,363.15,3549
7652,Grocery,37.98,37.98,East,High,Returned,34.94,3529
7653,Clothing,157.42,157.42,East,Medium,Pending,613.84,2291
7654,Toys,53.06,53.06,South,High,Returned,201.69,5175
7655,Sports,133.08,133.08,East,Low,Pending,593.62,4002
7656,Electronics,967.1,967.1,North,Medium,Returned,1438.21,8977
7657,Furniture,2952.63,2952.63,East,Medium,Pending,8820.25,3044
7658,Sports,222.61,222.61,East,Low,Completed,1017.02,1448
7659,Furniture,2230.74,2230.74,West,High,Completed,6188.73,7022
7660,Clothing,111.3,111.3,West,Medium,Cancelled,460.88,6205
7661,Toys,104.64,104.64,North,Low,Pending,139.55,7839
7662,Toys,89.55,89.55,South,Medium,Pending,183.37,6881
7663,Electronics,1764.31,1764.31,Central,High,Cancelled,4978.18,6253
7664,Grocery,71.59,71.59,East,High,Returned,200.2,3959
7665,Grocery,64.77,64.77,North,Medium,Cancelled,201.0,6635
7666,Clothing,64.47,64.47,West,High,Returned,62.4,9245
7667,Books,54.13,54.13,Central,Medium,Completed,210.21,9673
7668,Electronics,478.48,478.48,West,Low,Cancelled,932.43,6724
7669,Books,16.64,16.64,North,High,Completed,28.9,9731
7670,Furniture,520.18,520.18,North,High,Completed,2284.32,2658
7671,Beauty,65.84,65.84,North,Low,Returned,109.89,1493
7672,Grocery,79.77,79.77,Central,Low,Pending,137.02,8160
7673,Books,56.26,56.26,Central,High,Completed,279.53,5643
7674,Beauty,,15.95,East,Low,Cancelled,15.25,1869
7675,Electronics,1106.46,1106.46,West,Medium,Completed,2346.96,5065
7676,Sports,86.27,86.27,South,High,Pending,208.51,6726
7677,Toys,87.27,87.27,East,Low,Pending,75.36,9585
7678,Books,7.83,7.83,South,Medium,Returned,26.03,1932
7679,Beauty,135.44,135.44,Central,High,Cancelled,214.39,1651
7680,Sports,214.77,214.77,South,Medium,Completed,611.0,1610
7681,Electronics,1713.92,1713.92,West,Medium,Pending,2309.33,6118
7682,Books,37.6,37.6,North,Medium,Cancelled,109.84,8920
7683,Furniture,892.02,892.02,South,Low,Returned,4124.44,7623
7684,Beauty,,71.07,South,Medium,Pending,188.87,8791
7685,Grocery,56.43,56.43,West,Medium,Completed,213.24,5110
7686,Sports,373.27,373.27,North,High,Pending,1852.8,3386
7687,Grocery,21.3,21.3,Central,Low,Returned,100.71,4607
7688,Toys,12.07,12.07,South,Low,Cancelled,43.93,6061
7689,Clothing,61.52,61.52,West,Medium,Cancelled,136.75,5515
7690,Clothing,105.24,105.24,Central,Low,Completed,323.65,9585
7691,Electronics,1192.96,1192.96,North,Medium,Returned,2382.98,2065
7692,Beauty,125.56,125.56,East,High,Cancelled,540.75,2086
7693,Grocery,76.88,76.88,East,High,Cancelled,70.6,
7694,Furniture,247.28,247.28,West,High,Returned,1100.48,3858
7695,Beauty,144.65,144.65,South,High,Pending,652.38,6549
7696,Furniture,1925.23,1925.23,South,Low,Pending,5671.37,8031
7697,Beauty,146.78,146.78,West,High,Cancelled,428.04,9530
7698,Furniture,799.84,799.84,Central,Low,Completed,3772.52,6187
7699,Electronics,895.04,895.04,Central,Medium,Returned,4388.0,9373
7700,Electronics,1365.31,1365.31,Central,Low,Cancelled,1505.07,2380
7701,Clothing,178.31,178.31,Central,Medium,Returned,889.69,8319
7702,Toys,61.7,61.7,West,Low,Pending,188.93,7370
7703,Clothing,21.55,21.55,West,Low,Completed,32.79,5211
7704,Clothing,99.52,99.52,East,Low,Pending,171.66,7706
7705,Grocery,49.29,49.29,North,Medium,Completed,147.45,6949
7706,Sports,424.92,424.92,South,Low,Pending,536.02,1768
7707,Electronics,507.54,507.54,East,Low,Returned,2256.34,5164
7708,Clothing,147.84,147.84,North,High,Completed,421.56,3410
7709,Electronics,1287.89,1287.89,Central,High,Completed,6203.35,1558
7710,Furniture,1786.13,1786.13,South,Medium,Pending,7411.44,
7711,Furniture,256.66,256.66,South,Low,Returned,276.77,5262
7712,Grocery,73.28,73.28,West,High,Pending,252.75,9002
7713,Clothing,170.47,170.47,South,High,Returned,837.51,1843
7714,Grocery,68.53,68.53,West,High,Completed,338.34,1352
7715,Grocery,73.24,73.24,North,Low,Completed,307.21,8520
7716,Sports,45.33,45.33,Central,High,Pending,193.63,5094
7717,Furniture,483.01,483.01,East,Medium,Pending,1728.42,4367
7718,Clothing,152.08,152.08,Central,High,Returned,235.16,5493
7719,Grocery,48.56,48.56,West,Medium,Returned,208.41,3471
7720,Clothing,140.92,140.92,West,High,Cancelled,145.3,5649
7721,Grocery,,10.08,North,High,Cancelled,45.13,7385
7722,Toys,51.63,51.63,South,High,Completed,189.39,2053
7723,Grocery,79.09,79.09,North,Medium,Completed,391.21,7677
7724,Books,18.61,18.61,Central,High,Pending,73.16,9490
7725,Furniture,2431.47,2431.47,South,High,Pending,9214.17,8200
7726,Electronics,1215.22,1215.22,East,High,Cancelled,6004.44,2087
7727,Beauty,13.7,13.7,East,Low,Completed,49.99,7129
7728,Books,59.8,59.8,Central,Low,Pending,264.09,9275
7729,Beauty,,22.87,North,Medium,Completed,102.28,1437
7730,Toys,116.67,116.67,North,High,Pending,528.03,3138
7731,Sports,70.07,70.07,North,Medium,Completed,70.34,7387
7732,Beauty,43.78,43.78,Central,Medium,Returned,129.03,4184
7733,Clothing,92.79,92.79,Central,High,Cancelled,286.16,8236
7734,Toys,88.55,88.55,West,Medium,Returned,101.85,6239
7735,Books,27.55,27.55,West,Medium,Pending,39.7,7424
7736,Sports,124.03,124.03,North,Medium,Returned,100.24,3613
7737,Sports,109.08,109.08,Central,High,Returned,159.41,9395
7738,Grocery,26.66,26.66,East,High,Completed,71.77,2807
7739,Electronics,181.53,181.53,Central,Medium,Pending,710.89,3994
7740,Toys,119.43,119.43,South,Medium,Returned,480.4,4833
7741,Electronics,420.36,420.36,Central,Medium,Pending,1817.38,9838
7742,Books,40.44,40.44,North,Medium,Pending,167.03,2358
7743,Electronics,1826.65,1826.65,Central,Medium,Returned,6834.89,9448
7744,Sports,356.68,356.68,Central,Low,Returned,376.38,5699
7745,Grocery,89.17,89.17,West,High,Cancelled,211.5,3566
7746,Electronics,1778.97,1778.97,East,Low,Pending,4524.02,9598
7747,Electronics,1130.35,1130.35,South,Medium,Pending,4901.18,2676
7748,Beauty,75.91,75.91,North,High,Cancelled,355.34,2262
7749,Clothing,80.35,80.35,Central,High,Pending,301.38,8284
7750,Furniture,2696.29,2696.29,North,Medium,Pending,7781.55,5563
7751,Beauty,140.03,140.03,Central,Medium,Returned,264.92,
7752,Clothing,92.03,92.03,South,Medium,Pending,241.76,6972
7753,Books,43.04,43.04,East,Medium,Returned,195.38,2816
7754,Grocery,84.14,84.14,North,Medium,Returned,364.07,6667
7755,Furniture,241.05,241.05,North,Medium,Cancelled,394.52,4341
7756,Beauty,27.89,27.89,North,Medium,Cancelled,93.3,6766
7757,Grocery,30.03,30.03,East,Medium,Pending,55.17,1206
7758,Clothing,151.34,151.34,West,High,Returned,454.84,3001
7759,Sports,265.86,265.86,South,Low,Pending,864.97,6628
7760,Toys,32.69,32.69,West,Low,Completed,44.5,1907
7761,Furniture,2297.95,2297.95,North,Medium,Returned,9396.09,2517
7762,Furniture,2452.21,2452.21,West,High,Pending,4362.99,2668
7763,Books,7.85,7.85,South,High,Pending,16.33,
7764,Books,58.2,58.2,Central,Low,Pending,277.27,9913
7765,Furniture,804.87,804.87,West,Low,Returned,1335.13,6348
7766,Electronics,686.28,686.28,South,Low,Cancelled,2187.62,5638
7767,Electronics,680.76,680.76,North,Medium,Cancelled,1718.41,5931
7768,Grocery,84.87,84.87,West,High,Completed,81.16,5801
7769,Beauty,10.53,10.53,West,High,Cancelled,45.34,1734
7770,Toys,139.4,139.4,Central,High,Pending,474.83,5425
7771,Beauty,66.19,66.19,West,Medium,Pending,194.82,8346
7772,Electronics,271.27,271.27,South,Medium,Returned,1197.93,2777
7773,Clothing,150.1,150.1,West,High,Cancelled,407.05,8336
7774,Furniture,389.11,389.11,South,Medium,Completed,1909.58,3721
7775,Grocery,90.84,90.84,Central,Medium,Completed,453.96,
7776,Grocery,14.58,14.58,South,Low,Returned,49.4,2114
7777,Sports,222.35,222.35,West,High,Cancelled,252.41,6273
7778,Beauty,28.12,28.12,West,Low,Cancelled,110.13,5192
7779,Books,43.38,43.38,West,Low,Completed,148.74,6722
7780,Furniture,2216.37,2216.37,East,High,Cancelled,6398.58,3993
7781,Furniture,220.64,220.64,North,Medium,Pending,426.98,2171
7782,Furniture,,1810.32,West,Low,Pending,4399.8,6281
7783,Furniture,2223.19,2223.19,South,Medium,Completed,5893.72,1480
7784,Grocery,49.12,49.12,South,Medium,Pending,138.68,3642
7785,Grocery,91.25,91.25,Central,Medium,Completed,431.32,7231
7786,Clothing,46.64,46.64,South,Medium,Completed,191.37,1477
7787,Books,13.44,13.44,East,High,Pending,28.48,9768
7788,Furniture,1162.66,1162.66,North,Low,Pending,5231.49,6539
7789,Beauty,94.65,94.65,East,Medium,Cancelled,84.91,8989
7790,Toys,36.99,36.99,South,High,Returned,140.03,2805
7791,Electronics,1373.31,1373.31,East,Medium,Completed,3439.5,4877
7792,Electronics,400.02,400.02,North,High,Returned,1222.78,6685
7793,Grocery,20.49,20.49,South,High,Cancelled,30.14,8617
7794,Electronics,560.14,560.14,East,Low,Cancelled,562.39,7610
7795,Beauty,24.98,24.98,Central,Low,Pending,34.75,1360
7796,Books,54.22,54.22,West,Medium,Pending,58.15,3621
7797,Sports,306.92,306.92,West,Medium,Pending,373.18,2901
7798,Grocery,4.64,4.64,East,Low,Pending,16.0,8703
7799,Sports,76.64,76.64,Central,High,Returned,247.62,4144
7800,Toys,85.67,85.67,East,Low,Completed,245.7,9237
7801,Electronics,282.71,282.71,North,Medium,Returned,639.56,6698
7802,Electronics,479.84,479.84,West,Low,Completed,1104.72,8018
7803,Toys,110.34,110.34,Central,Low,Returned,347.83,1425
7804,Electronics,,460.08,Central,Low,Completed,1724.63,1943
7805,Toys,69.24,69.24,Central,Medium,Cancelled,309.58,1618
7806,Books,53.61,53.61,West,High,Completed,249.31,1443
7807,Toys,130.12,130.12,North,Low,Cancelled,408.79,7680
7808,Electronics,1440.64,1440.64,South,High,Returned,2555.92,4613
7809,Grocery,18.46,18.46,West,High,Cancelled,84.05,8965
7810,Sports,426.47,426.47,East,High,Pending,1249.31,5614
7811,Beauty,49.53,49.53,South,Low,Cancelled,238.92,6796
7812,Books,18.08,18.08,South,Medium,Completed,47.54,5136
7813,Clothing,45.88,45.88,North,Medium,Cancelled,204.68,8945
7814,Grocery,,69.63,South,High,Completed,281.57,8419
7815,Electronics,1331.75,1331.75,South,Low,Returned,5514.42,8107
7816,Electronics,162.89,162.89,North,Medium,Completed,151.18,5706
7817,Clothing,176.99,176.99,West,Low,Returned,493.9,6525
7818,Furniture,2691.91,2691.91,West,High,Returned,7473.35,5841
7819,Grocery,13.4,13.4,West,High,Pending,39.69,1316
7820,Toys,107.11,107.11,Central,High,Returned,520.2,4067
7821,Furniture,1707.63,1707.63,Central,Medium,Completed,5535.23,1877
7822,Clothing,182.78,182.78,East,Low,Pending,694.24,4259
7823,Beauty,129.74,129.74,East,High,Completed,198.22,7334
7824,Grocery,57.03,57.03,North,High,Returned,256.66,8724
7825,Electronics,525.73,525.73,South,Low,Completed,1900.38,8002
7826,Toys,89.38,89.38,West,Low,Cancelled,240.61,9509
7827,Beauty,26.42,26.42,North,Low,Completed,29.5,9883
7828,Books,57.8,57.8,East,Medium,Cancelled,115.78,1374
7829,Furniture,2698.1,2698.1,West,High,Returned,11406.56,1365
7830,Beauty,93.81,93.81,Central,Medium,Pending,167.52,7497
7831,Grocery,21.48,21.48,West,Medium,Pending,100.78,1821
7832,Beauty,29.16,29.16,Central,High,Completed,131.17,9203
7833,Books,14.53,14.53,North,Low,Returned,20.29,6867
7834,Sports,114.73,114.73,Central,Medium,Cancelled,181.35,5785
7835,Electronics,1200.62,1200.62,South,Medium,Pending,2907.75,3560
7836,Sports,118.6,118.6,East,Medium,Pending,98.07,1298
7837,Books,59.79,59.79,Central,Low,Returned,50.56,8429
7838,Beauty,118.79,118.79,West,Medium,Cancelled,415.34,9803
7839,Electronics,1589.59,1589.59,East,Low,Returned,6826.09,
7840,Clothing,,97.02,East,Medium,Completed,147.69,3198
7841,Grocery,21.76,21.76,West,Low,Cancelled,89.61,
7842,Electronics,1835.78,1835.78,West,Low,Returned,8851.84,6718
7843,Clothing,141.25,141.25,East,Low,Cancelled,388.0,7228
7844,Grocery,24.72,24.72,Central,Medium,Returned,89.67,8003
7845,Clothing,44.54,44.54,East,Medium,Returned,128.62,5138
7846,Electronics,542.5,542.5,North,Medium,Pending,1229.1,3036
7847,Clothing,75.92,75.92,East,High,Pending,205.86,4105
7848,Sports,80.45,80.45,North,Low,Cancelled,210.82,4584
7849,Furniture,1712.84,1712.84,North,High,Returned,5401.75,3569
7850,Sports,108.86,108.86,North,Medium,Completed,191.57,1557
7851,Furniture,2098.8,2098.8,Central,Medium,Completed,4321.5,1258
7852,Clothing,24.06,24.06,West,Medium,Returned,42.5,6231
7853,Grocery,68.32,68.32,East,Medium,Returned,89.67,9707
7854,Toys,89.7,89.7,West,High,Cancelled,75.42,2228
7855,Electronics,745.12,745.12,South,Medium,Completed,2682.9,7756
7856,Beauty,80.81,80.81,North,Low,Returned,322.75,6789
7857,Furniture,806.07,806.07,South,High,Completed,799.59,5941
7858,Beauty,62.99,62.99,North,High,Returned,167.74,7020
7859,Furniture,783.89,783.89,North,Medium,Cancelled,925.07,7051
7860,Beauty,123.36,123.36,Central,High,Pending,335.76,4231
7861,Books,14.02,14.02,South,High,Returned,69.34,6115
7862,Sports,254.31,254.31,North,Medium,Returned,581.34,1709
7863,Clothing,198.89,198.89,Central,High,Returned,186.28,2972
7864,Sports,106.12,106.12,North,High,Completed,321.07,7086
7865,Furniture,1095.07,1095.07,South,Medium,Completed,1084.35,7693
7866,Electronics,1042.18,1042.18,Central,Low,Cancelled,1208.26,3298
7867,Toys,122.61,122.61,East,Medium,Returned,243.09,6893
7868,Beauty,89.0,89.0,North,Low,Pending,284.76,9832
7869,Books,15.8,15.8,South,Medium,Returned,21.0,6682
7870,Clothing,98.52,98.52,West,High,Completed,303.87,3941
7871,Beauty,80.16,80.16,Central,Low,Cancelled,202.97,7297
7872,Beauty,106.78,106.78,Central,Low,Cancelled,257.2,1533
7873,Books,45.64,45.64,West,Medium,Cancelled,63.93,4576
7874,Toys,81.23,81.23,West,Low,Cancelled,405.94,9541
7875,Electronics,293.7,293.7,North,Low,Completed,858.72,3272
7876,Sports,462.28,462.28,North,High,Pending,1944.72,9756
7877,Furniture,1034.02,1034.02,East,Low,Returned,4179.07,9731
7878,Furniture,1104.61,1104.61,South,Low,Returned,2017.09,9829
7879,Grocery,45.31,45.31,North,Medium,Returned,43.1,1073
7880,Clothing,176.24,176.24,Central,High,Returned,860.29,9826
7881,Electronics,1237.63,1237.63,West,Low,Completed,5081.64,4891
7882,Grocery,26.02,26.02,West,Medium,Pending,64.51,5187
7883,Electronics,209.81,209.81,West,High,Completed,229.29,1370
7884,Grocery,87.39,87.39,North,Medium,Pending,420.25,2565
7885,Furniture,2994.62,2994.62,West,High,Pending,14801.86,1257
7886,Books,34.65,34.65,East,Medium,Pending,64.04,8034
7887,Grocery,27.26,27.26,Central,Low,Returned,133.75,4653
7888,Electronics,1743.53,1743.53,South,Low,Returned,4493.34,2378
7889,Grocery,16.52,16.52,North,High,Pending,70.4,1903
7890,Sports,20.46,20.46,South,High,Cancelled,22.07,5078
7891,Sports,65.15,65.15,South,High,Completed,202.07,5582
7892,Beauty,55.93,55.93,East,High,Pending,226.29,8198
7893,Grocery,36.11,36.11,West,Medium,Completed,62.96,4606
7894,Beauty,123.54,123.54,North,Low,Completed,557.47,6063
7895,Sports,163.03,163.03,Central,High,Completed,355.72,4630
7896,Books,35.83,35.83,South,Low,Pending,151.04,1641
7897,Electronics,280.33,280.33,North,Low,Cancelled,992.07,4636
7898,Sports,156.83,156.83,North,High,Completed,629.2,2113
7899,Furniture,923.64,923.64,North,Medium,Completed,2228.3,3371
7900,Clothing,137.81,137.81,East,Medium,Pending,687.85,4470
7901,Toys,128.11,128.11,Central,Low,Returned,369.45,6545
7902,Furniture,1689.37,1689.37,Central,Low,Returned,6371.55,4410
7903,Toys,98.78,98.78,Central,High,Pending,124.1,9275
7904,Grocery,88.62,88.62,South,Low,Returned,285.46,7090
7905,Furniture,2909.87,2909.87,North,Medium,Returned,7291.94,
7906,Beauty,37.51,37.51,South,Medium,Returned,79.98,3891
7907,Electronics,779.76,779.76,North,High,Returned,1011.77,5403
7908,Sports,470.21,470.21,East,High,Completed,2233.76,6596
7909,Electronics,140.63,140.63,Central,Low,Returned,212.67,7856
7910,Grocery,46.07,46.07,West,Medium,Pending,200.91,5008
7911,Books,51.0,51.0,West,Low,Pending,91.13,4032
7912,Toys,120.27,120.27,South,Low,Cancelled,369.41,6175
7913,Beauty,114.35,114.35,East,High,Cancelled,294.81,7204
7914,Furniture,2745.71,2745.71,West,High,Pending,4326.96,9379
7915,Toys,102.3,102.3,West,Low,Cancelled,127.0,9091
7916,Grocery,44.19,44.19,East,High,Pending,198.0,9672
7917,Grocery,86.32,86.32,South,Low,Completed,309.39,3441
7918,Electronics,72.59,72.59,Central,Low,Completed,146.45,9967
7919,Electronics,1107.41,1107.41,East,High,Cancelled,2640.09,8267
7920,Books,40.76,40.76,North,Medium,Completed,75.27,2984
7921,Beauty,139.24,139.24,Central,Low,Completed,365.52,7920
7922,Sports,309.58,309.58,South,High,Pending,1388.13,9685
7923,Toys,49.16,49.16,North,High,Returned,156.59,6192
7924,Toys,91.12,91.12,West,High,Completed,241.7,
7925,Toys,98.33,98.33,North,Medium,Pending,238.14,6487
7926,Clothing,140.61,140.61,Central,High,Completed,652.52,2551
7927,Clothing,142.94,142.94,North,Medium,Completed,663.42,2776
7928,Electronics,1979.19,1979.19,South,Medium,Completed,5459.95,6761
7929,Clothing,89.98,89.98,North,Low,Returned,180.8,1843
7930,Books,35.32,35.32,East,Medium,Cancelled,43.54,9234
7931,Grocery,99.3,99.3,South,Low,Cancelled,410.29,9917
7932,Clothing,30.93,30.93,West,Medium,Returned,45.83,5036
7933,Grocery,32.93,32.93,West,Medium,Cancelled,112.35,4586
7934,Furniture,2753.72,2753.72,Central,High,Pending,5159.64,4064
7935,Furniture,1690.09,1690.09,West,High,Returned,5547.5,8194
7936,Books,28.78,28.78,Central,Low,Pending,113.73,3976
7937,Toys,98.76,98.76,Central,High,Returned,135.51,8250
7938,Books,51.31,51.31,North,Medium,Cancelled,131.19,7918
7939,Grocery,12.19,12.19,North,Medium,Pending,41.29,5515
7940,Toys,72.44,72.44,West,High,Cancelled,165.83,7386
7941,Beauty,50.32,50.32,East,Low,Pending,182.8,7512
7942,Furniture,1889.31,1889.31,West,High,Completed,3986.39,2856
7943,Books,57.43,57.43,Central,Low,Returned,165.51,5236
7944,Toys,52.6,52.6,Central,Medium,Completed,100.28,8443
7945,Beauty,123.59,123.59,Central,Medium,Completed,529.4,7233
7946,Toys,124.26,124.26,South,Medium,Pending,610.61,3855
7947,Grocery,99.43,99.43,West,High,Completed,215.51,2953
7948,Sports,146.72,146.72,South,High,Returned,174.23,2252
7949,Beauty,147.28,147.28,Central,High,Cancelled,331.36,8323
7950,Clothing,,108.28,East,Medium,Returned,109.74,7815
7951,Beauty,144.51,144.51,North,Low,Pending,607.68,3117
7952,Electronics,1641.97,1641.97,South,High,Returned,7224.32,
7953,Beauty,64.18,64.18,South,Medium,Completed,301.0,3887
7954,Sports,,129.91,Central,Medium,Returned,599.25,5911
7955,Electronics,907.97,907.97,East,Low,Completed,4391.45,7806
7956,Grocery,93.29,93.29,South,Low,Completed,127.53,4570
7957,Clothing,153.69,153.69,East,Low,Pending,560.46,5339
7958,Furniture,1486.75,1486.75,West,High,Cancelled,2054.66,2324
7959,Toys,8.63,8.63,North,Low,Cancelled,26.7,7057
7960,Furniture,411.71,411.71,West,High,Cancelled,1385.73,8638
7961,Books,15.5,15.5,West,Low,Pending,24.12,6650
7962,Sports,413.97,413.97,Central,High,Pending,572.08,2068
7963,Beauty,17.63,17.63,North,Low,Pending,24.69,9936
7964,Clothing,117.43,117.43,South,Medium,Returned,319.57,5060
7965,Furniture,1213.59,1213.59,South,Medium,Cancelled,2709.85,9913
7966,Sports,249.17,249.17,North,High,Pending,984.87,2713
7967,Clothing,126.3,126.3,West,Low,Returned,457.25,9536
7968,Furniture,2675.63,2675.63,West,High,Pending,12313.42,8316
7969,Electronics,1988.3,1988.3,Central,Medium,Returned,5398.96,9724
7970,Toys,146.76,146.76,Central,Medium,Completed,395.08,3292
7971,Furniture,1354.13,1354.13,North,Low,Cancelled,6029.72,7343
7972,Furniture,,510.24,East,Medium,Returned,560.92,2490
7973,Grocery,64.71,64.71,West,Low,Returned,103.21,5262
7974,Clothing,168.85,168.85,East,Low,Pending,592.19,6226
7975,Clothing,32.44,32.44,Central,High,Pending,26.81,2509
7976,Books,39.7,39.7,North,Low,Completed,126.7,3558
7977,Toys,139.04,139.04,North,Low,Cancelled,545.29,8775
7978,Furniture,134.86,134.86,North,Medium,Cancelled,374.58,4088
7979,Electronics,251.64,251.64,Central,Medium,Cancelled,643.6,5105
7980,Books,,20.85,East,High,Returned,16.75,9299
7981,Clothing,152.99,152.99,North,Low,Cancelled,562.09,8740
7982,Grocery,64.02,64.02,South,High,Pending,112.21,7752
7983,Beauty,20.53,20.53,West,High,Returned,32.77,4984
7984,Electronics,1335.08,1335.08,West,Medium,Cancelled,4603.63,2630
7985,Toys,72.31,72.31,West,Medium,Cancelled,115.87,1384
7986,Beauty,144.31,144.31,North,Low,Cancelled,522.21,3532
7987,Electronics,1545.39,1545.39,South,High,Cancelled,6179.06,1970
7988,Furniture,2916.37,2916.37,Central,Low,Completed,12206.97,4920
7989,Beauty,19.97,19.97,East,Low,Pending,47.83,1586
7990,Electronics,1468.96,1468.96,West,Low,Returned,3248.73,3374
7991,Grocery,81.69,81.69,North,Medium,Returned,234.78,9206
7992,Clothing,107.2,107.2,North,Low,Completed,265.33,8058
7993,Toys,23.18,23.18,West,High,Pending,61.09,2550
7994,Furniture,1018.43,1018.43,West,Medium,Returned,1508.3,9068
7995,Clothing,134.87,134.87,East,Low,Completed,517.88,7226
7996,Grocery,81.12,81.12,Central,High,Pending,198.8,1949
7997,Toys,64.04,64.04,West,Low,Returned,74.82,5562
7998,Clothing,108.6,108.6,West,High,Cancelled,490.06,2426
7999,Grocery,59.43,59.43,West,High,Pending,84.27,
8000,Grocery,61.46,61.46,Central,High,Completed,104.02,3472
