"Customer Name",TotalSales,SalesRank
"Sanjit Engle",805823.0179999958,1
"Clay Ludtke",783400.1519999958,2
"Sanjit Chand",763686.3059999973,3
"Ken Lonsdale",759883.652999995,4
"Sean Miller",751291.9999999987,5
