"Customer ID",TotalSales
SM-20320,150258.40000000008
TC-20980,114107.09799999998
RB-19360,90704.08899999998
